{"type":"FeatureCollection","features":[{"type":"Feature","properties":{"dong":"안양1동","gu":"만안구","adm_nm":"경기도 안양시만안구 안양1동","adm_cd":"31041510"},"geometry":{"type":"Polygon","coordinates":[[[126.924393,37.403668],[126.92429,37.403742],[126.924239,37.403779],[126.924147,37.403845],[126.923963,37.403961],[126.923713,37.404131],[126.923166,37.404504],[126.923106,37.404545],[126.92282,37.404772],[126.922756,37.404832],[126.922721,37.404865],[126.922711,37.404862],[126.922708,37.404862],[126.922582,37.404829],[126.92247,37.404771],[126.922412,37.404742],[126.922389,37.404709],[126.922374,37.404687],[126.922304,37.40456],[126.922288,37.404533],[126.922257,37.404477],[126.922226,37.404422],[126.922217,37.404405],[126.921701,37.403855],[126.921704,37.403851],[126.921841,37.403657],[126.921777,37.40363],[126.921763,37.403624],[126.921712,37.403602],[126.921691,37.403594],[126.921669,37.403584],[126.921425,37.403877],[126.921389,37.403852],[126.921386,37.40385],[126.921238,37.403748],[126.921236,37.403747],[126.921215,37.403733],[126.921193,37.403718],[126.921191,37.403716],[126.921191,37.403716],[126.921182,37.40371],[126.921152,37.403689],[126.921094,37.40365],[126.920997,37.403583],[126.920979,37.403571],[126.920947,37.403549],[126.920947,37.403548],[126.920955,37.403529],[126.920962,37.40351],[126.920974,37.403476],[126.92099,37.403433],[126.920991,37.403422],[126.920997,37.40329],[126.920941,37.403147],[126.920757,37.40297],[126.920751,37.402965],[126.920739,37.402954],[126.920735,37.40295],[126.920733,37.402948],[126.920733,37.402948],[126.920726,37.402941],[126.920699,37.402916],[126.920665,37.402866],[126.920653,37.402847],[126.920647,37.402799],[126.920635,37.402702],[126.920615,37.402541],[126.920612,37.402516],[126.920599,37.402413],[126.920616,37.402159],[126.920647,37.401652],[126.92065,37.40146],[126.92064,37.401401],[126.920623,37.401307],[126.920582,37.401227],[126.92055,37.401166],[126.920493,37.401082],[126.920483,37.401068],[126.920469,37.401054],[126.920465,37.401051],[126.920163,37.400756],[126.919991,37.400608],[126.919945,37.400567],[126.919876,37.400507],[126.92,37.400363],[126.920001,37.400361],[126.920008,37.400353],[126.920297,37.400013],[126.920305,37.400003],[126.920988,37.3992],[126.92099,37.399198],[126.921278,37.398859],[126.921301,37.398832],[126.921307,37.398824],[126.921438,37.39867],[126.921694,37.398369],[126.921718,37.398341],[126.921719,37.39834],[126.921751,37.398303],[126.922163,37.397816],[126.922177,37.397799],[126.922461,37.39747],[126.922481,37.397446],[126.922485,37.397442],[126.92249,37.397436],[126.922512,37.39741],[126.922521,37.397399],[126.92292,37.396934],[126.923194,37.396599],[126.923211,37.396578],[126.923324,37.396454],[126.923324,37.396454],[126.92358,37.396171],[126.923583,37.396168],[126.923752,37.395982],[126.923914,37.395803],[126.923923,37.395793],[126.923933,37.395781],[126.923935,37.395779],[126.923946,37.395766],[126.923953,37.395758],[126.924566,37.395056],[126.92457,37.39505],[126.924577,37.395043],[126.924611,37.395004],[126.925048,37.394475],[126.925289,37.394227],[126.925303,37.394234],[126.925849,37.394509],[126.925875,37.394522],[126.925883,37.394526],[126.925965,37.394567],[126.926148,37.394657],[126.926629,37.394922],[126.927032,37.395129],[126.927038,37.395132],[126.927042,37.395134],[126.927133,37.395181],[126.927288,37.39526],[126.927906,37.395577],[126.92801,37.395632],[126.928015,37.395634],[126.928047,37.395651],[126.928059,37.395657],[126.928105,37.395681],[126.928244,37.395754],[126.928266,37.395738],[126.928269,37.395735],[126.928297,37.39575],[126.928316,37.39576],[126.928343,37.395775],[126.928404,37.395808],[126.928486,37.395851],[126.92879,37.396014],[126.929021,37.396137],[126.929099,37.396179],[126.929259,37.396264],[126.929286,37.396279],[126.929309,37.396291],[126.92968,37.39649],[126.929774,37.39654],[126.929955,37.396636],[126.930101,37.396714],[126.930104,37.396716],[126.930391,37.396869],[126.930948,37.397167],[126.931463,37.397442],[126.931295,37.397557],[126.931246,37.397614],[126.931089,37.397795],[126.931053,37.397836],[126.930985,37.397915],[126.930845,37.398076],[126.93084,37.398082],[126.930838,37.398084],[126.930587,37.398373],[126.930586,37.398374],[126.930455,37.398525],[126.930342,37.398655],[126.930317,37.39868],[126.930246,37.398749],[126.929971,37.399019],[126.929834,37.399154],[126.929642,37.399341],[126.929552,37.399429],[126.929312,37.399626],[126.92924,37.399686],[126.929232,37.399693],[126.929233,37.39974],[126.929246,37.399816],[126.929265,37.39993],[126.929174,37.399993],[126.929142,37.400022],[126.929063,37.400097],[126.928902,37.400216],[126.928756,37.400318],[126.928658,37.400387],[126.928467,37.400521],[126.928236,37.400684],[126.927892,37.400966],[126.927781,37.401092],[126.927778,37.401092],[126.927564,37.401087],[126.927474,37.401144],[126.927337,37.401252],[126.927238,37.401312],[126.927159,37.401353],[126.927157,37.401354],[126.926992,37.401446],[126.92694,37.401476],[126.926862,37.401504],[126.926736,37.401583],[126.92635,37.401825],[126.926323,37.401954],[126.926336,37.401989],[126.926374,37.402104],[126.926359,37.402161],[126.926397,37.402226],[126.926403,37.402243],[126.926295,37.402284],[126.926238,37.402398],[126.92612,37.402501],[126.926044,37.402529],[126.925949,37.402599],[126.925846,37.40265],[126.92573,37.402688],[126.92567,37.402777],[126.925556,37.402861],[126.925424,37.402981],[126.925391,37.403011],[126.925327,37.403068],[126.925238,37.403148],[126.925107,37.403269],[126.925085,37.403282],[126.925011,37.403328],[126.92494,37.403447],[126.924839,37.403518],[126.92479,37.403553],[126.924684,37.403627],[126.924609,37.403595],[126.924512,37.403583],[126.924393,37.403668]]]}},{"type":"Feature","properties":{"dong":"안양2동","gu":"만안구","adm_nm":"경기도 안양시만안구 안양2동","adm_cd":"31041520"},"geometry":{"type":"Polygon","coordinates":[[[126.919736,37.417517],[126.919682,37.417671],[126.91964,37.41779],[126.919715,37.417809],[126.919857,37.417844],[126.920122,37.418055],[126.920237,37.418146],[126.920264,37.4182],[126.920297,37.418226],[126.92038,37.418291],[126.920395,37.418323],[126.920489,37.418407],[126.920495,37.418412],[126.920694,37.418428],[126.920903,37.418444],[126.920805,37.41852],[126.920656,37.418634],[126.920564,37.418704],[126.920558,37.418709],[126.919984,37.418679],[126.919853,37.418672],[126.919657,37.418662],[126.919625,37.41866],[126.919608,37.418659],[126.919497,37.418617],[126.919346,37.418559],[126.919283,37.418535],[126.919204,37.418506],[126.919197,37.418504],[126.919144,37.418488],[126.919009,37.41844],[126.918896,37.418399],[126.918325,37.418018],[126.91818,37.417903],[126.918122,37.417859],[126.917952,37.417725],[126.917943,37.417686],[126.917932,37.417638],[126.917927,37.417619],[126.917849,37.417545],[126.917834,37.417531],[126.917734,37.417436],[126.91768,37.417385],[126.917471,37.417271],[126.91735,37.417206],[126.917223,37.417137],[126.916958,37.416993],[126.916833,37.416948],[126.916829,37.416947],[126.916776,37.416927],[126.916754,37.416919],[126.916683,37.416893],[126.916555,37.41688],[126.916552,37.416879],[126.916513,37.416875],[126.916502,37.416874],[126.916327,37.416827],[126.916244,37.416805],[126.916235,37.416774],[126.916092,37.416667],[126.915865,37.416498],[126.915855,37.416481],[126.915813,37.416414],[126.915801,37.416395],[126.91578,37.416296],[126.915761,37.416209],[126.915776,37.416095],[126.915785,37.416022],[126.915794,37.415949],[126.915795,37.415945],[126.915846,37.415849],[126.915848,37.415845],[126.91586,37.415824],[126.915824,37.415548],[126.915815,37.415479],[126.915812,37.41546],[126.915761,37.415086],[126.915747,37.415027],[126.915698,37.414824],[126.915654,37.414644],[126.915634,37.414562],[126.915624,37.41452],[126.915606,37.414503],[126.915461,37.414372],[126.915405,37.414321],[126.915305,37.414262],[126.915181,37.41419],[126.914952,37.414057],[126.914911,37.414033],[126.914856,37.413997],[126.914571,37.413811],[126.91454,37.41379],[126.914392,37.413656],[126.914304,37.413596],[126.914301,37.413594],[126.914207,37.413531],[126.914138,37.413484],[126.914018,37.413417],[126.913981,37.413384],[126.913871,37.413289],[126.913825,37.413256],[126.913788,37.41323],[126.913752,37.413193],[126.913678,37.41316],[126.913652,37.413149],[126.91364,37.413144],[126.913545,37.413101],[126.913459,37.413062],[126.913246,37.412964],[126.913199,37.412942],[126.913174,37.41293],[126.913173,37.412921],[126.913154,37.412683],[126.913153,37.412677],[126.913137,37.412483],[126.913136,37.412471],[126.913112,37.412177],[126.913048,37.411391],[126.913001,37.410818],[126.913001,37.410817],[126.912922,37.409841],[126.912912,37.40972],[126.912863,37.409123],[126.912863,37.409121],[126.912856,37.409035],[126.91226,37.408883],[126.912236,37.408877],[126.912216,37.408871],[126.912019,37.408821],[126.9117,37.40874],[126.911676,37.408733],[126.911391,37.40866],[126.911004,37.408561],[126.911003,37.408561],[126.910853,37.408523],[126.910854,37.40852],[126.911042,37.408209],[126.911129,37.408062],[126.911192,37.407958],[126.911203,37.40794],[126.911278,37.407814],[126.911401,37.407611],[126.911576,37.40732],[126.911577,37.407318],[126.911579,37.407316],[126.911581,37.407312],[126.911816,37.406922],[126.911821,37.406914],[126.911822,37.406912],[126.911822,37.406911],[126.911823,37.40691],[126.911827,37.406903],[126.911972,37.406662],[126.912099,37.406452],[126.912102,37.406447],[126.912107,37.406438],[126.912387,37.405974],[126.912388,37.405972],[126.912388,37.405971],[126.912391,37.405966],[126.912395,37.40596],[126.912621,37.405584],[126.912623,37.405581],[126.912628,37.405572],[126.912747,37.405375],[126.912827,37.405242],[126.912833,37.405233],[126.912834,37.405231],[126.91284,37.405221],[126.912907,37.405109],[126.91305,37.404857],[126.913054,37.404849],[126.913055,37.404849],[126.913057,37.404844],[126.913064,37.404833],[126.913249,37.404524],[126.913262,37.404502],[126.913268,37.404492],[126.913271,37.40448],[126.913288,37.404407],[126.913297,37.404161],[126.913297,37.404159],[126.913298,37.404144],[126.913299,37.404094],[126.9133,37.404089],[126.913302,37.404015],[126.913311,37.40383],[126.913311,37.403825],[126.913311,37.40382],[126.913312,37.403807],[126.913318,37.403663],[126.91332,37.403626],[126.913327,37.403483],[126.913328,37.403478],[126.913328,37.403476],[126.913336,37.403322],[126.913337,37.403263],[126.91334,37.403127],[126.91334,37.403114],[126.91334,37.40311],[126.913347,37.402841],[126.913355,37.402632],[126.913356,37.402621],[126.914231,37.40264],[126.914289,37.402641],[126.914573,37.402647],[126.914605,37.402648],[126.914623,37.402648],[126.914815,37.402652],[126.914819,37.402653],[126.91482,37.402653],[126.914895,37.402654],[126.915758,37.402677],[126.915898,37.402681],[126.915947,37.402682],[126.916944,37.402704],[126.917046,37.402706],[126.917065,37.402707],[126.917881,37.402725],[126.918062,37.402721],[126.918068,37.402709],[126.918119,37.402619],[126.918427,37.402241],[126.918435,37.402231],[126.91844,37.402225],[126.918647,37.401972],[126.918649,37.401968],[126.918656,37.40196],[126.919118,37.401393],[126.91915,37.401355],[126.919156,37.401349],[126.919264,37.401222],[126.919286,37.401197],[126.919517,37.400927],[126.919562,37.400875],[126.919654,37.400766],[126.919681,37.400734],[126.919692,37.400722],[126.919738,37.400668],[126.919875,37.400508],[126.919876,37.400507],[126.919945,37.400567],[126.919991,37.400608],[126.920163,37.400756],[126.920465,37.401051],[126.920469,37.401054],[126.920483,37.401068],[126.920493,37.401082],[126.92055,37.401166],[126.920582,37.401227],[126.920623,37.401307],[126.92064,37.401401],[126.92065,37.40146],[126.920647,37.401652],[126.920616,37.402159],[126.920599,37.402413],[126.920612,37.402516],[126.920615,37.402541],[126.920635,37.402702],[126.920647,37.402799],[126.920653,37.402847],[126.920665,37.402866],[126.920699,37.402916],[126.920726,37.402941],[126.920733,37.402948],[126.920733,37.402948],[126.920735,37.40295],[126.920739,37.402954],[126.920751,37.402965],[126.920757,37.40297],[126.920941,37.403147],[126.920997,37.40329],[126.920991,37.403422],[126.92099,37.403433],[126.920974,37.403476],[126.920962,37.40351],[126.920955,37.403529],[126.920947,37.403548],[126.920947,37.403549],[126.920979,37.403571],[126.920997,37.403583],[126.921094,37.40365],[126.921152,37.403689],[126.921182,37.40371],[126.921191,37.403716],[126.921191,37.403716],[126.921193,37.403718],[126.921215,37.403733],[126.921236,37.403747],[126.921238,37.403748],[126.921386,37.40385],[126.921389,37.403852],[126.921425,37.403877],[126.921669,37.403584],[126.921691,37.403594],[126.921712,37.403602],[126.921763,37.403624],[126.921777,37.40363],[126.921841,37.403657],[126.921704,37.403851],[126.921701,37.403855],[126.922217,37.404405],[126.922226,37.404422],[126.922257,37.404477],[126.922288,37.404533],[126.922304,37.40456],[126.922374,37.404687],[126.922389,37.404709],[126.922412,37.404742],[126.92247,37.404771],[126.922582,37.404829],[126.922708,37.404862],[126.922711,37.404862],[126.922721,37.404865],[126.922756,37.404832],[126.92282,37.404772],[126.923106,37.404545],[126.923166,37.404504],[126.923713,37.404131],[126.923963,37.403961],[126.924147,37.403845],[126.924239,37.403779],[126.92429,37.403742],[126.924393,37.403668],[126.924512,37.403583],[126.924609,37.403595],[126.924684,37.403627],[126.92479,37.403553],[126.924839,37.403518],[126.92494,37.403447],[126.925011,37.403328],[126.925085,37.403282],[126.925107,37.403269],[126.925238,37.403148],[126.925327,37.403068],[126.925391,37.403011],[126.925424,37.402981],[126.925556,37.402861],[126.92567,37.402777],[126.92573,37.402688],[126.925846,37.40265],[126.925949,37.402599],[126.926044,37.402529],[126.92612,37.402501],[126.926238,37.402398],[126.926295,37.402284],[126.926403,37.402243],[126.926397,37.402226],[126.926359,37.402161],[126.926374,37.402104],[126.926336,37.401989],[126.926323,37.401954],[126.92635,37.401825],[126.926736,37.401583],[126.926862,37.401504],[126.92694,37.401476],[126.926992,37.401446],[126.927157,37.401354],[126.927159,37.401353],[126.927238,37.401312],[126.927337,37.401252],[126.927474,37.401144],[126.927564,37.401087],[126.927778,37.401092],[126.927781,37.401092],[126.927741,37.401336],[126.927648,37.401604],[126.927631,37.401638],[126.927565,37.401768],[126.927377,37.401896],[126.927441,37.402],[126.927477,37.40206],[126.927585,37.402235],[126.927588,37.402239],[126.927628,37.402304],[126.927654,37.402352],[126.927717,37.402469],[126.927766,37.402558],[126.927969,37.402934],[126.927985,37.40326],[126.927987,37.403293],[126.928069,37.403665],[126.928105,37.403928],[126.928241,37.40492],[126.928236,37.404936],[126.928212,37.405025],[126.927631,37.407103],[126.927616,37.407158],[126.927535,37.407448],[126.927452,37.407745],[126.927424,37.407846],[126.927379,37.408215],[126.927371,37.408283],[126.927826,37.408952],[126.927853,37.408991],[126.927844,37.408994],[126.927576,37.40907],[126.92726,37.409139],[126.927063,37.409369],[126.926992,37.409452],[126.926637,37.409714],[126.925723,37.409721],[126.925399,37.409822],[126.925299,37.410551],[126.922905,37.410474],[126.922447,37.410953],[126.922769,37.411094],[126.923203,37.41149],[126.923278,37.411559],[126.923287,37.411567],[126.925033,37.412468],[126.924875,37.412526],[126.924555,37.412644],[126.924371,37.41254],[126.92435,37.412528],[126.923307,37.412257],[126.922923,37.412292],[126.922283,37.412166],[126.921232,37.412693],[126.921646,37.412906],[126.921671,37.412918],[126.922091,37.413111],[126.921993,37.413627],[126.921693,37.414768],[126.921687,37.414788],[126.921571,37.415277],[126.92221,37.415509],[126.92273,37.415698],[126.923432,37.415952],[126.923546,37.415994],[126.923611,37.416017],[126.92365,37.416031],[126.923438,37.416442],[126.923238,37.416607],[126.923027,37.416984],[126.922656,37.417159],[126.922727,37.41752],[126.922142,37.417556],[126.92212,37.417558],[126.921337,37.417193],[126.920932,37.416831],[126.920845,37.416774],[126.920815,37.416853],[126.92084,37.416863],[126.920866,37.416877],[126.920874,37.416883],[126.92089,37.416895],[126.92091,37.416914],[126.920926,37.416935],[126.920983,37.416957],[126.921022,37.417006],[126.920948,37.417071],[126.920947,37.417077],[126.920945,37.417081],[126.920966,37.417105],[126.920983,37.417124],[126.920951,37.417136],[126.920934,37.417143],[126.92094,37.417157],[126.920946,37.41717],[126.921153,37.417217],[126.921323,37.417255],[126.921512,37.417297],[126.921469,37.417418],[126.921457,37.417454],[126.921568,37.417458],[126.921565,37.417607],[126.921401,37.417613],[126.92139,37.417644],[126.921384,37.417662],[126.921378,37.417679],[126.921326,37.417826],[126.921141,37.417785],[126.920967,37.417746],[126.920834,37.417716],[126.920704,37.417687],[126.920574,37.417658],[126.920501,37.417642],[126.920444,37.417629],[126.920325,37.417602],[126.920314,37.4176],[126.920206,37.417576],[126.920098,37.417551],[126.919967,37.417522],[126.919932,37.417514],[126.919859,37.417498],[126.919751,37.417474],[126.919736,37.417517]]]}},{"type":"Feature","properties":{"dong":"안양3동","gu":"만안구","adm_nm":"경기도 안양시만안구 안양3동","adm_cd":"31041530"},"geometry":{"type":"Polygon","coordinates":[[[126.918119,37.402619],[126.918068,37.402709],[126.918062,37.402721],[126.917881,37.402725],[126.917065,37.402707],[126.917046,37.402706],[126.916944,37.402704],[126.915947,37.402682],[126.915898,37.402681],[126.915758,37.402677],[126.914895,37.402654],[126.91482,37.402653],[126.914819,37.402653],[126.914815,37.402652],[126.914623,37.402648],[126.914605,37.402648],[126.914573,37.402647],[126.914289,37.402641],[126.914231,37.40264],[126.913356,37.402621],[126.913363,37.402538],[126.91323,37.402536],[126.913069,37.402533],[126.912906,37.40253],[126.912857,37.402529],[126.912815,37.402528],[126.912789,37.402528],[126.91279,37.402492],[126.912802,37.402492],[126.912805,37.402394],[126.912793,37.402394],[126.912793,37.402381],[126.912796,37.402261],[126.912796,37.402257],[126.912771,37.402235],[126.912665,37.402235],[126.912651,37.402235],[126.912653,37.402214],[126.912657,37.402182],[126.912667,37.402182],[126.912771,37.402188],[126.912813,37.402152],[126.912819,37.402059],[126.912795,37.402059],[126.912795,37.402056],[126.912796,37.402047],[126.912817,37.402047],[126.912819,37.401926],[126.912799,37.401926],[126.912799,37.401925],[126.9128,37.401898],[126.912814,37.401898],[126.912815,37.401861],[126.912816,37.401808],[126.912803,37.401808],[126.912803,37.401787],[126.912819,37.401787],[126.912825,37.401563],[126.912787,37.401551],[126.912778,37.401553],[126.912771,37.401549],[126.912703,37.401548],[126.912619,37.401548],[126.912566,37.401548],[126.912471,37.401548],[126.912434,37.401578],[126.912415,37.401574],[126.912351,37.401563],[126.912335,37.401547],[126.91226,37.401546],[126.912224,37.40154],[126.912179,37.401544],[126.912072,37.401542],[126.912064,37.40155],[126.912004,37.401553],[126.911974,37.401555],[126.911945,37.40156],[126.911928,37.401544],[126.911807,37.401542],[126.911684,37.40154],[126.911645,37.401576],[126.911645,37.401594],[126.911618,37.401605],[126.911588,37.401617],[126.911589,37.401582],[126.911572,37.401581],[126.911572,37.401574],[126.911536,37.401541],[126.911417,37.40154],[126.911252,37.401539],[126.911151,37.401538],[126.911079,37.401668],[126.910994,37.40168],[126.910994,37.40168],[126.910934,37.401617],[126.910978,37.401543],[126.910955,37.401543],[126.910955,37.401541],[126.910899,37.401542],[126.910855,37.401541],[126.910821,37.401514],[126.910788,37.401486],[126.911002,37.401488],[126.911074,37.401365],[126.911146,37.401287],[126.911037,37.40133],[126.910609,37.401318],[126.910566,37.401277],[126.910462,37.40118],[126.910393,37.401114],[126.910361,37.401085],[126.910377,37.4009],[126.910414,37.400493],[126.910219,37.400239],[126.910196,37.400204],[126.91016,37.40015],[126.910122,37.400099],[126.909964,37.399862],[126.910075,37.399648],[126.91026,37.399294],[126.910308,37.3992],[126.910342,37.399136],[126.910385,37.399053],[126.91039,37.399044],[126.909646,37.398652],[126.909592,37.398624],[126.909029,37.398434],[126.90876,37.398342],[126.908614,37.398292],[126.908633,37.398271],[126.908614,37.398266],[126.908542,37.39817],[126.908378,37.397855],[126.908364,37.397827],[126.908279,37.397661],[126.907958,37.397694],[126.906739,37.397822],[126.90649,37.397954],[126.905604,37.397779],[126.905525,37.397763],[126.905097,37.397797],[126.904918,37.397811],[126.904453,37.397516],[126.904433,37.397503],[126.904349,37.39745],[126.904176,37.397291],[126.904243,37.397241],[126.904603,37.396974],[126.90474,37.396652],[126.904891,37.396399],[126.904961,37.396285],[126.905119,37.396003],[126.905699,37.395558],[126.905676,37.395456],[126.905609,37.395154],[126.905749,37.395122],[126.906784,37.394881],[126.907031,37.394823],[126.90723,37.394999],[126.907236,37.395005],[126.907262,37.395001],[126.907815,37.394916],[126.907936,37.394897],[126.908397,37.394767],[126.908402,37.394767],[126.908484,37.394765],[126.908739,37.39475],[126.909157,37.3948],[126.909299,37.394817],[126.909602,37.394854],[126.909782,37.394944],[126.909842,37.394962],[126.909871,37.394971],[126.910306,37.395101],[126.910773,37.395207],[126.910795,37.395212],[126.910828,37.395173],[126.910979,37.394994],[126.911054,37.394907],[126.911108,37.394844],[126.911254,37.394673],[126.911385,37.394518],[126.911474,37.394569],[126.911489,37.394577],[126.911646,37.39465],[126.911714,37.394689],[126.911802,37.394767],[126.911902,37.394844],[126.912001,37.394897],[126.912044,37.394912],[126.91208,37.39492],[126.912089,37.394919],[126.912104,37.394919],[126.912133,37.394889],[126.912128,37.394886],[126.912143,37.394866],[126.912064,37.394819],[126.912092,37.394784],[126.912145,37.394814],[126.912238,37.394867],[126.912258,37.394884],[126.912342,37.394932],[126.912404,37.394937],[126.912403,37.394942],[126.912401,37.394956],[126.912676,37.394975],[126.91269,37.394976],[126.912691,37.394976],[126.912703,37.394977],[126.912739,37.394967],[126.912753,37.394963],[126.912922,37.394913],[126.912947,37.394906],[126.913058,37.394873],[126.913153,37.39492],[126.913158,37.394882],[126.91316,37.39486],[126.913167,37.394827],[126.913186,37.394728],[126.913237,37.394548],[126.913278,37.394401],[126.913359,37.394109],[126.913441,37.393813],[126.913442,37.393812],[126.913447,37.393791],[126.913498,37.393749],[126.913447,37.393739],[126.91344,37.393738],[126.913465,37.393706],[126.91349,37.393675],[126.913581,37.393559],[126.913796,37.393286],[126.913792,37.393286],[126.913736,37.393278],[126.913678,37.39327],[126.913692,37.393235],[126.913694,37.393229],[126.913779,37.393226],[126.913843,37.393223],[126.913846,37.393223],[126.913865,37.3932],[126.913871,37.393193],[126.913976,37.393066],[126.913985,37.393055],[126.91399,37.393049],[126.914156,37.392848],[126.914174,37.392827],[126.914182,37.392816],[126.914164,37.39277],[126.914089,37.392587],[126.914088,37.392584],[126.914072,37.392544],[126.914072,37.392437],[126.914074,37.392374],[126.914088,37.392354],[126.914114,37.392319],[126.914124,37.392313],[126.914124,37.392313],[126.914458,37.392541],[126.915421,37.392302],[126.915432,37.392299],[126.915735,37.392045],[126.915818,37.391957],[126.91633,37.392303],[126.91652,37.392442],[126.916692,37.392567],[126.916764,37.392722],[126.916781,37.392757],[126.916808,37.3928],[126.917018,37.393134],[126.916997,37.39316],[126.916912,37.393268],[126.916805,37.393285],[126.916626,37.393314],[126.916337,37.39336],[126.916189,37.393383],[126.91605,37.393349],[126.915988,37.393316],[126.915874,37.393294],[126.916089,37.393769],[126.916108,37.393798],[126.916167,37.393816],[126.916248,37.393934],[126.91627,37.393952],[126.916271,37.393952],[126.91616,37.394089],[126.916159,37.394112],[126.916159,37.39412],[126.916121,37.394171],[126.916084,37.394222],[126.916045,37.394274],[126.915981,37.39436],[126.915822,37.394547],[126.91581,37.394562],[126.915785,37.394591],[126.915781,37.394595],[126.915781,37.394596],[126.915589,37.39482],[126.915582,37.394829],[126.91539,37.395054],[126.915381,37.395064],[126.915379,37.395067],[126.91537,37.395078],[126.91523,37.395243],[126.91515,37.395337],[126.915138,37.39535],[126.914937,37.395586],[126.914925,37.395612],[126.914896,37.395673],[126.914891,37.395684],[126.914864,37.395714],[126.914848,37.395732],[126.914817,37.395767],[126.914797,37.39579],[126.914713,37.395884],[126.914703,37.395896],[126.914707,37.395902],[126.914716,37.395915],[126.915424,37.396901],[126.915562,37.397095],[126.915563,37.397096],[126.9156,37.397147],[126.91567,37.397244],[126.915912,37.397583],[126.91592,37.397594],[126.915924,37.397599],[126.916117,37.397868],[126.916378,37.398232],[126.916744,37.398742],[126.916806,37.398792],[126.916881,37.398852],[126.917312,37.399033],[126.917316,37.399035],[126.917614,37.39916],[126.917748,37.399217],[126.917837,37.399255],[126.917841,37.399257],[126.917855,37.399263],[126.917863,37.399266],[126.918006,37.399327],[126.918052,37.399348],[126.918492,37.399541],[126.91887,37.399708],[126.918935,37.399737],[126.918936,37.399737],[126.918965,37.399749],[126.91921,37.399953],[126.919247,37.399984],[126.91934,37.400062],[126.919662,37.40033],[126.919662,37.40033],[126.919876,37.400507],[126.919875,37.400508],[126.919738,37.400668],[126.919692,37.400722],[126.919681,37.400734],[126.919654,37.400766],[126.919562,37.400875],[126.919517,37.400927],[126.919286,37.401197],[126.919264,37.401222],[126.919156,37.401349],[126.91915,37.401355],[126.919118,37.401393],[126.918656,37.40196],[126.918649,37.401968],[126.918647,37.401972],[126.91844,37.402225],[126.918435,37.402231],[126.918427,37.402241],[126.918119,37.402619]]]}},{"type":"Feature","properties":{"dong":"안양4동","gu":"만안구","adm_nm":"경기도 안양시만안구 안양4동","adm_cd":"31041540"},"geometry":{"type":"Polygon","coordinates":[[[126.922906,37.396236],[126.922901,37.396242],[126.923191,37.396393],[126.923324,37.396454],[126.923211,37.396578],[126.923194,37.396599],[126.92292,37.396934],[126.922521,37.397399],[126.922512,37.39741],[126.92249,37.397436],[126.922485,37.397442],[126.922481,37.397446],[126.922461,37.39747],[126.922177,37.397799],[126.922163,37.397816],[126.921751,37.398303],[126.921719,37.39834],[126.921718,37.398341],[126.921694,37.398369],[126.921438,37.39867],[126.921307,37.398824],[126.921301,37.398832],[126.921278,37.398859],[126.92099,37.399198],[126.920988,37.3992],[126.920305,37.400003],[126.920297,37.400013],[126.920008,37.400353],[126.920001,37.400361],[126.92,37.400363],[126.919876,37.400507],[126.919662,37.40033],[126.919662,37.40033],[126.91934,37.400062],[126.919247,37.399984],[126.91921,37.399953],[126.918965,37.399749],[126.918936,37.399737],[126.918935,37.399737],[126.91887,37.399708],[126.918492,37.399541],[126.918052,37.399348],[126.918006,37.399327],[126.917863,37.399266],[126.917855,37.399263],[126.917841,37.399257],[126.917837,37.399255],[126.917748,37.399217],[126.917614,37.39916],[126.917316,37.399035],[126.917312,37.399033],[126.916881,37.398852],[126.916806,37.398792],[126.916744,37.398742],[126.916378,37.398232],[126.916117,37.397868],[126.915924,37.397599],[126.91592,37.397594],[126.915912,37.397583],[126.91567,37.397244],[126.9156,37.397147],[126.915563,37.397096],[126.915562,37.397095],[126.915424,37.396901],[126.914716,37.395915],[126.914707,37.395902],[126.914703,37.395896],[126.914713,37.395884],[126.914797,37.39579],[126.914817,37.395767],[126.914848,37.395732],[126.914864,37.395714],[126.914891,37.395684],[126.914896,37.395673],[126.914925,37.395612],[126.914937,37.395586],[126.915138,37.39535],[126.91515,37.395337],[126.91523,37.395243],[126.91537,37.395078],[126.915379,37.395067],[126.915381,37.395064],[126.91539,37.395054],[126.915582,37.394829],[126.915589,37.39482],[126.915781,37.394596],[126.915781,37.394595],[126.915785,37.394591],[126.91581,37.394562],[126.915822,37.394547],[126.915981,37.39436],[126.916045,37.394274],[126.916084,37.394222],[126.916121,37.394171],[126.916159,37.39412],[126.916159,37.394112],[126.91616,37.394089],[126.916271,37.393952],[126.91627,37.393952],[126.916248,37.393934],[126.916167,37.393816],[126.916108,37.393798],[126.916089,37.393769],[126.915874,37.393294],[126.915988,37.393316],[126.91605,37.393349],[126.916189,37.393383],[126.916337,37.39336],[126.916626,37.393314],[126.916805,37.393285],[126.916912,37.393268],[126.916997,37.39316],[126.917018,37.393134],[126.917029,37.393143],[126.91704,37.393151],[126.917155,37.393238],[126.917274,37.393282],[126.917278,37.393283],[126.917422,37.393346],[126.917343,37.393402],[126.917313,37.393405],[126.917404,37.393698],[126.917415,37.393733],[126.917769,37.393644],[126.917779,37.393642],[126.918079,37.393567],[126.91809,37.393593],[126.918129,37.393691],[126.918167,37.393785],[126.918171,37.393792],[126.918201,37.39378],[126.918245,37.393867],[126.918344,37.394007],[126.91842,37.394065],[126.918449,37.394097],[126.91845,37.3941],[126.918468,37.394102],[126.91858,37.394188],[126.91862,37.394188],[126.91862,37.394195],[126.91862,37.394218],[126.918623,37.394221],[126.91862,37.394263],[126.918654,37.394245],[126.918681,37.394232],[126.918693,37.394226],[126.918698,37.39423],[126.918731,37.394261],[126.918735,37.394265],[126.918794,37.394319],[126.918819,37.394344],[126.918834,37.394359],[126.918845,37.394375],[126.918854,37.39439],[126.918866,37.39442],[126.91887,37.39443],[126.918852,37.394469],[126.918827,37.394483],[126.918791,37.394504],[126.918788,37.394506],[126.918657,37.394579],[126.918493,37.394663],[126.91845,37.394685],[126.918455,37.394688],[126.918462,37.394691],[126.918545,37.394736],[126.918839,37.394891],[126.918852,37.394898],[126.918932,37.39494],[126.919028,37.39499],[126.919238,37.395099],[126.919244,37.395102],[126.919473,37.395221],[126.919687,37.395333],[126.919688,37.395333],[126.9197,37.39534],[126.919701,37.39534],[126.919704,37.395342],[126.920068,37.395532],[126.920178,37.39559],[126.920604,37.395813],[126.920671,37.395849],[126.920818,37.395675],[126.920848,37.395646],[126.920855,37.395649],[126.920867,37.395655],[126.921139,37.395793],[126.921345,37.395904],[126.921359,37.395911],[126.921576,37.396028],[126.921771,37.39613],[126.921926,37.395947],[126.921936,37.395935],[126.922048,37.395803],[126.92212,37.395728],[126.922129,37.395733],[126.922158,37.395748],[126.922165,37.39574],[126.922274,37.395611],[126.922281,37.395601],[126.922424,37.395678],[126.92248,37.395616],[126.92266,37.395711],[126.922582,37.395805],[126.922647,37.395842],[126.922728,37.395747],[126.92284,37.395806],[126.923071,37.39593],[126.923132,37.395963],[126.922906,37.396236]]]}},{"type":"Feature","properties":{"dong":"안양5동","gu":"만안구","adm_nm":"경기도 안양시만안구 안양5동","adm_cd":"31041550"},"geometry":{"type":"Polygon","coordinates":[[[126.923953,37.395758],[126.923946,37.395766],[126.923935,37.395779],[126.923933,37.395781],[126.923923,37.395793],[126.923914,37.395803],[126.923752,37.395982],[126.923583,37.396168],[126.92358,37.396171],[126.923324,37.396454],[126.923324,37.396454],[126.923191,37.396393],[126.922901,37.396242],[126.922906,37.396236],[126.923132,37.395963],[126.923071,37.39593],[126.92284,37.395806],[126.922728,37.395747],[126.922647,37.395842],[126.922582,37.395805],[126.92266,37.395711],[126.92248,37.395616],[126.922424,37.395678],[126.922281,37.395601],[126.922274,37.395611],[126.922165,37.39574],[126.922158,37.395748],[126.922129,37.395733],[126.92212,37.395728],[126.922048,37.395803],[126.921936,37.395935],[126.921926,37.395947],[126.921771,37.39613],[126.921576,37.396028],[126.921359,37.395911],[126.921345,37.395904],[126.921139,37.395793],[126.920867,37.395655],[126.920855,37.395649],[126.920848,37.395646],[126.920818,37.395675],[126.920671,37.395849],[126.920604,37.395813],[126.920178,37.39559],[126.920068,37.395532],[126.919704,37.395342],[126.919701,37.39534],[126.9197,37.39534],[126.919688,37.395333],[126.919687,37.395333],[126.919473,37.395221],[126.919244,37.395102],[126.919238,37.395099],[126.919028,37.39499],[126.918932,37.39494],[126.918852,37.394898],[126.918839,37.394891],[126.918545,37.394736],[126.918462,37.394691],[126.918455,37.394688],[126.91845,37.394685],[126.918493,37.394663],[126.918657,37.394579],[126.918788,37.394506],[126.918791,37.394504],[126.918827,37.394483],[126.918852,37.394469],[126.91887,37.39443],[126.918866,37.39442],[126.918854,37.39439],[126.918845,37.394375],[126.918834,37.394359],[126.918819,37.394344],[126.918794,37.394319],[126.918735,37.394265],[126.918731,37.394261],[126.918698,37.39423],[126.918693,37.394226],[126.918681,37.394232],[126.918654,37.394245],[126.91862,37.394263],[126.918623,37.394221],[126.91862,37.394218],[126.91862,37.394195],[126.91862,37.394188],[126.91858,37.394188],[126.918468,37.394102],[126.91845,37.3941],[126.918449,37.394097],[126.91842,37.394065],[126.918344,37.394007],[126.918245,37.393867],[126.918201,37.39378],[126.918171,37.393792],[126.918167,37.393785],[126.918129,37.393691],[126.91809,37.393593],[126.918079,37.393567],[126.917779,37.393642],[126.917769,37.393644],[126.917415,37.393733],[126.917404,37.393698],[126.917313,37.393405],[126.917343,37.393402],[126.917422,37.393346],[126.917278,37.393283],[126.917274,37.393282],[126.917155,37.393238],[126.91704,37.393151],[126.917029,37.393143],[126.917018,37.393134],[126.916808,37.3928],[126.916781,37.392757],[126.916764,37.392722],[126.916692,37.392567],[126.91652,37.392442],[126.91633,37.392303],[126.915818,37.391957],[126.91595,37.391777],[126.916211,37.391421],[126.916217,37.391414],[126.91627,37.391363],[126.916886,37.391034],[126.917033,37.390956],[126.917457,37.39073],[126.917834,37.390529],[126.917794,37.390382],[126.917677,37.389946],[126.917757,37.389682],[126.917864,37.389328],[126.917901,37.389204],[126.917923,37.389133],[126.917984,37.388652],[126.918164,37.388406],[126.918304,37.388214],[126.918532,37.388014],[126.918765,37.387249],[126.918811,37.387268],[126.918877,37.387294],[126.91892,37.387311],[126.918996,37.387337],[126.919093,37.38737],[126.91947,37.387456],[126.919625,37.387491],[126.919724,37.387515],[126.919811,37.387526],[126.919921,37.387541],[126.920118,37.387508],[126.920221,37.387456],[126.920233,37.38745],[126.920332,37.387476],[126.920342,37.387486],[126.920344,37.387487],[126.920389,37.38753],[126.920401,37.387541],[126.920422,37.387561],[126.920428,37.38774],[126.920435,37.387962],[126.920436,37.387984],[126.9203,37.388274],[126.92045,37.388302],[126.920795,37.388368],[126.92117,37.388439],[126.921293,37.388462],[126.921684,37.388537],[126.922117,37.388627],[126.922337,37.388672],[126.922701,37.388959],[126.922879,37.389099],[126.923265,37.388824],[126.923281,37.388839],[126.923338,37.388886],[126.923486,37.38901],[126.923517,37.389037],[126.92366,37.389156],[126.92387,37.389334],[126.923912,37.389407],[126.923916,37.389414],[126.92393,37.389444],[126.923943,37.389484],[126.923979,37.389638],[126.923991,37.389682],[126.923992,37.389744],[126.923993,37.389802],[126.923995,37.389896],[126.923995,37.389925],[126.923995,37.389925],[126.92407,37.389977],[126.924077,37.389982],[126.924087,37.389991],[126.92415,37.390049],[126.924161,37.39006],[126.924172,37.39007],[126.924191,37.390088],[126.924197,37.390092],[126.924296,37.390157],[126.924302,37.390161],[126.924343,37.390188],[126.924414,37.390234],[126.92462,37.390369],[126.924664,37.390397],[126.924718,37.390448],[126.924769,37.390476],[126.92477,37.390477],[126.925029,37.39062],[126.925039,37.390625],[126.925044,37.39062],[126.925138,37.390501],[126.925214,37.390407],[126.925226,37.390392],[126.925313,37.390434],[126.925699,37.390638],[126.92594,37.390766],[126.925949,37.390771],[126.926156,37.39088],[126.926167,37.390887],[126.92632,37.390967],[126.926351,37.390984],[126.92674,37.391196],[126.92675,37.391201],[126.926753,37.391203],[126.927357,37.391532],[126.927418,37.391563],[126.927435,37.391571],[126.927432,37.391575],[126.927307,37.391725],[126.927136,37.39193],[126.926832,37.392295],[126.926703,37.39245],[126.926719,37.392458],[126.926836,37.39252],[126.927149,37.392685],[126.927153,37.392687],[126.927314,37.392772],[126.927316,37.392773],[126.927325,37.392778],[126.927719,37.392986],[126.927731,37.392992],[126.927923,37.393093],[126.928075,37.393174],[126.928089,37.393181],[126.928341,37.393314],[126.928343,37.393315],[126.928349,37.393318],[126.928352,37.393319],[126.928761,37.393503],[126.928771,37.393508],[126.928773,37.393509],[126.928788,37.393515],[126.928865,37.393566],[126.928879,37.393576],[126.928888,37.393582],[126.929048,37.393687],[126.929065,37.393696],[126.929127,37.39373],[126.929141,37.393737],[126.929287,37.393815],[126.9293,37.393822],[126.92949,37.393923],[126.929654,37.394011],[126.929721,37.394047],[126.929807,37.394092],[126.929837,37.394112],[126.929886,37.394145],[126.929885,37.394146],[126.929668,37.394399],[126.929738,37.394454],[126.929838,37.394531],[126.929725,37.394618],[126.929712,37.394628],[126.929202,37.395019],[126.929036,37.395147],[126.929024,37.395156],[126.929018,37.39516],[126.928991,37.395181],[126.928765,37.395355],[126.928764,37.395356],[126.928281,37.395726],[126.928273,37.395732],[126.928269,37.395735],[126.928266,37.395738],[126.928244,37.395754],[126.928105,37.395681],[126.928059,37.395657],[126.928047,37.395651],[126.928015,37.395634],[126.92801,37.395632],[126.927906,37.395577],[126.927288,37.39526],[126.927133,37.395181],[126.927042,37.395134],[126.927038,37.395132],[126.927032,37.395129],[126.926629,37.394922],[126.926148,37.394657],[126.925965,37.394567],[126.925883,37.394526],[126.925875,37.394522],[126.925849,37.394509],[126.925303,37.394234],[126.925289,37.394227],[126.925048,37.394475],[126.924611,37.395004],[126.924577,37.395043],[126.92457,37.39505],[126.924566,37.395056],[126.923953,37.395758]]]}},{"type":"Feature","properties":{"dong":"안양6동","gu":"만안구","adm_nm":"경기도 안양시만안구 안양6동","adm_cd":"31041560"},"geometry":{"type":"Polygon","coordinates":[[[126.933358,37.390438],[126.933249,37.390732],[126.933231,37.390777],[126.933226,37.390789],[126.933223,37.390797],[126.933112,37.391078],[126.933108,37.391087],[126.933079,37.39115],[126.933013,37.391288],[126.932967,37.391386],[126.932936,37.391451],[126.932926,37.391471],[126.932825,37.391652],[126.932809,37.39168],[126.932791,37.391712],[126.932786,37.391721],[126.93277,37.391752],[126.932709,37.391862],[126.932634,37.391976],[126.93257,37.392073],[126.932448,37.392227],[126.932411,37.392273],[126.93223,37.392488],[126.932224,37.392495],[126.932216,37.392504],[126.932107,37.392633],[126.93207,37.392671],[126.932061,37.39268],[126.931988,37.392754],[126.931927,37.392816],[126.931447,37.393254],[126.931427,37.393272],[126.931424,37.393274],[126.931385,37.393306],[126.931384,37.393306],[126.931333,37.393347],[126.93105,37.393576],[126.930988,37.393625],[126.93096,37.393647],[126.930959,37.393649],[126.930952,37.393654],[126.930832,37.393749],[126.930816,37.393762],[126.930684,37.393866],[126.930618,37.393919],[126.930502,37.394011],[126.930291,37.39418],[126.930289,37.394182],[126.93027,37.394197],[126.93026,37.394206],[126.930196,37.394256],[126.930162,37.394282],[126.930156,37.394287],[126.930142,37.394298],[126.930129,37.394308],[126.929838,37.394531],[126.929738,37.394454],[126.929668,37.394399],[126.929885,37.394146],[126.929886,37.394145],[126.929837,37.394112],[126.929807,37.394092],[126.929721,37.394047],[126.929654,37.394011],[126.92949,37.393923],[126.9293,37.393822],[126.929287,37.393815],[126.929141,37.393737],[126.929127,37.39373],[126.929065,37.393696],[126.929048,37.393687],[126.928888,37.393582],[126.928879,37.393576],[126.928865,37.393566],[126.928788,37.393515],[126.928773,37.393509],[126.928771,37.393508],[126.928761,37.393503],[126.928352,37.393319],[126.928349,37.393318],[126.928343,37.393315],[126.928341,37.393314],[126.928089,37.393181],[126.928075,37.393174],[126.927923,37.393093],[126.927731,37.392992],[126.927719,37.392986],[126.927325,37.392778],[126.927316,37.392773],[126.927314,37.392772],[126.927153,37.392687],[126.927149,37.392685],[126.926836,37.39252],[126.926719,37.392458],[126.926703,37.39245],[126.926832,37.392295],[126.927136,37.39193],[126.927307,37.391725],[126.927432,37.391575],[126.927435,37.391571],[126.927418,37.391563],[126.927357,37.391532],[126.926753,37.391203],[126.92675,37.391201],[126.92674,37.391196],[126.926351,37.390984],[126.92632,37.390967],[126.926167,37.390887],[126.926156,37.39088],[126.925949,37.390771],[126.92594,37.390766],[126.925699,37.390638],[126.925313,37.390434],[126.925226,37.390392],[126.925214,37.390407],[126.925138,37.390501],[126.925044,37.39062],[126.925039,37.390625],[126.925029,37.39062],[126.92477,37.390477],[126.924769,37.390476],[126.924718,37.390448],[126.924664,37.390397],[126.92462,37.390369],[126.924414,37.390234],[126.924343,37.390188],[126.924302,37.390161],[126.924296,37.390157],[126.924197,37.390092],[126.924191,37.390088],[126.924172,37.39007],[126.924161,37.39006],[126.92415,37.390049],[126.924087,37.389991],[126.924077,37.389982],[126.92407,37.389977],[126.923995,37.389925],[126.923995,37.389925],[126.923995,37.389896],[126.923993,37.389802],[126.923992,37.389744],[126.923991,37.389682],[126.923979,37.389638],[126.923943,37.389484],[126.92393,37.389444],[126.923916,37.389414],[126.923912,37.389407],[126.92387,37.389334],[126.92366,37.389156],[126.923517,37.389037],[126.923486,37.38901],[126.923338,37.388886],[126.923281,37.388839],[126.923265,37.388824],[126.922879,37.389099],[126.922701,37.388959],[126.922337,37.388672],[126.922117,37.388627],[126.921684,37.388537],[126.921293,37.388462],[126.92117,37.388439],[126.920795,37.388368],[126.92045,37.388302],[126.9203,37.388274],[126.920436,37.387984],[126.920435,37.387962],[126.920428,37.38774],[126.920422,37.387561],[126.920401,37.387541],[126.920389,37.38753],[126.920344,37.387487],[126.920342,37.387486],[126.920332,37.387476],[126.920233,37.38745],[126.920221,37.387456],[126.920118,37.387508],[126.919921,37.387541],[126.919811,37.387526],[126.919724,37.387515],[126.919625,37.387491],[126.91947,37.387456],[126.919093,37.38737],[126.918996,37.387337],[126.91892,37.387311],[126.918877,37.387294],[126.918811,37.387268],[126.918765,37.387249],[126.918809,37.387104],[126.918711,37.386617],[126.918784,37.386102],[126.918235,37.385889],[126.918086,37.385687],[126.917973,37.385519],[126.917328,37.384992],[126.916914,37.384918],[126.916098,37.384386],[126.915631,37.384367],[126.91557,37.384336],[126.915391,37.384247],[126.915143,37.384217],[126.914854,37.383969],[126.914351,37.383648],[126.914301,37.383426],[126.914263,37.383257],[126.914413,37.383094],[126.914585,37.382902],[126.914587,37.382882],[126.91462,37.382591],[126.914618,37.382528],[126.914614,37.382366],[126.914384,37.382062],[126.914536,37.381552],[126.914585,37.381504],[126.914707,37.381385],[126.914773,37.381322],[126.915215,37.380892],[126.915512,37.380356],[126.915627,37.380491],[126.916339,37.381327],[126.916491,37.381481],[126.916885,37.380893],[126.916041,37.380264],[126.915806,37.380089],[126.916388,37.379884],[126.91651,37.379841],[126.916685,37.379614],[126.91669,37.379607],[126.916795,37.379377],[126.916973,37.379121],[126.917268,37.378878],[126.917296,37.378856],[126.917396,37.378807],[126.918912,37.377318],[126.919203,37.377124],[126.919203,37.377124],[126.919211,37.377178],[126.919247,37.377356],[126.919285,37.377545],[126.919354,37.377714],[126.919431,37.377818],[126.919474,37.377866],[126.919525,37.377922],[126.919806,37.378169],[126.920023,37.378522],[126.920104,37.378654],[126.920168,37.378759],[126.92018,37.378779],[126.92024,37.378862],[126.920582,37.379336],[126.921265,37.380011],[126.921447,37.380149],[126.921453,37.380154],[126.921641,37.380297],[126.921647,37.380552],[126.921647,37.380575],[126.921914,37.380899],[126.922584,37.381712],[126.923139,37.382423],[126.923377,37.382744],[126.923386,37.382755],[126.923671,37.383133],[126.92371,37.38347],[126.923851,37.384691],[126.923946,37.384602],[126.92442,37.384155],[126.924695,37.384102],[126.924856,37.384],[126.924877,37.384001],[126.925092,37.384017],[126.92521,37.384026],[126.925357,37.38402],[126.925486,37.384066],[126.925488,37.384066],[126.925619,37.384112],[126.925667,37.384085],[126.925778,37.384022],[126.925886,37.383961],[126.926064,37.383929],[126.926128,37.383966],[126.926171,37.383999],[126.926121,37.384036],[126.926151,37.384062],[126.926241,37.384053],[126.92635,37.384094],[126.926392,37.384123],[126.926404,37.384131],[126.926483,37.384276],[126.926489,37.384288],[126.926504,37.384315],[126.926523,37.384315],[126.926545,37.384314],[126.926733,37.384311],[126.926778,37.38431],[126.926797,37.384311],[126.9268,37.384311],[126.926857,37.384314],[126.926991,37.384324],[126.927113,37.384334],[126.927127,37.384335],[126.927142,37.384336],[126.9272,37.384341],[126.927209,37.384342],[126.92731,37.384352],[126.927506,37.384406],[126.927736,37.384471],[126.92776,37.384507],[126.927815,37.384458],[126.927874,37.384406],[126.927941,37.384291],[126.928019,37.384143],[126.928035,37.384111],[126.928048,37.384085],[126.928209,37.383892],[126.92835,37.383723],[126.92836,37.383728],[126.928366,37.383731],[126.928672,37.383892],[126.928823,37.383972],[126.928832,37.383977],[126.928836,37.383979],[126.929204,37.384173],[126.929477,37.384317],[126.929576,37.384369],[126.929586,37.384375],[126.929647,37.384407],[126.930051,37.384618],[126.930054,37.384619],[126.930059,37.384622],[126.930514,37.38486],[126.930525,37.384865],[126.930537,37.384872],[126.930893,37.385058],[126.931252,37.385248],[126.931631,37.385449],[126.931639,37.385454],[126.931639,37.385454],[126.931644,37.385457],[126.931813,37.385553],[126.932081,37.385707],[126.932088,37.385699],[126.932161,37.385611],[126.932336,37.385399],[126.932555,37.385135],[126.932643,37.38503],[126.932792,37.38485],[126.932831,37.384803],[126.932865,37.384761],[126.932886,37.384736],[126.933113,37.384462],[126.933261,37.384281],[126.933414,37.384098],[126.933566,37.383914],[126.933659,37.383802],[126.933795,37.383642],[126.933895,37.383523],[126.933971,37.383433],[126.933976,37.383433],[126.934285,37.383383],[126.934295,37.383382],[126.934517,37.383346],[126.934548,37.383342],[126.934872,37.38329],[126.934926,37.383306],[126.935533,37.383197],[126.936072,37.383101],[126.936009,37.383261],[126.93599,37.383315],[126.935938,37.383456],[126.935936,37.38346],[126.93581,37.383806],[126.935772,37.383912],[126.935625,37.384313],[126.935561,37.384487],[126.935542,37.38454],[126.935534,37.384563],[126.935492,37.384677],[126.93541,37.3849],[126.935405,37.384914],[126.935395,37.384942],[126.93537,37.38501],[126.935343,37.385085],[126.935336,37.385095],[126.935334,37.385098],[126.935334,37.385099],[126.935386,37.385115],[126.935459,37.385139],[126.935459,37.385139],[126.935435,37.385207],[126.93538,37.385358],[126.935379,37.385362],[126.935377,37.385367],[126.935377,37.385367],[126.935248,37.385338],[126.935229,37.385383],[126.935225,37.385392],[126.935219,37.385407],[126.935215,37.385416],[126.935214,37.385421],[126.935209,37.385432],[126.935202,37.385451],[126.935151,37.385583],[126.935126,37.385647],[126.935075,37.385796],[126.935069,37.385813],[126.935048,37.38587],[126.935003,37.385989],[126.934965,37.386091],[126.934896,37.386276],[126.934878,37.386326],[126.934844,37.386415],[126.934784,37.386575],[126.934654,37.386924],[126.934617,37.387024],[126.934617,37.387025],[126.934611,37.387041],[126.934602,37.387063],[126.934319,37.387817],[126.934251,37.38801],[126.93425,37.38801],[126.934241,37.388038],[126.934098,37.388426],[126.934008,37.388672],[126.933995,37.388708],[126.933989,37.388725],[126.933979,37.388753],[126.933907,37.38895],[126.933901,37.388965],[126.933717,37.389469],[126.933663,37.389615],[126.933609,37.389764],[126.933548,37.38993],[126.933536,37.389963],[126.933536,37.389963],[126.93353,37.389978],[126.933446,37.390205],[126.933358,37.390438]]]}},{"type":"Feature","properties":{"dong":"안양7동","gu":"만안구","adm_nm":"경기도 안양시만안구 안양7동","adm_cd":"31041570"},"geometry":{"type":"Polygon","coordinates":[[[126.940982,37.391823],[126.94091,37.391978],[126.94087,37.392064],[126.940822,37.392167],[126.94078,37.392236],[126.94078,37.392237],[126.940702,37.392363],[126.940696,37.392372],[126.940551,37.392607],[126.940328,37.39287],[126.940249,37.392964],[126.940164,37.393064],[126.940041,37.393184],[126.940036,37.393188],[126.939753,37.393465],[126.939718,37.393499],[126.939274,37.393748],[126.939017,37.393892],[126.938704,37.394068],[126.938697,37.394072],[126.938691,37.394076],[126.93869,37.394076],[126.938683,37.39408],[126.938273,37.39431],[126.938132,37.394389],[126.938116,37.394398],[126.93811,37.394402],[126.938061,37.394429],[126.938052,37.394434],[126.938018,37.394453],[126.938014,37.394455],[126.937864,37.394539],[126.937864,37.39454],[126.937748,37.394605],[126.937672,37.394647],[126.937498,37.394725],[126.937085,37.394908],[126.937059,37.39492],[126.937034,37.394931],[126.937032,37.394932],[126.936739,37.395062],[126.93667,37.395092],[126.93666,37.395097],[126.93666,37.395097],[126.936469,37.395182],[126.93624,37.395284],[126.936094,37.395348],[126.936088,37.395351],[126.936088,37.395351],[126.935908,37.395431],[126.935895,37.395437],[126.935883,37.395442],[126.935647,37.395547],[126.935479,37.395622],[126.935427,37.395645],[126.935382,37.395665],[126.935366,37.395673],[126.935355,37.395678],[126.935317,37.395695],[126.935296,37.395705],[126.935277,37.395713],[126.935258,37.395722],[126.935003,37.395837],[126.934832,37.395914],[126.93469,37.395978],[126.93456,37.396037],[126.934545,37.396044],[126.93452,37.396055],[126.934186,37.396206],[126.934174,37.396211],[126.934149,37.396223],[126.934047,37.396269],[126.934032,37.396275],[126.934,37.39629],[126.933837,37.396363],[126.933816,37.396373],[126.933657,37.396445],[126.933587,37.396477],[126.933542,37.396497],[126.93334,37.396588],[126.933339,37.396589],[126.933279,37.396616],[126.933212,37.396646],[126.933153,37.396673],[126.933143,37.396677],[126.933143,37.396677],[126.933119,37.396688],[126.93286,37.396805],[126.93276,37.39685],[126.93263,37.396909],[126.932612,37.396917],[126.932577,37.396932],[126.932006,37.397191],[126.931491,37.397423],[126.93148,37.397431],[126.931472,37.397436],[126.931463,37.397442],[126.930948,37.397167],[126.930391,37.396869],[126.930104,37.396716],[126.930101,37.396714],[126.929955,37.396636],[126.929774,37.39654],[126.92968,37.39649],[126.929309,37.396291],[126.929286,37.396279],[126.929259,37.396264],[126.929099,37.396179],[126.929021,37.396137],[126.92879,37.396014],[126.928486,37.395851],[126.928404,37.395808],[126.928343,37.395775],[126.928316,37.39576],[126.928297,37.39575],[126.928269,37.395735],[126.928273,37.395732],[126.928281,37.395726],[126.928764,37.395356],[126.928765,37.395355],[126.928991,37.395181],[126.929018,37.39516],[126.929024,37.395156],[126.929036,37.395147],[126.929202,37.395019],[126.929712,37.394628],[126.929725,37.394618],[126.929838,37.394531],[126.930129,37.394308],[126.930142,37.394298],[126.930156,37.394287],[126.930162,37.394282],[126.930196,37.394256],[126.93026,37.394206],[126.93027,37.394197],[126.930289,37.394182],[126.930291,37.39418],[126.930502,37.394011],[126.930618,37.393919],[126.930684,37.393866],[126.930816,37.393762],[126.930832,37.393749],[126.930952,37.393654],[126.930959,37.393649],[126.93096,37.393647],[126.930988,37.393625],[126.93105,37.393576],[126.931333,37.393347],[126.931384,37.393306],[126.931385,37.393306],[126.931424,37.393274],[126.931427,37.393272],[126.931447,37.393254],[126.931927,37.392816],[126.931988,37.392754],[126.932061,37.39268],[126.93207,37.392671],[126.932107,37.392633],[126.932216,37.392504],[126.932224,37.392495],[126.93223,37.392488],[126.932411,37.392273],[126.932448,37.392227],[126.93257,37.392073],[126.932634,37.391976],[126.932709,37.391862],[126.93277,37.391752],[126.932786,37.391721],[126.932791,37.391712],[126.932809,37.39168],[126.932825,37.391652],[126.932926,37.391471],[126.932936,37.391451],[126.932967,37.391386],[126.933013,37.391288],[126.933079,37.39115],[126.933108,37.391087],[126.933112,37.391078],[126.933223,37.390797],[126.933226,37.390789],[126.933231,37.390777],[126.933249,37.390732],[126.933358,37.390438],[126.933446,37.390205],[126.93353,37.389978],[126.933536,37.389963],[126.933536,37.389963],[126.933548,37.38993],[126.933609,37.389764],[126.933663,37.389615],[126.933717,37.389469],[126.933901,37.388965],[126.933907,37.38895],[126.933979,37.388753],[126.933989,37.388725],[126.933995,37.388708],[126.934008,37.388672],[126.934098,37.388426],[126.934241,37.388038],[126.93425,37.38801],[126.934251,37.38801],[126.934319,37.387817],[126.934602,37.387063],[126.934611,37.387041],[126.934617,37.387025],[126.934617,37.387024],[126.934654,37.386924],[126.934784,37.386575],[126.934844,37.386415],[126.934878,37.386326],[126.934896,37.386276],[126.934965,37.386091],[126.935003,37.385989],[126.935048,37.38587],[126.935069,37.385813],[126.935075,37.385796],[126.935126,37.385647],[126.935151,37.385583],[126.935202,37.385451],[126.935209,37.385432],[126.935214,37.385421],[126.935215,37.385416],[126.935219,37.385407],[126.935225,37.385392],[126.935229,37.385383],[126.935248,37.385338],[126.935377,37.385367],[126.935377,37.385367],[126.935379,37.385362],[126.93538,37.385358],[126.935435,37.385207],[126.935459,37.385139],[126.935459,37.385139],[126.935386,37.385115],[126.935334,37.385099],[126.935334,37.385098],[126.935336,37.385095],[126.935343,37.385085],[126.93537,37.38501],[126.935395,37.384942],[126.935405,37.384914],[126.93541,37.3849],[126.935492,37.384677],[126.935534,37.384563],[126.935542,37.38454],[126.935561,37.384487],[126.935625,37.384313],[126.935772,37.383912],[126.93581,37.383806],[126.935936,37.38346],[126.935938,37.383456],[126.93599,37.383315],[126.936009,37.383261],[126.936072,37.383101],[126.936095,37.383043],[126.936243,37.382664],[126.936445,37.382211],[126.936509,37.382068],[126.936568,37.381955],[126.936568,37.381954],[126.936571,37.381949],[126.936647,37.381803],[126.936743,37.381642],[126.936765,37.381605],[126.936911,37.381366],[126.937011,37.381224],[126.937012,37.381222],[126.937139,37.381043],[126.937484,37.380613],[126.937512,37.380584],[126.93754,37.380555],[126.937554,37.380541],[126.93783,37.380256],[126.937944,37.380137],[126.938377,37.379733],[126.938482,37.37964],[126.93868,37.379466],[126.938864,37.379303],[126.939685,37.378558],[126.939877,37.378374],[126.940027,37.378231],[126.940045,37.378211],[126.940059,37.378197],[126.940061,37.378194],[126.940093,37.37816],[126.940195,37.378053],[126.940215,37.378033],[126.940297,37.377946],[126.940422,37.377806],[126.940512,37.377704],[126.940687,37.377488],[126.94074,37.377423],[126.940785,37.37736],[126.940877,37.377235],[126.940956,37.377128],[126.940959,37.377124],[126.940978,37.377132],[126.940979,37.377132],[126.941003,37.377135],[126.941021,37.377138],[126.941121,37.377153],[126.941121,37.377155],[126.941121,37.377156],[126.941124,37.377168],[126.941176,37.377184],[126.941232,37.377204],[126.941283,37.377222],[126.941381,37.377259],[126.941392,37.377262],[126.941448,37.377282],[126.941495,37.377294],[126.941502,37.377297],[126.941569,37.37733],[126.941635,37.377363],[126.941637,37.377364],[126.941585,37.377415],[126.941512,37.377483],[126.94146,37.37753],[126.941387,37.3776],[126.941314,37.377668],[126.941219,37.377756],[126.941218,37.377757],[126.941126,37.377842],[126.941022,37.377936],[126.940866,37.378079],[126.940848,37.378096],[126.940754,37.378179],[126.940696,37.378234],[126.940645,37.378282],[126.94053,37.37839],[126.940523,37.378396],[126.940515,37.378404],[126.940461,37.378454],[126.9404,37.378512],[126.940304,37.378601],[126.940294,37.378616],[126.940278,37.378638],[126.940308,37.378648],[126.940328,37.378654],[126.940333,37.378654],[126.940384,37.378651],[126.940452,37.378647],[126.940467,37.378634],[126.940469,37.378633],[126.94047,37.378632],[126.940472,37.378632],[126.940474,37.378631],[126.940475,37.378631],[126.940586,37.37863],[126.940586,37.37863],[126.940588,37.378631],[126.94059,37.378631],[126.940591,37.378631],[126.940593,37.378632],[126.940594,37.378633],[126.940602,37.378639],[126.940614,37.378639],[126.940638,37.378638],[126.940811,37.378628],[126.941083,37.378572],[126.941263,37.378542],[126.941332,37.37853],[126.941872,37.378518],[126.941868,37.378522],[126.941709,37.378656],[126.941709,37.378656],[126.941671,37.378723],[126.941637,37.378781],[126.941412,37.379008],[126.941254,37.379166],[126.940736,37.379474],[126.939665,37.380043],[126.939549,37.380105],[126.939281,37.380247],[126.939273,37.380252],[126.939173,37.380381],[126.939159,37.380399],[126.939113,37.380486],[126.939099,37.380512],[126.93908,37.380548],[126.939045,37.380668],[126.93904,37.380684],[126.939021,37.380836],[126.939011,37.380934],[126.939007,37.380967],[126.939007,37.38101],[126.939007,37.381105],[126.939016,37.3812],[126.939024,37.381278],[126.939067,37.381413],[126.939082,37.38146],[126.939204,37.381749],[126.939334,37.382055],[126.939364,37.382129],[126.939443,37.382324],[126.939528,37.382478],[126.939534,37.382488],[126.939567,37.382548],[126.939612,37.382629],[126.939613,37.38263],[126.939717,37.38282],[126.940146,37.383754],[126.940158,37.383781],[126.940158,37.383781],[126.940169,37.383804],[126.940169,37.383805],[126.940174,37.383815],[126.940226,37.383972],[126.940436,37.384392],[126.940448,37.384418],[126.940449,37.384418],[126.940449,37.384419],[126.94059,37.384634],[126.94066,37.38474],[126.940895,37.385098],[126.940901,37.385108],[126.940995,37.385251],[126.941078,37.385412],[126.941221,37.385692],[126.941229,37.385711],[126.94123,37.385714],[126.941281,37.385848],[126.94129,37.385898],[126.941301,37.38596],[126.941301,37.386065],[126.941301,37.386067],[126.941301,37.386135],[126.941281,37.386285],[126.941248,37.386432],[126.941248,37.386434],[126.941217,37.386572],[126.941166,37.386754],[126.941156,37.38679],[126.941154,37.386799],[126.941149,37.386815],[126.941146,37.386826],[126.941141,37.386846],[126.941125,37.386993],[126.941118,37.387057],[126.9411,37.387227],[126.941054,37.387666],[126.941057,37.387684],[126.941072,37.387758],[126.941118,37.387986],[126.941161,37.388109],[126.941267,37.388285],[126.941386,37.388628],[126.941425,37.388748],[126.941434,37.388775],[126.941475,37.388906],[126.941603,37.389292],[126.941603,37.389293],[126.941651,37.389438],[126.941674,37.389504],[126.941691,37.389555],[126.941752,37.389752],[126.941764,37.389805],[126.941765,37.389811],[126.941767,37.389817],[126.941767,37.389819],[126.941769,37.389828],[126.941771,37.389836],[126.941776,37.389858],[126.941779,37.389871],[126.941772,37.390035],[126.941767,37.390096],[126.941767,37.390098],[126.941762,37.390172],[126.941761,37.390172],[126.941759,37.390185],[126.941739,37.390313],[126.941652,37.390672],[126.941632,37.390746],[126.941619,37.390795],[126.941615,37.390808],[126.941592,37.390892],[126.94159,37.390901],[126.941555,37.39103],[126.941545,37.391068],[126.941535,37.391107],[126.941503,37.391228],[126.941497,37.391252],[126.941493,37.391267],[126.941422,37.391539],[126.941404,37.391599],[126.941346,37.391794],[126.941338,37.391822],[126.941182,37.391794],[126.941009,37.391764],[126.940982,37.391823]]]}},{"type":"Feature","properties":{"dong":"안양8동","gu":"만안구","adm_nm":"경기도 안양시만안구 안양8동","adm_cd":"31041580"},"geometry":{"type":"Polygon","coordinates":[[[126.933659,37.383802],[126.933566,37.383914],[126.933414,37.384098],[126.933261,37.384281],[126.933113,37.384462],[126.932886,37.384736],[126.932865,37.384761],[126.932831,37.384803],[126.932792,37.38485],[126.932643,37.38503],[126.932555,37.385135],[126.932336,37.385399],[126.932161,37.385611],[126.932088,37.385699],[126.932081,37.385707],[126.931813,37.385553],[126.931644,37.385457],[126.931639,37.385454],[126.931639,37.385454],[126.931631,37.385449],[126.931252,37.385248],[126.930893,37.385058],[126.930537,37.384872],[126.930525,37.384865],[126.930514,37.38486],[126.930059,37.384622],[126.930054,37.384619],[126.930051,37.384618],[126.929647,37.384407],[126.929586,37.384375],[126.929576,37.384369],[126.929477,37.384317],[126.929204,37.384173],[126.928836,37.383979],[126.928832,37.383977],[126.928823,37.383972],[126.928672,37.383892],[126.928366,37.383731],[126.92836,37.383728],[126.92835,37.383723],[126.928209,37.383892],[126.928048,37.384085],[126.928035,37.384111],[126.928019,37.384143],[126.927941,37.384291],[126.927874,37.384406],[126.927815,37.384458],[126.92776,37.384507],[126.927736,37.384471],[126.927506,37.384406],[126.92731,37.384352],[126.927209,37.384342],[126.9272,37.384341],[126.927142,37.384336],[126.927127,37.384335],[126.927113,37.384334],[126.926991,37.384324],[126.926857,37.384314],[126.9268,37.384311],[126.926797,37.384311],[126.926778,37.38431],[126.926733,37.384311],[126.926545,37.384314],[126.926523,37.384315],[126.926504,37.384315],[126.926489,37.384288],[126.926483,37.384276],[126.926404,37.384131],[126.926392,37.384123],[126.92635,37.384094],[126.926241,37.384053],[126.926151,37.384062],[126.926121,37.384036],[126.926171,37.383999],[126.926128,37.383966],[126.926064,37.383929],[126.925886,37.383961],[126.925778,37.384022],[126.925667,37.384085],[126.925619,37.384112],[126.925488,37.384066],[126.925486,37.384066],[126.925357,37.38402],[126.92521,37.384026],[126.925092,37.384017],[126.924877,37.384001],[126.924856,37.384],[126.924695,37.384102],[126.92442,37.384155],[126.923946,37.384602],[126.923851,37.384691],[126.92371,37.38347],[126.923671,37.383133],[126.923386,37.382755],[126.923377,37.382744],[126.923139,37.382423],[126.922584,37.381712],[126.921914,37.380899],[126.921647,37.380575],[126.921647,37.380552],[126.921641,37.380297],[126.921453,37.380154],[126.921447,37.380149],[126.921265,37.380011],[126.920582,37.379336],[126.92024,37.378862],[126.92018,37.378779],[126.920168,37.378759],[126.920104,37.378654],[126.920023,37.378522],[126.919806,37.378169],[126.919525,37.377922],[126.919474,37.377866],[126.919431,37.377818],[126.919354,37.377714],[126.919285,37.377545],[126.919247,37.377356],[126.919211,37.377178],[126.919203,37.377124],[126.919332,37.377039],[126.919541,37.377062],[126.920171,37.377],[126.920988,37.376919],[126.92198,37.376821],[126.922502,37.376913],[126.923509,37.37709],[126.923528,37.377094],[126.923856,37.377151],[126.924405,37.377248],[126.924787,37.377316],[126.925005,37.377354],[126.925124,37.377355],[126.925294,37.377355],[126.92664,37.377359],[126.927703,37.377363],[126.927833,37.377363],[126.928059,37.377364],[126.92835,37.377365],[126.928437,37.377365],[126.928689,37.377407],[126.928839,37.377432],[126.929364,37.377443],[126.929695,37.377472],[126.930351,37.377669],[126.930352,37.377669],[126.930362,37.377666],[126.930763,37.377579],[126.931269,37.377477],[126.931412,37.377448],[126.931417,37.37745],[126.931432,37.377457],[126.93145,37.377453],[126.931535,37.377435],[126.932282,37.37774],[126.932298,37.377747],[126.932332,37.377761],[126.932339,37.377764],[126.932801,37.377602],[126.933042,37.377222],[126.933499,37.377239],[126.933503,37.377238],[126.933529,37.377227],[126.933956,37.377038],[126.934034,37.376938],[126.934045,37.376924],[126.934195,37.376701],[126.934366,37.376457],[126.934418,37.376409],[126.934563,37.376274],[126.934858,37.37609],[126.934861,37.376089],[126.934913,37.37608],[126.934981,37.376068],[126.935532,37.37597],[126.935627,37.375954],[126.935702,37.375892],[126.936076,37.375945],[126.936274,37.375989],[126.936638,37.37607],[126.936808,37.376119],[126.937074,37.376195],[126.937137,37.376217],[126.937373,37.376299],[126.937644,37.376397],[126.937837,37.376471],[126.937913,37.3765],[126.93818,37.376606],[126.938356,37.37668],[126.93838,37.37666],[126.93843,37.376617],[126.938736,37.376356],[126.939069,37.376073],[126.939125,37.376025],[126.939157,37.375998],[126.93944,37.376225],[126.93948,37.376256],[126.939768,37.376045],[126.939934,37.375923],[126.939955,37.375941],[126.940201,37.376154],[126.940326,37.376263],[126.940461,37.37638],[126.940585,37.376487],[126.940564,37.376524],[126.940491,37.37665],[126.940462,37.376697],[126.940599,37.376883],[126.9406,37.376884],[126.9407,37.37702],[126.940805,37.377062],[126.940959,37.377124],[126.940956,37.377128],[126.940877,37.377235],[126.940785,37.37736],[126.94074,37.377423],[126.940687,37.377488],[126.940512,37.377704],[126.940422,37.377806],[126.940297,37.377946],[126.940215,37.378033],[126.940195,37.378053],[126.940093,37.37816],[126.940061,37.378194],[126.940059,37.378197],[126.940045,37.378211],[126.940027,37.378231],[126.939877,37.378374],[126.939685,37.378558],[126.938864,37.379303],[126.93868,37.379466],[126.938482,37.37964],[126.938377,37.379733],[126.937944,37.380137],[126.93783,37.380256],[126.937554,37.380541],[126.93754,37.380555],[126.937512,37.380584],[126.937484,37.380613],[126.937139,37.381043],[126.937012,37.381222],[126.937011,37.381224],[126.936911,37.381366],[126.936765,37.381605],[126.936743,37.381642],[126.936647,37.381803],[126.936571,37.381949],[126.936568,37.381954],[126.936568,37.381955],[126.936509,37.382068],[126.936445,37.382211],[126.936243,37.382664],[126.936095,37.383043],[126.936072,37.383101],[126.935533,37.383197],[126.934926,37.383306],[126.934872,37.38329],[126.934548,37.383342],[126.934517,37.383346],[126.934295,37.383382],[126.934285,37.383383],[126.933976,37.383433],[126.933971,37.383433],[126.933895,37.383523],[126.933795,37.383642],[126.933659,37.383802]]]}},{"type":"Feature","properties":{"dong":"안양9동","gu":"만안구","adm_nm":"경기도 안양시만안구 안양9동","adm_cd":"31041590"},"geometry":{"type":"Polygon","coordinates":[[[126.911108,37.394844],[126.911054,37.394907],[126.910979,37.394994],[126.910828,37.395173],[126.910795,37.395212],[126.910773,37.395207],[126.910306,37.395101],[126.909871,37.394971],[126.909842,37.394962],[126.909782,37.394944],[126.909602,37.394854],[126.909299,37.394817],[126.909157,37.3948],[126.908739,37.39475],[126.908484,37.394765],[126.908402,37.394767],[126.908397,37.394767],[126.907936,37.394897],[126.907815,37.394916],[126.907262,37.395001],[126.907236,37.395005],[126.90723,37.394999],[126.907031,37.394823],[126.906784,37.394881],[126.905749,37.395122],[126.905609,37.395154],[126.905598,37.395152],[126.90514,37.39505],[126.904966,37.394944],[126.904417,37.39503],[126.903788,37.394509],[126.903442,37.394146],[126.902817,37.394096],[126.90225,37.394174],[126.901778,37.393861],[126.901408,37.393698],[126.901058,37.393099],[126.900572,37.393037],[126.900422,37.393018],[126.899579,37.392855],[126.89958,37.392817],[126.899581,37.392773],[126.899589,37.392398],[126.8996,37.391926],[126.898841,37.39138],[126.898623,37.391095],[126.89854,37.390623],[126.898446,37.390088],[126.897836,37.389495],[126.897742,37.389403],[126.897709,37.389371],[126.898057,37.389223],[126.89831,37.388954],[126.898253,37.388228],[126.898228,37.387906],[126.898182,37.387837],[126.897852,37.387341],[126.896772,37.387362],[126.895579,37.38745],[126.895228,37.387022],[126.89503,37.386693],[126.894766,37.386189],[126.894735,37.386147],[126.894337,37.385489],[126.894235,37.38532],[126.894131,37.385207],[126.894006,37.384663],[126.894001,37.384043],[126.894058,37.383872],[126.894107,37.383725],[126.894686,37.383064],[126.895224,37.382655],[126.895388,37.382265],[126.895409,37.382215],[126.895267,37.381894],[126.895012,37.381648],[126.894742,37.381425],[126.894626,37.381266],[126.894487,37.381074],[126.894247,37.380899],[126.893872,37.380765],[126.893867,37.380763],[126.893743,37.380718],[126.893612,37.38022],[126.893516,37.379857],[126.893191,37.379625],[126.892688,37.379534],[126.892584,37.379516],[126.892381,37.379252],[126.892319,37.378271],[126.89191,37.377607],[126.891685,37.376884],[126.891113,37.376351],[126.890656,37.375484],[126.890641,37.375456],[126.890628,37.375431],[126.890791,37.375052],[126.890723,37.374709],[126.890785,37.374522],[126.890803,37.374466],[126.890753,37.374171],[126.890713,37.373934],[126.890793,37.373574],[126.891064,37.373304],[126.891098,37.373268],[126.891359,37.372791],[126.89128,37.372367],[126.8911,37.372106],[126.891191,37.37188],[126.891771,37.37128],[126.891869,37.371178],[126.891976,37.370792],[126.891977,37.370789],[126.892016,37.370647],[126.891735,37.37025],[126.891646,37.369466],[126.892087,37.368845],[126.892178,37.368494],[126.892223,37.368124],[126.892122,37.367908],[126.892055,37.367773],[126.891801,37.3675],[126.891795,37.367493],[126.8923,37.367534],[126.892359,37.367539],[126.892689,37.367433],[126.892713,37.367425],[126.892778,37.367404],[126.89288,37.367152],[126.893038,37.366945],[126.89332,37.366611],[126.893343,37.366584],[126.893953,37.366208],[126.893998,37.36618],[126.894213,37.366153],[126.894326,37.365865],[126.894305,37.365671],[126.894293,37.365558],[126.894158,37.364882],[126.894464,37.364648],[126.894498,37.364369],[126.894668,37.364018],[126.894668,37.364017],[126.894826,37.363694],[126.894624,37.363171],[126.894737,37.362801],[126.894918,37.362567],[126.89476,37.362225],[126.894829,37.361973],[126.894829,37.361928],[126.894829,37.361901],[126.894807,37.361297],[126.89518,37.360829],[126.895237,37.360558],[126.895384,37.360369],[126.895587,37.360271],[126.895791,37.360171],[126.895949,37.35991],[126.896337,37.359526],[126.896378,37.359486],[126.896378,37.359485],[126.896383,37.359489],[126.896904,37.359294],[126.89748,37.359356],[126.897707,37.35938],[126.898094,37.359153],[126.898564,37.359029],[126.899463,37.359105],[126.89992,37.358773],[126.899964,37.358782],[126.900713,37.358893],[126.90118,37.359013],[126.901747,37.359346],[126.901843,37.359383],[126.90213,37.359483],[126.902819,37.359605],[126.903617,37.359898],[126.903775,37.359956],[126.90481,37.360708],[126.90547,37.361432],[126.905475,37.361438],[126.905476,37.361438],[126.906409,37.36152],[126.906413,37.361526],[126.906439,37.361528],[126.907023,37.362477],[126.907061,37.363228],[126.907627,37.363876],[126.907898,37.364482],[126.907905,37.364542],[126.907906,37.364544],[126.907915,37.364619],[126.907972,37.365101],[126.90796,37.365833],[126.908218,37.366352],[126.908302,37.366522],[126.909336,37.367118],[126.909828,37.367849],[126.91042,37.368585],[126.910282,37.369196],[126.910261,37.36935],[126.910206,37.369767],[126.9105,37.369914],[126.910546,37.3702],[126.911123,37.371271],[126.911328,37.371652],[126.911991,37.37262],[126.912251,37.373246],[126.912349,37.373483],[126.912904,37.373359],[126.913555,37.373212],[126.91365,37.373265],[126.913936,37.373423],[126.914009,37.373464],[126.91429,37.373997],[126.914358,37.374345],[126.914425,37.374673],[126.914602,37.374833],[126.914754,37.374972],[126.915323,37.375469],[126.915361,37.375487],[126.915781,37.37568],[126.91621,37.375804],[126.916694,37.375944],[126.916765,37.375965],[126.91716,37.376079],[126.918446,37.376945],[126.918976,37.376999],[126.918991,37.377001],[126.919064,37.377009],[126.91919,37.377023],[126.91927,37.377032],[126.919332,37.377039],[126.919203,37.377124],[126.919203,37.377124],[126.918912,37.377318],[126.917396,37.378807],[126.917296,37.378856],[126.917268,37.378878],[126.916973,37.379121],[126.916795,37.379377],[126.91669,37.379607],[126.916685,37.379614],[126.91651,37.379841],[126.916388,37.379884],[126.915806,37.380089],[126.916041,37.380264],[126.916885,37.380893],[126.916491,37.381481],[126.916339,37.381327],[126.915627,37.380491],[126.915512,37.380356],[126.915215,37.380892],[126.914773,37.381322],[126.914707,37.381385],[126.914585,37.381504],[126.914536,37.381552],[126.914384,37.382062],[126.914614,37.382366],[126.914618,37.382528],[126.91462,37.382591],[126.914587,37.382882],[126.914585,37.382902],[126.914413,37.383094],[126.914263,37.383257],[126.914301,37.383426],[126.914351,37.383648],[126.914854,37.383969],[126.915143,37.384217],[126.915391,37.384247],[126.91557,37.384336],[126.915631,37.384367],[126.916098,37.384386],[126.916914,37.384918],[126.917328,37.384992],[126.917973,37.385519],[126.918086,37.385687],[126.918235,37.385889],[126.918784,37.386102],[126.918711,37.386617],[126.918809,37.387104],[126.918765,37.387249],[126.918532,37.388014],[126.918304,37.388214],[126.918164,37.388406],[126.917984,37.388652],[126.917923,37.389133],[126.917901,37.389204],[126.917864,37.389328],[126.917757,37.389682],[126.917677,37.389946],[126.917794,37.390382],[126.917834,37.390529],[126.917457,37.39073],[126.917033,37.390956],[126.916886,37.391034],[126.91627,37.391363],[126.916217,37.391414],[126.916211,37.391421],[126.91595,37.391777],[126.915818,37.391957],[126.915735,37.392045],[126.915432,37.392299],[126.915421,37.392302],[126.914458,37.392541],[126.914124,37.392313],[126.914124,37.392313],[126.914114,37.392319],[126.914088,37.392354],[126.914074,37.392374],[126.914072,37.392437],[126.914072,37.392544],[126.914088,37.392584],[126.914089,37.392587],[126.914164,37.39277],[126.914182,37.392816],[126.914174,37.392827],[126.914156,37.392848],[126.91399,37.393049],[126.913985,37.393055],[126.913976,37.393066],[126.913871,37.393193],[126.913865,37.3932],[126.913846,37.393223],[126.913843,37.393223],[126.913779,37.393226],[126.913694,37.393229],[126.913692,37.393235],[126.913678,37.39327],[126.913736,37.393278],[126.913792,37.393286],[126.913796,37.393286],[126.913581,37.393559],[126.91349,37.393675],[126.913465,37.393706],[126.91344,37.393738],[126.913447,37.393739],[126.913498,37.393749],[126.913447,37.393791],[126.913442,37.393812],[126.913441,37.393813],[126.913359,37.394109],[126.913278,37.394401],[126.913237,37.394548],[126.913186,37.394728],[126.913167,37.394827],[126.91316,37.39486],[126.913158,37.394882],[126.913153,37.39492],[126.913058,37.394873],[126.912947,37.394906],[126.912922,37.394913],[126.912753,37.394963],[126.912739,37.394967],[126.912703,37.394977],[126.912691,37.394976],[126.91269,37.394976],[126.912676,37.394975],[126.912401,37.394956],[126.912403,37.394942],[126.912404,37.394937],[126.912342,37.394932],[126.912258,37.394884],[126.912238,37.394867],[126.912145,37.394814],[126.912092,37.394784],[126.912064,37.394819],[126.912143,37.394866],[126.912128,37.394886],[126.912133,37.394889],[126.912104,37.394919],[126.912089,37.394919],[126.91208,37.39492],[126.912044,37.394912],[126.912001,37.394897],[126.911902,37.394844],[126.911802,37.394767],[126.911714,37.394689],[126.911646,37.39465],[126.911489,37.394577],[126.911474,37.394569],[126.911385,37.394518],[126.911254,37.394673],[126.911108,37.394844]]]}},{"type":"Feature","properties":{"dong":"석수1동","gu":"만안구","adm_nm":"경기도 안양시만안구 석수1동","adm_cd":"31041600"},"geometry":{"type":"Polygon","coordinates":[[[126.934451,37.443258],[126.934051,37.443473],[126.934027,37.443485],[126.933818,37.443639],[126.933469,37.443896],[126.933408,37.443941],[126.933225,37.444075],[126.933219,37.444079],[126.933002,37.444206],[126.932652,37.444411],[126.932216,37.444666],[126.932136,37.444714],[126.931839,37.444918],[126.93175,37.444976],[126.93149,37.445074],[126.931326,37.445136],[126.930862,37.445335],[126.93056,37.445466],[126.930554,37.445468],[126.930546,37.445485],[126.930517,37.445548],[126.930394,37.445818],[126.930326,37.445969],[126.930317,37.446006],[126.9303,37.446079],[126.930285,37.446142],[126.930282,37.446153],[126.93024,37.446229],[126.930163,37.446378],[126.93021,37.446478],[126.930278,37.446621],[126.930266,37.446654],[126.930278,37.446733],[126.930289,37.446824],[126.930324,37.44709],[126.930357,37.447334],[126.930365,37.447393],[126.930366,37.447523],[126.930368,37.44769],[126.930368,37.447698],[126.930343,37.447777],[126.930304,37.447901],[126.930256,37.448079],[126.930246,37.448116],[126.930174,37.448366],[126.930171,37.448372],[126.930166,37.448384],[126.930056,37.448533],[126.930047,37.448544],[126.929909,37.448735],[126.929786,37.448881],[126.929607,37.449093],[126.929436,37.449295],[126.929286,37.449472],[126.928992,37.449634],[126.928955,37.449736],[126.928911,37.449866],[126.928717,37.449994],[126.928634,37.450051],[126.928416,37.450201],[126.928399,37.450212],[126.928357,37.449899],[126.928326,37.449681],[126.928308,37.449549],[126.92828,37.449353],[126.928256,37.449336],[126.927992,37.449152],[126.92777,37.448994],[126.927745,37.448978],[126.927256,37.448745],[126.92723,37.448732],[126.926783,37.448516],[126.926518,37.448391],[126.926434,37.448272],[126.926354,37.448158],[126.926113,37.447831],[126.926018,37.447702],[126.92578,37.447489],[126.925463,37.447206],[126.924982,37.446782],[126.924883,37.446725],[126.924598,37.446561],[126.924258,37.446361],[126.923996,37.44621],[126.923993,37.446141],[126.923973,37.446131],[126.923577,37.445935],[126.923469,37.445881],[126.923253,37.445773],[126.923072,37.445466],[126.922897,37.445173],[126.922947,37.444873],[126.922903,37.444673],[126.92282,37.444311],[126.922763,37.444041],[126.922649,37.443944],[126.922358,37.443704],[126.922247,37.44356],[126.922026,37.443275],[126.922007,37.443251],[126.921887,37.443097],[126.921657,37.442806],[126.921547,37.442747],[126.921169,37.442546],[126.921107,37.442407],[126.921083,37.442358],[126.920944,37.442048],[126.920794,37.441724],[126.920699,37.44152],[126.920668,37.441428],[126.920657,37.4414],[126.920563,37.441158],[126.920524,37.441054],[126.920497,37.440985],[126.920425,37.440734],[126.920382,37.440598],[126.920279,37.440471],[126.920275,37.440466],[126.919977,37.440285],[126.919427,37.439949],[126.919264,37.439852],[126.918663,37.439983],[126.918389,37.44004],[126.918285,37.440062],[126.918163,37.440087],[126.917857,37.44015],[126.917442,37.440127],[126.917359,37.440122],[126.916472,37.440072],[126.916125,37.440053],[126.916109,37.440045],[126.915389,37.439668],[126.915346,37.439645],[126.915265,37.439603],[126.915177,37.439558],[126.914972,37.439452],[126.914873,37.439401],[126.914829,37.439379],[126.914115,37.439323],[126.913891,37.439307],[126.913536,37.439198],[126.913226,37.439106],[126.91319,37.439095],[126.912809,37.43872],[126.912597,37.438661],[126.912309,37.438579],[126.912306,37.438576],[126.912246,37.438473],[126.912059,37.438176],[126.911865,37.437868],[126.911802,37.437766],[126.911789,37.437754],[126.911756,37.437746],[126.911463,37.437635],[126.911432,37.437623],[126.911422,37.437605],[126.911277,37.437337],[126.911203,37.437201],[126.9112,37.437187],[126.911216,37.437046],[126.911284,37.436543],[126.911333,37.436171],[126.911267,37.436104],[126.911141,37.435976],[126.910852,37.435676],[126.910678,37.435498],[126.910654,37.435415],[126.910611,37.435264],[126.910411,37.435037],[126.910223,37.434824],[126.910141,37.434614],[126.910028,37.434324],[126.90997,37.434282],[126.909904,37.434227],[126.909678,37.43406],[126.909406,37.433865],[126.909396,37.43386],[126.909174,37.433842],[126.90914,37.433837],[126.908593,37.433692],[126.90856,37.433684],[126.908549,37.433682],[126.90851,37.433686],[126.908399,37.433694],[126.908272,37.433702],[126.907934,37.433725],[126.907573,37.433632],[126.907527,37.43362],[126.90747,37.433604],[126.907457,37.433598],[126.907254,37.433518],[126.907089,37.433547],[126.907069,37.43363],[126.906935,37.433695],[126.906928,37.433699],[126.906898,37.433694],[126.906748,37.433673],[126.906704,37.433686],[126.906591,37.433718],[126.906681,37.433686],[126.906682,37.433685],[126.906684,37.433684],[126.906685,37.433683],[126.906686,37.433682],[126.906687,37.433681],[126.906687,37.433679],[126.906687,37.433678],[126.906687,37.433676],[126.906687,37.433675],[126.906686,37.433674],[126.906634,37.433597],[126.906623,37.433597],[126.906603,37.433597],[126.906548,37.433622],[126.906521,37.433635],[126.90652,37.433636],[126.906519,37.433636],[126.906518,37.433638],[126.906517,37.433639],[126.906516,37.43364],[126.906516,37.433642],[126.906516,37.433643],[126.906516,37.433644],[126.906516,37.433646],[126.90652,37.433654],[126.906472,37.433705],[126.906472,37.433705],[126.906471,37.433707],[126.90647,37.433708],[126.90647,37.433709],[126.90647,37.433711],[126.90647,37.433712],[126.90647,37.433713],[126.906471,37.433715],[126.906472,37.433716],[126.906473,37.433717],[126.906473,37.433717],[126.906505,37.433744],[126.906498,37.433757],[126.90648,37.433794],[126.906459,37.433777],[126.906458,37.433776],[126.906456,37.433775],[126.906455,37.433775],[126.906453,37.433774],[126.906452,37.433774],[126.90645,37.433774],[126.906448,37.433775],[126.906446,37.433775],[126.906444,37.433776],[126.906443,37.433777],[126.906442,37.433778],[126.906427,37.433759],[126.906402,37.433727],[126.90638,37.433698],[126.906368,37.433702],[126.906233,37.433881],[126.906206,37.433905],[126.90619,37.43392],[126.906137,37.433966],[126.906115,37.433986],[126.906102,37.433982],[126.906101,37.433982],[126.906099,37.433982],[126.906097,37.433982],[126.906095,37.433982],[126.906093,37.433983],[126.906092,37.433983],[126.90609,37.433984],[126.906089,37.433986],[126.906088,37.433987],[126.906084,37.433995],[126.905844,37.433996],[126.905825,37.433996],[126.905731,37.433997],[126.905498,37.433998],[126.90539,37.433998],[126.905388,37.433998],[126.905265,37.433997],[126.905225,37.433997],[126.904818,37.433994],[126.904445,37.434032],[126.904311,37.434063],[126.904255,37.434076],[126.904078,37.434086],[126.904,37.434091],[126.90375,37.434105],[126.903654,37.43413],[126.903526,37.434162],[126.903472,37.434163],[126.903438,37.434143],[126.903386,37.434112],[126.903238,37.434097],[126.90321,37.434095],[126.903159,37.434089],[126.902988,37.434068],[126.902989,37.434081],[126.902983,37.434105],[126.902972,37.434144],[126.902943,37.434187],[126.902935,37.434206],[126.90293,37.434218],[126.902926,37.434232],[126.902874,37.434445],[126.902862,37.434507],[126.902823,37.434614],[126.902804,37.434704],[126.902799,37.434731],[126.902789,37.434776],[126.902788,37.434801],[126.902784,37.434892],[126.902785,37.434944],[126.902791,37.435131],[126.902795,37.43525],[126.902796,37.4353],[126.902801,37.435457],[126.902804,37.435642],[126.902767,37.435642],[126.90276,37.435642],[126.902757,37.435699],[126.902749,37.435834],[126.90275,37.435857],[126.902751,37.435862],[126.902725,37.435871],[126.902725,37.435871],[126.902706,37.435878],[126.902626,37.435935],[126.902604,37.435951],[126.902589,37.435962],[126.902588,37.435962],[126.902498,37.436003],[126.902484,37.436009],[126.902464,37.436024],[126.902459,37.436028],[126.902463,37.436006],[126.902463,37.436004],[126.902463,37.436003],[126.902463,37.436001],[126.902462,37.436],[126.902461,37.435999],[126.90246,37.435998],[126.902458,37.435997],[126.902457,37.435996],[126.902455,37.435995],[126.902453,37.435995],[126.902453,37.435995],[126.902349,37.435987],[126.902349,37.435987],[126.902347,37.435987],[126.902345,37.435988],[126.902344,37.435988],[126.902342,37.435989],[126.902341,37.43599],[126.902339,37.435991],[126.902338,37.435992],[126.902338,37.435993],[126.902337,37.435995],[126.90231,37.436123],[126.902212,37.436183],[126.902206,37.436201],[126.90213,37.436235],[126.902106,37.436246],[126.902023,37.436284],[126.901926,37.436354],[126.901879,37.436387],[126.901861,37.436398],[126.901931,37.436336],[126.901931,37.436336],[126.902127,37.435591],[126.902133,37.435571],[126.902174,37.435416],[126.902271,37.435045],[126.902409,37.43452],[126.902246,37.434506],[126.902301,37.434155],[126.90246,37.434163],[126.902503,37.434165],[126.902512,37.434114],[126.902617,37.433555],[126.902693,37.433172],[126.902706,37.433107],[126.902718,37.433051],[126.902844,37.432415],[126.902895,37.43216],[126.902962,37.431824],[126.902964,37.431811],[126.902969,37.431786],[126.90304,37.431415],[126.90304,37.431415],[126.903042,37.431407],[126.903142,37.430881],[126.903225,37.430447],[126.903238,37.430378],[126.903337,37.429857],[126.903337,37.429857],[126.903341,37.429836],[126.903344,37.429821],[126.903391,37.429575],[126.903446,37.429287],[126.903456,37.429239],[126.903476,37.429146],[126.903499,37.429032],[126.903538,37.428851],[126.903538,37.428847],[126.903615,37.428481],[126.903687,37.428142],[126.90372,37.427982],[126.903731,37.427933],[126.903733,37.427921],[126.903783,37.427762],[126.903839,37.427586],[126.903868,37.42751],[126.903934,37.42734],[126.904056,37.42702],[126.904057,37.427019],[126.904058,37.427015],[126.904098,37.426912],[126.904185,37.426738],[126.904346,37.426416],[126.904416,37.426291],[126.904698,37.425789],[126.904857,37.425505],[126.905001,37.425241],[126.905154,37.424962],[126.905307,37.424675],[126.905321,37.42465],[126.905351,37.424592],[126.905691,37.423956],[126.905713,37.423914],[126.905723,37.423896],[126.905723,37.423895],[126.905727,37.423889],[126.90573,37.423882],[126.905736,37.423873],[126.905918,37.423551],[126.906018,37.423373],[126.906158,37.423123],[126.906388,37.422708],[126.90667,37.422197],[126.906671,37.422196],[126.906671,37.422196],[126.906951,37.421697],[126.906978,37.421649],[126.906985,37.421636],[126.906987,37.421632],[126.907125,37.421399],[126.907191,37.421286],[126.907245,37.421205],[126.907409,37.420962],[126.907614,37.420686],[126.907756,37.420495],[126.90786,37.420365],[126.907889,37.420328],[126.908226,37.419904],[126.90823,37.4199],[126.908248,37.419877],[126.90835,37.419751],[126.908587,37.419456],[126.908589,37.419454],[126.908617,37.419419],[126.908621,37.419414],[126.908912,37.419052],[126.908915,37.419048],[126.90895,37.419005],[126.90897,37.41898],[126.909049,37.419018],[126.909086,37.419036],[126.90911,37.419007],[126.909198,37.418897],[126.909233,37.418855],[126.909333,37.418731],[126.909335,37.418729],[126.909335,37.418728],[126.909221,37.418668],[126.909225,37.418663],[126.909602,37.418195],[126.909636,37.418152],[126.909664,37.418117],[126.909731,37.418033],[126.909732,37.418032],[126.909738,37.418025],[126.910289,37.417339],[126.910327,37.417291],[126.910344,37.41727],[126.910357,37.417253],[126.91037,37.417237],[126.910374,37.417232],[126.910485,37.417094],[126.91049,37.417088],[126.910555,37.417007],[126.910655,37.416881],[126.910667,37.416867],[126.91068,37.416851],[126.91068,37.416851],[126.910851,37.416637],[126.911036,37.416408],[126.911043,37.416399],[126.911061,37.416376],[126.91112,37.416302],[126.911139,37.416278],[126.91114,37.416277],[126.911154,37.41626],[126.91117,37.416239],[126.911252,37.416137],[126.911257,37.41613],[126.911258,37.416129],[126.911336,37.416031],[126.911427,37.415918],[126.91146,37.415876],[126.911673,37.415609],[126.911823,37.415421],[126.911967,37.415241],[126.911968,37.41524],[126.912148,37.415013],[126.912336,37.414778],[126.912362,37.414746],[126.912367,37.414739],[126.912384,37.414718],[126.912479,37.414599],[126.912561,37.414497],[126.912576,37.414478],[126.912576,37.414478],[126.912578,37.414475],[126.912582,37.41447],[126.912852,37.414132],[126.91298,37.413972],[126.912982,37.413968],[126.912988,37.413961],[126.912994,37.413954],[126.912996,37.413951],[126.913239,37.413646],[126.913297,37.413574],[126.913369,37.413483],[126.913375,37.413476],[126.913377,37.413474],[126.913606,37.413187],[126.91364,37.413144],[126.913652,37.413149],[126.913678,37.41316],[126.913752,37.413193],[126.913788,37.41323],[126.913825,37.413256],[126.913871,37.413289],[126.913981,37.413384],[126.914018,37.413417],[126.914138,37.413484],[126.914207,37.413531],[126.914301,37.413594],[126.914304,37.413596],[126.914392,37.413656],[126.91454,37.41379],[126.914571,37.413811],[126.914856,37.413997],[126.914911,37.414033],[126.914952,37.414057],[126.915181,37.41419],[126.915305,37.414262],[126.915405,37.414321],[126.915461,37.414372],[126.915606,37.414503],[126.915624,37.41452],[126.915634,37.414562],[126.915654,37.414644],[126.915698,37.414824],[126.915747,37.415027],[126.915761,37.415086],[126.915812,37.41546],[126.915815,37.415479],[126.915824,37.415548],[126.91586,37.415824],[126.915848,37.415845],[126.915846,37.415849],[126.915795,37.415945],[126.915794,37.415949],[126.915785,37.416022],[126.915776,37.416095],[126.915761,37.416209],[126.91578,37.416296],[126.915801,37.416395],[126.915813,37.416414],[126.915855,37.416481],[126.915865,37.416498],[126.916092,37.416667],[126.916235,37.416774],[126.916244,37.416805],[126.916327,37.416827],[126.916502,37.416874],[126.916513,37.416875],[126.916552,37.416879],[126.916555,37.41688],[126.916683,37.416893],[126.916754,37.416919],[126.916776,37.416927],[126.916829,37.416947],[126.916833,37.416948],[126.916958,37.416993],[126.917223,37.417137],[126.91735,37.417206],[126.917471,37.417271],[126.91768,37.417385],[126.917734,37.417436],[126.917834,37.417531],[126.917849,37.417545],[126.917927,37.417619],[126.917932,37.417638],[126.917943,37.417686],[126.917952,37.417725],[126.918122,37.417859],[126.91818,37.417903],[126.918325,37.418018],[126.918896,37.418399],[126.919009,37.41844],[126.919144,37.418488],[126.919197,37.418504],[126.919204,37.418506],[126.919283,37.418535],[126.919346,37.418559],[126.919497,37.418617],[126.919608,37.418659],[126.919625,37.41866],[126.919657,37.418662],[126.919853,37.418672],[126.919984,37.418679],[126.920558,37.418709],[126.920564,37.418704],[126.920656,37.418634],[126.920805,37.41852],[126.920903,37.418444],[126.920694,37.418428],[126.920495,37.418412],[126.920489,37.418407],[126.920395,37.418323],[126.92038,37.418291],[126.920297,37.418226],[126.920264,37.4182],[126.920237,37.418146],[126.920122,37.418055],[126.919857,37.417844],[126.919715,37.417809],[126.91964,37.41779],[126.919682,37.417671],[126.919736,37.417517],[126.919751,37.417474],[126.919859,37.417498],[126.919932,37.417514],[126.919967,37.417522],[126.920098,37.417551],[126.920206,37.417576],[126.920314,37.4176],[126.920325,37.417602],[126.920444,37.417629],[126.920501,37.417642],[126.920574,37.417658],[126.920704,37.417687],[126.920834,37.417716],[126.920967,37.417746],[126.921141,37.417785],[126.921326,37.417826],[126.921378,37.417679],[126.921384,37.417662],[126.92139,37.417644],[126.921401,37.417613],[126.921565,37.417607],[126.921568,37.417458],[126.921457,37.417454],[126.921469,37.417418],[126.921512,37.417297],[126.921323,37.417255],[126.921153,37.417217],[126.920946,37.41717],[126.92094,37.417157],[126.920934,37.417143],[126.920951,37.417136],[126.920983,37.417124],[126.920966,37.417105],[126.920945,37.417081],[126.920947,37.417077],[126.920948,37.417071],[126.921022,37.417006],[126.920983,37.416957],[126.920926,37.416935],[126.92091,37.416914],[126.92089,37.416895],[126.920874,37.416883],[126.920866,37.416877],[126.92084,37.416863],[126.920815,37.416853],[126.920845,37.416774],[126.920932,37.416831],[126.921337,37.417193],[126.92212,37.417558],[126.922142,37.417556],[126.922727,37.41752],[126.922656,37.417159],[126.923027,37.416984],[126.923238,37.416607],[126.923438,37.416442],[126.92365,37.416031],[126.923611,37.416017],[126.923546,37.415994],[126.923432,37.415952],[126.92273,37.415698],[126.92221,37.415509],[126.921571,37.415277],[126.921687,37.414788],[126.921693,37.414768],[126.921993,37.413627],[126.922091,37.413111],[126.921671,37.412918],[126.921646,37.412906],[126.921232,37.412693],[126.922283,37.412166],[126.922923,37.412292],[126.923307,37.412257],[126.92435,37.412528],[126.924371,37.41254],[126.924555,37.412644],[126.924875,37.412526],[126.925033,37.412468],[126.923287,37.411567],[126.923278,37.411559],[126.923203,37.41149],[126.922769,37.411094],[126.922447,37.410953],[126.922905,37.410474],[126.925299,37.410551],[126.9255,37.410604],[126.925611,37.411447],[126.925617,37.411495],[126.925641,37.411691],[126.925657,37.411822],[126.925763,37.411915],[126.925889,37.412025],[126.926468,37.412533],[126.927,37.412256],[126.927109,37.412199],[126.927439,37.412027],[126.927507,37.411842],[126.92754,37.41175],[126.927672,37.411389],[126.927731,37.411226],[126.927824,37.410971],[126.927985,37.410532],[126.928013,37.410455],[126.928052,37.410349],[126.928299,37.410305],[126.928386,37.410289],[126.92839,37.410307],[126.928563,37.411306],[126.928781,37.412595],[126.928807,37.412744],[126.928826,37.412857],[126.929218,37.413568],[126.929305,37.413727],[126.929394,37.413891],[126.929773,37.414589],[126.929764,37.415042],[126.930938,37.414956],[126.934508,37.414695],[126.935692,37.414608],[126.935756,37.414604],[126.936308,37.41457],[126.937937,37.414464],[126.937948,37.414463],[126.93825,37.414444],[126.938126,37.415173],[126.938125,37.41518],[126.938137,37.415189],[126.939492,37.416178],[126.940446,37.417606],[126.941458,37.418336],[126.941829,37.419125],[126.943816,37.419953],[126.946597,37.421113],[126.94675,37.421172],[126.947303,37.421386],[126.947829,37.421163],[126.947872,37.421355],[126.947902,37.421674],[126.948588,37.422033],[126.948682,37.422429],[126.948502,37.423017],[126.948651,37.42351],[126.948609,37.423579],[126.947695,37.425093],[126.947644,37.426188],[126.948353,37.426683],[126.94818,37.427605],[126.948041,37.427938],[126.947992,37.427987],[126.947897,37.428083],[126.948132,37.428324],[126.948681,37.428964],[126.948813,37.429212],[126.948643,37.429731],[126.948538,37.430056],[126.948495,37.430328],[126.948634,37.430563],[126.948374,37.4309],[126.948867,37.431375],[126.948977,37.431555],[126.949032,37.4317],[126.948881,37.432639],[126.948927,37.432777],[126.948971,37.432909],[126.948553,37.434489],[126.948453,37.434866],[126.947989,37.43565],[126.948347,37.436425],[126.948194,37.437236],[126.948404,37.437415],[126.948315,37.437762],[126.948384,37.437918],[126.948155,37.43863],[126.948113,37.438611],[126.948034,37.438576],[126.947947,37.438535],[126.947854,37.438492],[126.947599,37.438412],[126.947166,37.438273],[126.947028,37.438235],[126.946789,37.438167],[126.94659,37.43793],[126.94638,37.437769],[126.945676,37.437305],[126.94509,37.437088],[126.944637,37.437123],[126.94406,37.437198],[126.943523,37.437266],[126.943385,37.437283],[126.943284,37.4373],[126.942624,37.437405],[126.942232,37.437466],[126.941979,37.437506],[126.941424,37.437404],[126.941149,37.436992],[126.941138,37.436976],[126.941137,37.436969],[126.941103,37.436918],[126.940879,37.43667],[126.940708,37.436479],[126.94053,37.43628],[126.940502,37.436137],[126.940503,37.436129],[126.940503,37.436123],[126.94048,37.436008],[126.940472,37.435982],[126.940427,37.435802],[126.940352,37.435769],[126.94022,37.435712],[126.939558,37.435956],[126.93954,37.435963],[126.939384,37.436019],[126.939364,37.436026],[126.938626,37.436029],[126.938622,37.436029],[126.938615,37.436096],[126.938575,37.436415],[126.938575,37.43642],[126.938546,37.436449],[126.938375,37.436609],[126.938326,37.436653],[126.938283,37.436721],[126.938252,37.43677],[126.938165,37.436905],[126.938146,37.436942],[126.938015,37.437184],[126.938012,37.437189],[126.937989,37.437209],[126.937752,37.437382],[126.937746,37.437386],[126.937751,37.437392],[126.937741,37.437469],[126.937742,37.437582],[126.937744,37.437879],[126.937725,37.437926],[126.937656,37.438094],[126.937579,37.438286],[126.937563,37.438327],[126.93747,37.438424],[126.937273,37.438632],[126.937265,37.438793],[126.937258,37.438927],[126.937249,37.439168],[126.937247,37.439213],[126.937402,37.439374],[126.937605,37.439591],[126.937639,37.439627],[126.937694,37.439684],[126.937714,37.439721],[126.937758,37.439866],[126.937843,37.440136],[126.937864,37.440198],[126.937746,37.440354],[126.937543,37.44062],[126.937373,37.440843],[126.937354,37.440872],[126.937239,37.440994],[126.937194,37.441042],[126.936949,37.441299],[126.936847,37.441402],[126.936812,37.441438],[126.936772,37.441543],[126.936735,37.441635],[126.936688,37.441696],[126.936651,37.441741],[126.936647,37.441746],[126.936307,37.441905],[126.936202,37.441954],[126.936041,37.442093],[126.935986,37.442142],[126.935841,37.442156],[126.935643,37.442178],[126.935577,37.442283],[126.935441,37.442497],[126.935382,37.442549],[126.935259,37.442657],[126.935255,37.44266],[126.935126,37.442898],[126.935113,37.442922],[126.93511,37.442928],[126.935032,37.443064],[126.934898,37.443209],[126.934895,37.443212],[126.934894,37.443213],[126.934888,37.443216],[126.934741,37.443208],[126.934564,37.443197],[126.934451,37.443258]]]}},{"type":"Feature","properties":{"dong":"석수2동","gu":"만안구","adm_nm":"경기도 안양시만안구 석수2동","adm_cd":"31041610"},"geometry":{"type":"Polygon","coordinates":[[[126.899145,37.438668],[126.899069,37.438678],[126.899037,37.438683],[126.899034,37.438683],[126.899019,37.438684],[126.898999,37.438686],[126.898992,37.438687],[126.898979,37.4387],[126.898978,37.438702],[126.898978,37.438701],[126.898987,37.438664],[126.898987,37.438664],[126.898991,37.438653],[126.898994,37.438642],[126.899017,37.438652],[126.899026,37.438656],[126.899039,37.438662],[126.899091,37.438562],[126.899171,37.438408],[126.899184,37.438382],[126.899255,37.438243],[126.899261,37.438231],[126.899409,37.438114],[126.899439,37.438092],[126.899514,37.438036],[126.899529,37.438025],[126.899629,37.437922],[126.899689,37.437787],[126.899688,37.43745],[126.899688,37.437431],[126.899695,37.437078],[126.89969,37.43707],[126.89958,37.436887],[126.899498,37.436745],[126.899365,37.436412],[126.899407,37.436204],[126.899427,37.436103],[126.899462,37.436044],[126.899513,37.435955],[126.899556,37.435883],[126.89958,37.435855],[126.899581,37.435855],[126.899591,37.435839],[126.899596,37.43583],[126.899579,37.435743],[126.899554,37.435607],[126.899526,37.435455],[126.899523,37.435442],[126.899442,37.435165],[126.899418,37.435086],[126.899417,37.435081],[126.89942,37.435068],[126.899426,37.435049],[126.89961,37.434995],[126.899795,37.43486],[126.899841,37.434827],[126.899843,37.434658],[126.899842,37.434658],[126.899682,37.434599],[126.899479,37.434524],[126.899339,37.43451],[126.899232,37.434507],[126.899212,37.434506],[126.899196,37.434447],[126.89917,37.434349],[126.899146,37.434263],[126.899108,37.43412],[126.899091,37.434088],[126.899083,37.434072],[126.899152,37.434031],[126.899162,37.434025],[126.899196,37.434005],[126.899197,37.43392],[126.899199,37.433812],[126.8992,37.433772],[126.899206,37.433453],[126.899206,37.433445],[126.899207,37.433401],[126.899065,37.433397],[126.898962,37.43336],[126.898958,37.433359],[126.898793,37.433349],[126.898715,37.433327],[126.898629,37.433152],[126.898522,37.432935],[126.898508,37.432929],[126.898349,37.432728],[126.898384,37.432652],[126.898457,37.432492],[126.898472,37.432399],[126.898501,37.432246],[126.898423,37.432089],[126.898319,37.431881],[126.898267,37.431782],[126.898247,37.43172],[126.898233,37.43169],[126.898207,37.431596],[126.898165,37.43144],[126.898137,37.431269],[126.898124,37.431251],[126.898112,37.431234],[126.89784,37.431059],[126.897829,37.431056],[126.897448,37.430955],[126.897446,37.430954],[126.897438,37.430957],[126.896889,37.43116],[126.896733,37.431175],[126.896695,37.431179],[126.896517,37.431196],[126.896505,37.431197],[126.896304,37.431084],[126.896235,37.431045],[126.896186,37.430992],[126.895992,37.430775],[126.895866,37.43064],[126.895832,37.430596],[126.895823,37.430584],[126.895799,37.430569],[126.895795,37.430566],[126.89567,37.430472],[126.895616,37.43043],[126.895529,37.430369],[126.895416,37.430286],[126.895351,37.430238],[126.895334,37.430227],[126.895306,37.430209],[126.895297,37.430202],[126.895203,37.430132],[126.895097,37.430066],[126.894749,37.429856],[126.894732,37.429846],[126.894685,37.429818],[126.894678,37.429813],[126.894676,37.429791],[126.894674,37.429772],[126.894665,37.429681],[126.894662,37.42965],[126.894658,37.429614],[126.89465,37.429534],[126.894644,37.429465],[126.89464,37.429428],[126.894537,37.429315],[126.894494,37.429269],[126.894417,37.429187],[126.894328,37.429089],[126.894404,37.429046],[126.894406,37.429045],[126.894407,37.429044],[126.894408,37.429042],[126.894409,37.429041],[126.894409,37.429039],[126.894409,37.429038],[126.894409,37.429036],[126.894408,37.429035],[126.894407,37.429033],[126.894328,37.428946],[126.894327,37.428945],[126.894326,37.428944],[126.894325,37.428943],[126.894323,37.428943],[126.894321,37.428942],[126.89432,37.428942],[126.894318,37.428942],[126.894316,37.428943],[126.894314,37.428943],[126.894313,37.428944],[126.89429,37.428957],[126.894309,37.428915],[126.894323,37.428879],[126.894339,37.42887],[126.89434,37.42887],[126.894341,37.428869],[126.894342,37.428867],[126.894343,37.428866],[126.894343,37.428865],[126.894344,37.428863],[126.894343,37.428862],[126.894343,37.428861],[126.894342,37.428859],[126.894342,37.428858],[126.894334,37.42885],[126.894336,37.428845],[126.894357,37.428792],[126.894404,37.428684],[126.894512,37.428356],[126.894521,37.428324],[126.894528,37.428302],[126.894507,37.428278],[126.894486,37.428253],[126.894283,37.428018],[126.89426,37.427993],[126.894247,37.427979],[126.89423,37.427962],[126.894232,37.427927],[126.894225,37.42787],[126.894215,37.427801],[126.894306,37.427613],[126.894351,37.427575],[126.894527,37.42745],[126.894578,37.427415],[126.894836,37.427358],[126.894938,37.427335],[126.895225,37.427374],[126.895337,37.427523],[126.89546,37.427677],[126.895542,37.427727],[126.895549,37.427732],[126.895703,37.427829],[126.895771,37.427834],[126.895804,37.427837],[126.896149,37.427871],[126.896189,37.42786],[126.896565,37.427761],[126.896574,37.427759],[126.896605,37.427729],[126.896744,37.427592],[126.896765,37.427572],[126.896814,37.427421],[126.896866,37.427266],[126.896887,37.427202],[126.896892,37.42719],[126.89679,37.427004],[126.896719,37.426848],[126.896707,37.426838],[126.896692,37.426827],[126.896613,37.426772],[126.896447,37.426659],[126.896394,37.426624],[126.896311,37.426562],[126.896256,37.426496],[126.896172,37.426394],[126.89615,37.426367],[126.896156,37.42634],[126.896196,37.426144],[126.896208,37.42613],[126.896287,37.426039],[126.896417,37.425881],[126.896469,37.425817],[126.896558,37.42546],[126.896559,37.425455],[126.896549,37.425435],[126.896544,37.425422],[126.896517,37.425364],[126.896434,37.425184],[126.896194,37.425051],[126.896045,37.424963],[126.895745,37.424832],[126.895661,37.424795],[126.895617,37.424775],[126.895433,37.424692],[126.895004,37.424385],[126.894985,37.424372],[126.894975,37.424205],[126.894973,37.424169],[126.894959,37.42381],[126.894959,37.423809],[126.894955,37.423708],[126.894953,37.42365],[126.894952,37.423638],[126.894922,37.423589],[126.894829,37.42342],[126.894777,37.423317],[126.894745,37.423276],[126.894693,37.423208],[126.894339,37.422924],[126.894313,37.422904],[126.894297,37.422892],[126.894263,37.422828],[126.894109,37.422563],[126.894087,37.422526],[126.894034,37.422319],[126.89401,37.422107],[126.893973,37.421892],[126.893871,37.421438],[126.893899,37.421229],[126.893906,37.421177],[126.893924,37.421038],[126.893942,37.420916],[126.893951,37.420856],[126.893954,37.420831],[126.893951,37.420807],[126.893916,37.420546],[126.893914,37.420535],[126.893883,37.420493],[126.893872,37.420479],[126.89384,37.420436],[126.893798,37.42038],[126.893783,37.420359],[126.893731,37.420324],[126.893675,37.420284],[126.89366,37.420274],[126.893592,37.420228],[126.893482,37.420257],[126.893269,37.4203],[126.892986,37.420363],[126.892979,37.420364],[126.892855,37.420382],[126.892601,37.420419],[126.892238,37.420468],[126.891861,37.420519],[126.891761,37.420533],[126.891647,37.420489],[126.891566,37.420459],[126.891461,37.420419],[126.891417,37.420402],[126.890431,37.420382],[126.89043,37.420382],[126.890428,37.420381],[126.890426,37.420381],[126.890425,37.42038],[126.890423,37.420379],[126.890422,37.420378],[126.890421,37.420377],[126.890421,37.420376],[126.890234,37.41991],[126.890234,37.419909],[126.890234,37.419907],[126.890234,37.419906],[126.890235,37.419904],[126.890236,37.419903],[126.890237,37.419902],[126.890238,37.4199],[126.89024,37.4199],[126.890241,37.419899],[126.890395,37.419856],[126.890117,37.419696],[126.890066,37.419658],[126.889508,37.419275],[126.889014,37.418397],[126.889002,37.418374],[126.889024,37.418317],[126.889064,37.418244],[126.889078,37.418219],[126.889124,37.418134],[126.889126,37.41813],[126.889257,37.418055],[126.889334,37.418008],[126.889336,37.418007],[126.889418,37.417938],[126.889604,37.417861],[126.889769,37.417792],[126.889819,37.417771],[126.889813,37.41773],[126.889811,37.417719],[126.8898,37.417649],[126.889796,37.417623],[126.889769,37.417624],[126.889767,37.417601],[126.889744,37.417439],[126.889708,37.417281],[126.889707,37.41728],[126.889712,37.417278],[126.889742,37.417258],[126.889982,37.417167],[126.890199,37.417563],[126.890235,37.417629],[126.890245,37.417646],[126.890252,37.417659],[126.890349,37.417634],[126.890463,37.417588],[126.890492,37.417591],[126.890713,37.417619],[126.890773,37.417626],[126.890811,37.417647],[126.891051,37.417776],[126.891183,37.417724],[126.891919,37.417437],[126.892329,37.417277],[126.892352,37.417268],[126.892407,37.417247],[126.892551,37.417516],[126.892584,37.417577],[126.89266,37.417719],[126.892704,37.4178],[126.892713,37.417818],[126.89274,37.417868],[126.892766,37.417848],[126.892952,37.41768],[126.892953,37.417679],[126.892985,37.417645],[126.893021,37.4176],[126.893213,37.417316],[126.893227,37.417295],[126.893238,37.417278],[126.893335,37.417134],[126.893329,37.416946],[126.893325,37.416841],[126.893319,37.416789],[126.892981,37.416303],[126.892958,37.416299],[126.892929,37.416292],[126.892785,37.416274],[126.892566,37.416242],[126.892506,37.416234],[126.892413,37.416217],[126.892108,37.416177],[126.891902,37.416195],[126.891782,37.416206],[126.891716,37.416211],[126.891692,37.416213],[126.891276,37.416296],[126.890946,37.416269],[126.890751,37.416061],[126.890917,37.415804],[126.891213,37.415278],[126.891234,37.415251],[126.891159,37.415128],[126.891102,37.415029],[126.891106,37.415024],[126.891185,37.414967],[126.891261,37.414909],[126.891322,37.414852],[126.891332,37.414842],[126.891407,37.414768],[126.891474,37.414708],[126.891498,37.414689],[126.891574,37.414609],[126.891632,37.414549],[126.891707,37.41468],[126.891826,37.414469],[126.891908,37.414125],[126.891918,37.41408],[126.891948,37.413957],[126.891969,37.413867],[126.892072,37.413095],[126.892194,37.413273],[126.892304,37.413614],[126.892317,37.413628],[126.892337,37.413564],[126.89235,37.413446],[126.892356,37.413395],[126.892376,37.413211],[126.892383,37.413147],[126.892446,37.413138],[126.892439,37.413096],[126.892421,37.412973],[126.89244,37.412906],[126.892451,37.412739],[126.892465,37.412543],[126.892479,37.412477],[126.892487,37.412443],[126.892535,37.412261],[126.892569,37.412207],[126.892669,37.412169],[126.892671,37.412169],[126.892745,37.412085],[126.892782,37.412069],[126.892949,37.411992],[126.89298,37.411973],[126.893067,37.411889],[126.893099,37.411857],[126.893169,37.411777],[126.8932,37.411742],[126.893267,37.411686],[126.893275,37.411698],[126.893302,37.411717],[126.893312,37.411708],[126.893439,37.41163],[126.893452,37.411622],[126.893462,37.411612],[126.893542,37.411528],[126.893566,37.411502],[126.893595,37.411473],[126.89369,37.411314],[126.893692,37.411311],[126.893825,37.411161],[126.894012,37.410951],[126.894079,37.410703],[126.894084,37.410683],[126.89409,37.410603],[126.894192,37.410544],[126.894194,37.410543],[126.894465,37.410381],[126.894773,37.410263],[126.894971,37.410157],[126.894949,37.410117],[126.895219,37.40991],[126.89525,37.409954],[126.895318,37.410013],[126.895443,37.409935],[126.895366,37.409796],[126.895416,37.40966],[126.895304,37.409368],[126.895312,37.409307],[126.895359,37.409024],[126.895363,37.409009],[126.895522,37.40895],[126.89565,37.408932],[126.895651,37.408925],[126.895659,37.408895],[126.895664,37.408894],[126.895676,37.408895],[126.895697,37.408901],[126.8957,37.408902],[126.895855,37.408946],[126.895983,37.409073],[126.895987,37.409077],[126.89612,37.40921],[126.896113,37.409219],[126.896097,37.409241],[126.896293,37.409439],[126.896382,37.409503],[126.896398,37.409514],[126.896416,37.409527],[126.896432,37.409549],[126.896443,37.409564],[126.896447,37.409565],[126.896517,37.409576],[126.896672,37.4096],[126.896718,37.409654],[126.896777,37.409669],[126.896844,37.409668],[126.896903,37.40964],[126.896985,37.40955],[126.897111,37.409561],[126.897432,37.409569],[126.897444,37.409687],[126.897501,37.409678],[126.897506,37.409677],[126.897508,37.40969],[126.897516,37.409745],[126.897565,37.409774],[126.897609,37.409746],[126.897748,37.409656],[126.897806,37.409648],[126.89782,37.409646],[126.897893,37.409636],[126.897916,37.409614],[126.897972,37.40966],[126.898079,37.409603],[126.898107,37.409588],[126.898173,37.409553],[126.898227,37.409521],[126.898319,37.409712],[126.898387,37.409853],[126.898415,37.409894],[126.898513,37.41005],[126.898386,37.410071],[126.898129,37.410115],[126.897918,37.410151],[126.897882,37.410157],[126.898043,37.410554],[126.898076,37.410628],[126.898119,37.410885],[126.897596,37.411241],[126.897607,37.411263],[126.897847,37.411729],[126.898071,37.411995],[126.898146,37.41202],[126.898379,37.4121],[126.898561,37.412162],[126.89965,37.411874],[126.899991,37.412084],[126.900081,37.412423],[126.9013,37.412382],[126.902291,37.411831],[126.902193,37.411562],[126.902155,37.411461],[126.902165,37.411458],[126.902198,37.411448],[126.902209,37.411443],[126.902241,37.411428],[126.902306,37.411383],[126.902339,37.411347],[126.902341,37.411345],[126.902365,37.411319],[126.902434,37.411213],[126.902469,37.411134],[126.902529,37.411019],[126.902573,37.410936],[126.90258,37.410923],[126.902588,37.410922],[126.902728,37.410929],[126.902784,37.410931],[126.903115,37.410948],[126.903263,37.41095],[126.903262,37.410943],[126.90326,37.410935],[126.903223,37.410757],[126.903126,37.410302],[126.902673,37.410298],[126.902662,37.41026],[126.902703,37.409939],[126.902979,37.40936],[126.903483,37.408304],[126.903553,37.408159],[126.903639,37.408148],[126.903881,37.408299],[126.904381,37.40861],[126.904864,37.408703],[126.904981,37.408762],[126.905104,37.408885],[126.905111,37.409287],[126.905213,37.409302],[126.906617,37.409516],[126.90671,37.409165],[126.906831,37.408703],[126.906874,37.408542],[126.906912,37.408396],[126.90695,37.408254],[126.906964,37.408199],[126.906968,37.408184],[126.906988,37.408151],[126.907017,37.408102],[126.907009,37.4081],[126.906857,37.40806],[126.906855,37.408057],[126.906844,37.408036],[126.906768,37.407894],[126.906773,37.407886],[126.906967,37.407563],[126.906985,37.407532],[126.907449,37.407651],[126.90745,37.407652],[126.907876,37.40776],[126.908207,37.407845],[126.909049,37.408061],[126.909338,37.408135],[126.909351,37.408138],[126.909504,37.408177],[126.909861,37.408269],[126.909977,37.408298],[126.909989,37.408301],[126.910001,37.408304],[126.91004,37.408314],[126.910178,37.40835],[126.91085,37.408522],[126.910853,37.408523],[126.911003,37.408561],[126.911004,37.408561],[126.911391,37.40866],[126.911676,37.408733],[126.9117,37.40874],[126.912019,37.408821],[126.912216,37.408871],[126.912236,37.408877],[126.91226,37.408883],[126.912856,37.409035],[126.912863,37.409121],[126.912863,37.409123],[126.912912,37.40972],[126.912922,37.409841],[126.913001,37.410817],[126.913001,37.410818],[126.913048,37.411391],[126.913112,37.412177],[126.913136,37.412471],[126.913137,37.412483],[126.913153,37.412677],[126.913154,37.412683],[126.913173,37.412921],[126.913174,37.41293],[126.913199,37.412942],[126.913246,37.412964],[126.913459,37.413062],[126.913545,37.413101],[126.91364,37.413144],[126.913606,37.413187],[126.913377,37.413474],[126.913375,37.413476],[126.913369,37.413483],[126.913297,37.413574],[126.913239,37.413646],[126.912996,37.413951],[126.912994,37.413954],[126.912988,37.413961],[126.912982,37.413968],[126.91298,37.413972],[126.912852,37.414132],[126.912582,37.41447],[126.912578,37.414475],[126.912576,37.414478],[126.912576,37.414478],[126.912561,37.414497],[126.912479,37.414599],[126.912384,37.414718],[126.912367,37.414739],[126.912362,37.414746],[126.912336,37.414778],[126.912148,37.415013],[126.911968,37.41524],[126.911967,37.415241],[126.911823,37.415421],[126.911673,37.415609],[126.91146,37.415876],[126.911427,37.415918],[126.911336,37.416031],[126.911258,37.416129],[126.911257,37.41613],[126.911252,37.416137],[126.91117,37.416239],[126.911154,37.41626],[126.91114,37.416277],[126.911139,37.416278],[126.91112,37.416302],[126.911061,37.416376],[126.911043,37.416399],[126.911036,37.416408],[126.910851,37.416637],[126.91068,37.416851],[126.91068,37.416851],[126.910667,37.416867],[126.910655,37.416881],[126.910555,37.417007],[126.91049,37.417088],[126.910485,37.417094],[126.910374,37.417232],[126.91037,37.417237],[126.910357,37.417253],[126.910344,37.41727],[126.910327,37.417291],[126.910289,37.417339],[126.909738,37.418025],[126.909732,37.418032],[126.909731,37.418033],[126.909664,37.418117],[126.909636,37.418152],[126.909602,37.418195],[126.909225,37.418663],[126.909221,37.418668],[126.909335,37.418728],[126.909335,37.418729],[126.909333,37.418731],[126.909233,37.418855],[126.909198,37.418897],[126.90911,37.419007],[126.909086,37.419036],[126.909049,37.419018],[126.90897,37.41898],[126.90895,37.419005],[126.908915,37.419048],[126.908912,37.419052],[126.908621,37.419414],[126.908617,37.419419],[126.908589,37.419454],[126.908587,37.419456],[126.90835,37.419751],[126.908248,37.419877],[126.90823,37.4199],[126.908226,37.419904],[126.907889,37.420328],[126.90786,37.420365],[126.907756,37.420495],[126.907614,37.420686],[126.907409,37.420962],[126.907245,37.421205],[126.907191,37.421286],[126.907125,37.421399],[126.906987,37.421632],[126.906985,37.421636],[126.906978,37.421649],[126.906951,37.421697],[126.906671,37.422196],[126.906671,37.422196],[126.90667,37.422197],[126.906388,37.422708],[126.906158,37.423123],[126.906018,37.423373],[126.905918,37.423551],[126.905736,37.423873],[126.90573,37.423882],[126.905727,37.423889],[126.905723,37.423895],[126.905723,37.423896],[126.905713,37.423914],[126.905691,37.423956],[126.905351,37.424592],[126.905321,37.42465],[126.905307,37.424675],[126.905154,37.424962],[126.905001,37.425241],[126.904857,37.425505],[126.904698,37.425789],[126.904416,37.426291],[126.904346,37.426416],[126.904185,37.426738],[126.904098,37.426912],[126.904058,37.427015],[126.904057,37.427019],[126.904056,37.42702],[126.903934,37.42734],[126.903868,37.42751],[126.903839,37.427586],[126.903783,37.427762],[126.903733,37.427921],[126.903731,37.427933],[126.90372,37.427982],[126.903687,37.428142],[126.903615,37.428481],[126.903538,37.428847],[126.903538,37.428851],[126.903499,37.429032],[126.903476,37.429146],[126.903456,37.429239],[126.903446,37.429287],[126.903391,37.429575],[126.903344,37.429821],[126.903341,37.429836],[126.903337,37.429857],[126.903337,37.429857],[126.903238,37.430378],[126.903225,37.430447],[126.903142,37.430881],[126.903042,37.431407],[126.90304,37.431415],[126.90304,37.431415],[126.902969,37.431786],[126.902964,37.431811],[126.902962,37.431824],[126.902895,37.43216],[126.902844,37.432415],[126.902718,37.433051],[126.902706,37.433107],[126.902693,37.433172],[126.902617,37.433555],[126.902512,37.434114],[126.902503,37.434165],[126.90246,37.434163],[126.902301,37.434155],[126.902246,37.434506],[126.902409,37.43452],[126.902271,37.435045],[126.902174,37.435416],[126.902133,37.435571],[126.902127,37.435591],[126.901931,37.436336],[126.901931,37.436336],[126.901861,37.436398],[126.901851,37.436403],[126.901589,37.436551],[126.901582,37.436556],[126.901398,37.436706],[126.901388,37.436714],[126.901334,37.43675],[126.901297,37.436774],[126.901234,37.436816],[126.901068,37.436926],[126.900909,37.436968],[126.900849,37.436984],[126.900847,37.436987],[126.900797,37.437043],[126.900547,37.437323],[126.900535,37.437354],[126.900522,37.43739],[126.900508,37.43742],[126.900439,37.4376],[126.900337,37.437733],[126.900263,37.437778],[126.900275,37.437781],[126.900211,37.437826],[126.900161,37.437847],[126.899931,37.437986],[126.899884,37.438052],[126.899816,37.438099],[126.899704,37.438209],[126.89965,37.43828],[126.899591,37.438312],[126.899512,37.438351],[126.899491,37.438368],[126.899489,37.43837],[126.899441,37.438408],[126.899388,37.438449],[126.899327,37.438504],[126.899253,37.438572],[126.8992,37.43862],[126.899185,37.438631],[126.899145,37.438668]]]}},{"type":"Feature","properties":{"dong":"박달동","gu":"만안구","adm_nm":"경기도 안양시만안구 박달동","adm_cd":"31041630"},"geometry":{"type":"Polygon","coordinates":[[[126.913064,37.404833],[126.913057,37.404844],[126.913055,37.404849],[126.913054,37.404849],[126.91305,37.404857],[126.912907,37.405109],[126.91284,37.405221],[126.912834,37.405231],[126.912833,37.405233],[126.912827,37.405242],[126.912747,37.405375],[126.912628,37.405572],[126.912623,37.405581],[126.912621,37.405584],[126.912395,37.40596],[126.912391,37.405966],[126.912388,37.405971],[126.912388,37.405972],[126.912387,37.405974],[126.912107,37.406438],[126.912102,37.406447],[126.912099,37.406452],[126.911972,37.406662],[126.911827,37.406903],[126.911823,37.40691],[126.911822,37.406911],[126.911822,37.406912],[126.911821,37.406914],[126.911816,37.406922],[126.911581,37.407312],[126.911579,37.407316],[126.911577,37.407318],[126.911576,37.40732],[126.911401,37.407611],[126.911278,37.407814],[126.911203,37.40794],[126.911192,37.407958],[126.911129,37.408062],[126.911042,37.408209],[126.910854,37.40852],[126.910853,37.408523],[126.91085,37.408522],[126.910178,37.40835],[126.91004,37.408314],[126.910001,37.408304],[126.909989,37.408301],[126.909977,37.408298],[126.909861,37.408269],[126.909504,37.408177],[126.909351,37.408138],[126.909338,37.408135],[126.909049,37.408061],[126.908207,37.407845],[126.907876,37.40776],[126.90745,37.407652],[126.907449,37.407651],[126.906985,37.407532],[126.907012,37.407488],[126.906934,37.407456],[126.90681,37.407401],[126.906551,37.407285],[126.906195,37.406998],[126.906148,37.406935],[126.905955,37.406675],[126.90583,37.406528],[126.905655,37.406321],[126.905098,37.406004],[126.90502,37.405939],[126.904787,37.405747],[126.90471,37.405684],[126.904585,37.405475],[126.904547,37.405179],[126.904523,37.405065],[126.904522,37.404999],[126.904491,37.404942],[126.904464,37.404893],[126.904365,37.404808],[126.904286,37.404765],[126.904245,37.404747],[126.904178,37.404716],[126.904018,37.404661],[126.903643,37.404549],[126.903501,37.404525],[126.903245,37.404484],[126.9032,37.404478],[126.903335,37.404405],[126.903641,37.404239],[126.903656,37.404212],[126.903694,37.404208],[126.903703,37.40421],[126.903705,37.404211],[126.903849,37.404222],[126.903896,37.404226],[126.903923,37.404238],[126.903933,37.404243],[126.904227,37.404428],[126.904315,37.404482],[126.904412,37.404511],[126.904423,37.404515],[126.904535,37.404572],[126.90455,37.40458],[126.904653,37.404581],[126.904875,37.404481],[126.904997,37.404426],[126.905129,37.404366],[126.905211,37.404351],[126.905522,37.404242],[126.905636,37.404202],[126.905692,37.404182],[126.905733,37.404168],[126.905719,37.404138],[126.905702,37.404029],[126.905701,37.404023],[126.905705,37.40389],[126.905714,37.403562],[126.905741,37.403216],[126.905751,37.403089],[126.905764,37.403086],[126.905809,37.403075],[126.905814,37.402979],[126.905822,37.402826],[126.905799,37.402804],[126.905809,37.402774],[126.905805,37.402743],[126.905806,37.40268],[126.905809,37.40262],[126.905804,37.402613],[126.906269,37.40263],[126.906336,37.402632],[126.906474,37.402637],[126.9068,37.402648],[126.907001,37.402651],[126.907272,37.402655],[126.907285,37.402649],[126.907301,37.402642],[126.907358,37.402616],[126.90738,37.40256],[126.907404,37.402498],[126.907422,37.402475],[126.907446,37.402476],[126.907445,37.402483],[126.907456,37.402493],[126.907479,37.402513],[126.907573,37.402521],[126.907657,37.402561],[126.907665,37.402566],[126.907671,37.402561],[126.907757,37.402496],[126.907859,37.402498],[126.907845,37.402187],[126.907833,37.40193],[126.907832,37.401919],[126.907832,37.401911],[126.90797,37.401782],[126.907939,37.401745],[126.907948,37.401688],[126.908012,37.401657],[126.908056,37.401636],[126.908056,37.401551],[126.908053,37.401527],[126.90805,37.401509],[126.908049,37.401435],[126.908082,37.401398],[126.908087,37.401354],[126.908123,37.401321],[126.908132,37.401284],[126.908147,37.401227],[126.908193,37.401171],[126.908253,37.401142],[126.90835,37.401069],[126.908377,37.401061],[126.908426,37.401068],[126.908529,37.400991],[126.908567,37.40094],[126.908581,37.400903],[126.908626,37.400875],[126.908636,37.40084],[126.908644,37.400836],[126.908941,37.40067],[126.909259,37.400492],[126.909383,37.40044],[126.909387,37.400438],[126.909426,37.400422],[126.909431,37.400432],[126.909668,37.400365],[126.909921,37.400253],[126.91016,37.40015],[126.910196,37.400204],[126.910219,37.400239],[126.910414,37.400493],[126.910377,37.4009],[126.910361,37.401085],[126.910393,37.401114],[126.910462,37.40118],[126.910566,37.401277],[126.910609,37.401318],[126.911037,37.40133],[126.911146,37.401287],[126.911074,37.401365],[126.911002,37.401488],[126.910788,37.401486],[126.910821,37.401514],[126.910855,37.401541],[126.910899,37.401542],[126.910955,37.401541],[126.910955,37.401543],[126.910978,37.401543],[126.910934,37.401617],[126.910994,37.40168],[126.910994,37.40168],[126.911079,37.401668],[126.911151,37.401538],[126.911252,37.401539],[126.911417,37.40154],[126.911536,37.401541],[126.911572,37.401574],[126.911572,37.401581],[126.911589,37.401582],[126.911588,37.401617],[126.911618,37.401605],[126.911645,37.401594],[126.911645,37.401576],[126.911684,37.40154],[126.911807,37.401542],[126.911928,37.401544],[126.911945,37.40156],[126.911974,37.401555],[126.912004,37.401553],[126.912064,37.40155],[126.912072,37.401542],[126.912179,37.401544],[126.912224,37.40154],[126.91226,37.401546],[126.912335,37.401547],[126.912351,37.401563],[126.912415,37.401574],[126.912434,37.401578],[126.912471,37.401548],[126.912566,37.401548],[126.912619,37.401548],[126.912703,37.401548],[126.912771,37.401549],[126.912778,37.401553],[126.912787,37.401551],[126.912825,37.401563],[126.912819,37.401787],[126.912803,37.401787],[126.912803,37.401808],[126.912816,37.401808],[126.912815,37.401861],[126.912814,37.401898],[126.9128,37.401898],[126.912799,37.401925],[126.912799,37.401926],[126.912819,37.401926],[126.912817,37.402047],[126.912796,37.402047],[126.912795,37.402056],[126.912795,37.402059],[126.912819,37.402059],[126.912813,37.402152],[126.912771,37.402188],[126.912667,37.402182],[126.912657,37.402182],[126.912653,37.402214],[126.912651,37.402235],[126.912665,37.402235],[126.912771,37.402235],[126.912796,37.402257],[126.912796,37.402261],[126.912793,37.402381],[126.912793,37.402394],[126.912805,37.402394],[126.912802,37.402492],[126.91279,37.402492],[126.912789,37.402528],[126.912815,37.402528],[126.912857,37.402529],[126.912906,37.40253],[126.913069,37.402533],[126.91323,37.402536],[126.913363,37.402538],[126.913356,37.402621],[126.913355,37.402632],[126.913347,37.402841],[126.91334,37.40311],[126.91334,37.403114],[126.91334,37.403127],[126.913337,37.403263],[126.913336,37.403322],[126.913328,37.403476],[126.913328,37.403478],[126.913327,37.403483],[126.91332,37.403626],[126.913318,37.403663],[126.913312,37.403807],[126.913311,37.40382],[126.913311,37.403825],[126.913311,37.40383],[126.913302,37.404015],[126.9133,37.404089],[126.913299,37.404094],[126.913298,37.404144],[126.913297,37.404159],[126.913297,37.404161],[126.913288,37.404407],[126.913271,37.40448],[126.913268,37.404492],[126.913262,37.404502],[126.913249,37.404524],[126.913064,37.404833]]]}},{"type":"Feature","properties":{"dong":"호현동","gu":"만안구","adm_nm":"경기도 안양시만안구 호현동","adm_cd":"31041640"},"geometry":{"type":"Polygon","coordinates":[[[126.893238,37.417278],[126.893227,37.417295],[126.893213,37.417316],[126.893021,37.4176],[126.892985,37.417645],[126.892953,37.417679],[126.892952,37.41768],[126.892766,37.417848],[126.89274,37.417868],[126.892713,37.417818],[126.892704,37.4178],[126.89266,37.417719],[126.892584,37.417577],[126.892551,37.417516],[126.892407,37.417247],[126.892352,37.417268],[126.892329,37.417277],[126.891919,37.417437],[126.891183,37.417724],[126.891051,37.417776],[126.890811,37.417647],[126.890773,37.417626],[126.890713,37.417619],[126.890492,37.417591],[126.890463,37.417588],[126.890349,37.417634],[126.890252,37.417659],[126.890245,37.417646],[126.890235,37.417629],[126.890199,37.417563],[126.889982,37.417167],[126.889742,37.417258],[126.889712,37.417278],[126.889707,37.41728],[126.889642,37.417007],[126.889581,37.416795],[126.889452,37.416373],[126.889442,37.416331],[126.889444,37.416277],[126.889451,37.416264],[126.889455,37.416258],[126.889483,37.416224],[126.889501,37.416215],[126.889558,37.416204],[126.889608,37.416195],[126.889626,37.416185],[126.889656,37.41615],[126.889664,37.416137],[126.889662,37.4161],[126.889643,37.416037],[126.889602,37.415938],[126.889547,37.415825],[126.889518,37.415774],[126.889457,37.415682],[126.889365,37.415533],[126.889291,37.415407],[126.889222,37.415291],[126.889199,37.415246],[126.889182,37.414956],[126.889173,37.414854],[126.889158,37.414678],[126.889119,37.414359],[126.889144,37.414315],[126.889176,37.414259],[126.889276,37.414128],[126.889306,37.414043],[126.889333,37.413887],[126.88937,37.413655],[126.889221,37.413703],[126.889219,37.413704],[126.889218,37.413704],[126.889216,37.413704],[126.889214,37.413703],[126.889212,37.413703],[126.88921,37.413702],[126.889209,37.413701],[126.889208,37.4137],[126.889207,37.413699],[126.889206,37.413697],[126.889135,37.41349],[126.889134,37.413488],[126.889134,37.413487],[126.889135,37.413485],[126.889135,37.413484],[126.889136,37.413482],[126.889138,37.413481],[126.889139,37.41348],[126.889141,37.413479],[126.889143,37.413479],[126.889407,37.413418],[126.889407,37.413417],[126.889409,37.413402],[126.889395,37.413296],[126.889395,37.413294],[126.889395,37.413293],[126.889395,37.413291],[126.889396,37.41329],[126.889398,37.413289],[126.889399,37.413287],[126.889401,37.413287],[126.889402,37.413286],[126.889405,37.413285],[126.889404,37.41328],[126.889356,37.413283],[126.889301,37.412821],[126.889263,37.412486],[126.889275,37.412482],[126.889272,37.412463],[126.889268,37.412385],[126.889264,37.412167],[126.889262,37.412089],[126.889141,37.411977],[126.889138,37.41172],[126.889128,37.411681],[126.889065,37.411577],[126.889004,37.411454],[126.888989,37.411423],[126.888644,37.411335],[126.888424,37.411288],[126.887875,37.411159],[126.887821,37.411146],[126.887813,37.411144],[126.887801,37.411125],[126.887656,37.410893],[126.887646,37.410876],[126.887617,37.410834],[126.887188,37.410967],[126.886713,37.411124],[126.886585,37.411196],[126.88587,37.411564],[126.885647,37.411685],[126.885477,37.411698],[126.885442,37.411701],[126.885329,37.411692],[126.885307,37.411688],[126.885182,37.411671],[126.885151,37.411666],[126.885023,37.411649],[126.88483,37.411621],[126.884827,37.411621],[126.884795,37.411616],[126.884807,37.411659],[126.884809,37.411663],[126.884733,37.411663],[126.884702,37.411644],[126.884656,37.41162],[126.884614,37.411602],[126.884588,37.411597],[126.884588,37.411597],[126.884636,37.411632],[126.884658,37.411664],[126.884615,37.411644],[126.884612,37.411642],[126.884538,37.41163],[126.884284,37.411589],[126.884104,37.411493],[126.88402,37.411496],[126.883958,37.411468],[126.883952,37.411465],[126.883924,37.411452],[126.883906,37.411444],[126.883664,37.411333],[126.88364,37.411322],[126.883571,37.411291],[126.883199,37.411002],[126.882981,37.410832],[126.882937,37.410799],[126.88278,37.410798],[126.882496,37.410798],[126.882138,37.41079],[126.882048,37.410792],[126.881948,37.410795],[126.881906,37.410796],[126.881803,37.410822],[126.881728,37.410841],[126.881503,37.410844],[126.881313,37.410846],[126.880974,37.41085],[126.880935,37.41085],[126.880933,37.410849],[126.880703,37.410639],[126.880619,37.410562],[126.880316,37.410382],[126.879909,37.41014],[126.879166,37.408996],[126.879147,37.408965],[126.87837,37.408894],[126.878334,37.408915],[126.877629,37.40932],[126.877443,37.409445],[126.876456,37.410112],[126.876039,37.410394],[126.876071,37.410678],[126.876056,37.410867],[126.875327,37.411158],[126.874985,37.411559],[126.874999,37.411576],[126.875,37.411578],[126.87499,37.411577],[126.874843,37.411563],[126.874174,37.411457],[126.873666,37.411399],[126.873179,37.411347],[126.872764,37.411296],[126.872555,37.411266],[126.872214,37.411795],[126.871896,37.412288],[126.871485,37.412523],[126.871361,37.412595],[126.871188,37.412695],[126.871164,37.412709],[126.871161,37.412711],[126.871156,37.412683],[126.871103,37.412417],[126.870848,37.411731],[126.870842,37.411715],[126.870653,37.411295],[126.870517,37.411136],[126.870395,37.410993],[126.870386,37.410804],[126.870368,37.410375],[126.870669,37.410137],[126.870844,37.409759],[126.870929,37.409573],[126.870995,37.409429],[126.870923,37.409263],[126.870861,37.409122],[126.870713,37.408791],[126.870702,37.408765],[126.870626,37.408662],[126.870329,37.408256],[126.870242,37.408138],[126.870311,37.407619],[126.870322,37.407523],[126.87035,37.407378],[126.870411,37.407044],[126.870413,37.407036],[126.870574,37.406988],[126.870713,37.406947],[126.871215,37.406799],[126.871713,37.406652],[126.871769,37.406635],[126.872136,37.406605],[126.872921,37.40654],[126.874055,37.406838],[126.874557,37.406969],[126.874835,37.406865],[126.875825,37.406493],[126.875848,37.406485],[126.87586,37.40648],[126.875872,37.406434],[126.876002,37.40593],[126.876212,37.405665],[126.876272,37.40559],[126.876347,37.4055],[126.876409,37.405426],[126.876553,37.405255],[126.876651,37.405262],[126.876832,37.405274],[126.87685,37.405276],[126.877533,37.405084],[126.877612,37.405061],[126.877633,37.405055],[126.877422,37.404605],[126.877212,37.404159],[126.877173,37.403849],[126.877085,37.403158],[126.876962,37.402193],[126.876943,37.402053],[126.876943,37.40204],[126.876943,37.401994],[126.876943,37.401971],[126.876934,37.401956],[126.876925,37.401941],[126.876918,37.401929],[126.876918,37.401929],[126.876941,37.401935],[126.877002,37.401953],[126.87704,37.401963],[126.877043,37.401964],[126.877043,37.401964],[126.877043,37.401954],[126.877042,37.401859],[126.877034,37.401323],[126.876983,37.401011],[126.877037,37.400852],[126.877034,37.400832],[126.877075,37.400712],[126.877104,37.400623],[126.877177,37.400627],[126.877179,37.400627],[126.877181,37.400627],[126.877182,37.400626],[126.877184,37.400626],[126.877185,37.400625],[126.877187,37.400624],[126.877188,37.400623],[126.877188,37.400621],[126.877189,37.40062],[126.877206,37.400536],[126.877207,37.400535],[126.877206,37.400533],[126.877206,37.400532],[126.877205,37.400531],[126.877204,37.400529],[126.877203,37.400528],[126.877201,37.400527],[126.8772,37.400527],[126.877198,37.400526],[126.877196,37.400526],[126.877153,37.400523],[126.877161,37.400467],[126.877161,37.400465],[126.877161,37.400464],[126.87716,37.400462],[126.87716,37.400461],[126.877159,37.40046],[126.877157,37.400459],[126.877156,37.400458],[126.877154,37.400457],[126.877153,37.400457],[126.877151,37.400457],[126.877101,37.400453],[126.877097,37.400439],[126.877132,37.40037],[126.877265,37.400118],[126.87767,37.399792],[126.877717,37.399019],[126.877679,37.398483],[126.877669,37.398437],[126.877601,37.398188],[126.877507,37.397843],[126.877549,37.397465],[126.877566,37.397317],[126.877586,37.397142],[126.877784,37.39683],[126.877935,37.396592],[126.877954,37.396562],[126.876965,37.396239],[126.8769,37.39623],[126.876864,37.396226],[126.876354,37.39604],[126.875708,37.395805],[126.875652,37.395784],[126.87542,37.3957],[126.875398,37.39557],[126.875389,37.395417],[126.875574,37.395201],[126.875741,37.394985],[126.875819,37.394884],[126.87588,37.394805],[126.87589,37.394584],[126.875906,37.394186],[126.875914,37.393954],[126.876526,37.393557],[126.876562,37.393491],[126.876632,37.393366],[126.87673,37.393041],[126.876888,37.392517],[126.876947,37.392317],[126.876964,37.39226],[126.876964,37.39226],[126.876958,37.392228],[126.876901,37.391891],[126.877038,37.390938],[126.877041,37.390882],[126.877052,37.390686],[126.8771,37.390396],[126.877098,37.390354],[126.877083,37.390075],[126.877279,37.389628],[126.877285,37.389615],[126.877324,37.389596],[126.878126,37.389197],[126.877997,37.388959],[126.877995,37.388904],[126.877974,37.38849],[126.877958,37.388173],[126.878113,37.38773],[126.87802,37.3876],[126.8779,37.387431],[126.877868,37.387156],[126.878168,37.38682],[126.878229,37.386751],[126.878228,37.386704],[126.878225,37.386629],[126.878275,37.386575],[126.878275,37.386564],[126.87827,37.386412],[126.878573,37.386266],[126.878676,37.386145],[126.878573,37.386039],[126.878595,37.385623],[126.878635,37.385563],[126.878641,37.385555],[126.878839,37.385205],[126.878988,37.384739],[126.878995,37.384688],[126.879035,37.384562],[126.879093,37.384153],[126.87914,37.384115],[126.879232,37.384041],[126.879246,37.383939],[126.879256,37.383875],[126.879287,37.383852],[126.879288,37.383852],[126.879329,37.38357],[126.879349,37.383429],[126.879373,37.38326],[126.880209,37.382701],[126.880245,37.382676],[126.880259,37.382541],[126.880268,37.382462],[126.880215,37.382355],[126.879862,37.381637],[126.87988,37.381616],[126.880503,37.380909],[126.880511,37.380899],[126.880545,37.380772],[126.880561,37.38071],[126.880609,37.380528],[126.880631,37.380445],[126.880648,37.380378],[126.880659,37.380337],[126.880753,37.379984],[126.880802,37.379799],[126.880824,37.37945],[126.880826,37.379427],[126.881024,37.379189],[126.88103,37.379182],[126.88113,37.379062],[126.88115,37.378912],[126.881151,37.378903],[126.881178,37.378871],[126.881186,37.378811],[126.881281,37.378079],[126.881319,37.377788],[126.881285,37.377659],[126.881265,37.377584],[126.881245,37.377504],[126.881302,37.377445],[126.881322,37.377437],[126.881362,37.377422],[126.881363,37.377421],[126.88162,37.377322],[126.882117,37.377152],[126.882783,37.377152],[126.88345,37.376531],[126.883793,37.376451],[126.883834,37.376442],[126.884104,37.37655],[126.884455,37.376891],[126.884459,37.376895],[126.884465,37.376902],[126.884849,37.376884],[126.88503,37.376785],[126.885459,37.376741],[126.88617,37.37675],[126.886261,37.376679],[126.886815,37.376246],[126.887221,37.376166],[126.887355,37.376143],[126.887752,37.376076],[126.888079,37.375986],[126.888377,37.37591],[126.888396,37.375905],[126.88878,37.375942],[126.889033,37.376005],[126.889096,37.376021],[126.889175,37.376041],[126.889253,37.375991],[126.88948,37.375843],[126.889898,37.375709],[126.890621,37.375448],[126.890628,37.375431],[126.890641,37.375456],[126.890656,37.375484],[126.891113,37.376351],[126.891685,37.376884],[126.89191,37.377607],[126.892319,37.378271],[126.892381,37.379252],[126.892584,37.379516],[126.892688,37.379534],[126.893191,37.379625],[126.893516,37.379857],[126.893612,37.38022],[126.893743,37.380718],[126.893867,37.380763],[126.893872,37.380765],[126.894247,37.380899],[126.894487,37.381074],[126.894626,37.381266],[126.894742,37.381425],[126.895012,37.381648],[126.895267,37.381894],[126.895409,37.382215],[126.895388,37.382265],[126.895224,37.382655],[126.894686,37.383064],[126.894107,37.383725],[126.894058,37.383872],[126.894001,37.384043],[126.894006,37.384663],[126.894131,37.385207],[126.894235,37.38532],[126.894337,37.385489],[126.894735,37.386147],[126.894766,37.386189],[126.89503,37.386693],[126.895228,37.387022],[126.895579,37.38745],[126.896772,37.387362],[126.897852,37.387341],[126.898182,37.387837],[126.898228,37.387906],[126.898253,37.388228],[126.89831,37.388954],[126.898057,37.389223],[126.897709,37.389371],[126.897742,37.389403],[126.897836,37.389495],[126.898446,37.390088],[126.89854,37.390623],[126.898623,37.391095],[126.898841,37.39138],[126.8996,37.391926],[126.899589,37.392398],[126.899581,37.392773],[126.89958,37.392817],[126.899579,37.392855],[126.900422,37.393018],[126.900572,37.393037],[126.901058,37.393099],[126.901408,37.393698],[126.901778,37.393861],[126.90225,37.394174],[126.902817,37.394096],[126.903442,37.394146],[126.903788,37.394509],[126.904417,37.39503],[126.904966,37.394944],[126.90514,37.39505],[126.905598,37.395152],[126.905609,37.395154],[126.905676,37.395456],[126.905699,37.395558],[126.905119,37.396003],[126.904961,37.396285],[126.904891,37.396399],[126.90474,37.396652],[126.904603,37.396974],[126.904243,37.397241],[126.904176,37.397291],[126.904349,37.39745],[126.904433,37.397503],[126.904453,37.397516],[126.904918,37.397811],[126.905097,37.397797],[126.905525,37.397763],[126.905604,37.397779],[126.90649,37.397954],[126.906739,37.397822],[126.907958,37.397694],[126.908279,37.397661],[126.908364,37.397827],[126.908378,37.397855],[126.908542,37.39817],[126.908614,37.398266],[126.908633,37.398271],[126.908614,37.398292],[126.90876,37.398342],[126.909029,37.398434],[126.909592,37.398624],[126.909646,37.398652],[126.91039,37.399044],[126.910385,37.399053],[126.910342,37.399136],[126.910308,37.3992],[126.91026,37.399294],[126.910075,37.399648],[126.909964,37.399862],[126.910122,37.400099],[126.91016,37.40015],[126.909921,37.400253],[126.909668,37.400365],[126.909431,37.400432],[126.909426,37.400422],[126.909387,37.400438],[126.909383,37.40044],[126.909259,37.400492],[126.908941,37.40067],[126.908644,37.400836],[126.908636,37.40084],[126.908626,37.400875],[126.908581,37.400903],[126.908567,37.40094],[126.908529,37.400991],[126.908426,37.401068],[126.908377,37.401061],[126.90835,37.401069],[126.908253,37.401142],[126.908193,37.401171],[126.908147,37.401227],[126.908132,37.401284],[126.908123,37.401321],[126.908087,37.401354],[126.908082,37.401398],[126.908049,37.401435],[126.90805,37.401509],[126.908053,37.401527],[126.908056,37.401551],[126.908056,37.401636],[126.908012,37.401657],[126.907948,37.401688],[126.907939,37.401745],[126.90797,37.401782],[126.907832,37.401911],[126.907832,37.401919],[126.907833,37.40193],[126.907845,37.402187],[126.907859,37.402498],[126.907757,37.402496],[126.907671,37.402561],[126.907665,37.402566],[126.907657,37.402561],[126.907573,37.402521],[126.907479,37.402513],[126.907456,37.402493],[126.907445,37.402483],[126.907446,37.402476],[126.907422,37.402475],[126.907404,37.402498],[126.90738,37.40256],[126.907358,37.402616],[126.907301,37.402642],[126.907285,37.402649],[126.907272,37.402655],[126.907001,37.402651],[126.9068,37.402648],[126.906474,37.402637],[126.906336,37.402632],[126.906269,37.40263],[126.905804,37.402613],[126.905809,37.40262],[126.905806,37.40268],[126.905805,37.402743],[126.905809,37.402774],[126.905799,37.402804],[126.905822,37.402826],[126.905814,37.402979],[126.905809,37.403075],[126.905764,37.403086],[126.905751,37.403089],[126.905741,37.403216],[126.905714,37.403562],[126.905705,37.40389],[126.905701,37.404023],[126.905702,37.404029],[126.905719,37.404138],[126.905733,37.404168],[126.905692,37.404182],[126.905636,37.404202],[126.905522,37.404242],[126.905211,37.404351],[126.905129,37.404366],[126.904997,37.404426],[126.904875,37.404481],[126.904653,37.404581],[126.90455,37.40458],[126.904535,37.404572],[126.904423,37.404515],[126.904412,37.404511],[126.904315,37.404482],[126.904227,37.404428],[126.903933,37.404243],[126.903923,37.404238],[126.903896,37.404226],[126.903849,37.404222],[126.903705,37.404211],[126.903703,37.40421],[126.903694,37.404208],[126.903656,37.404212],[126.903641,37.404239],[126.903335,37.404405],[126.9032,37.404478],[126.902767,37.404427],[126.902414,37.404463],[126.902404,37.404464],[126.902087,37.404495],[126.90206,37.404496],[126.901789,37.404497],[126.90155,37.404498],[126.901485,37.404485],[126.900836,37.404355],[126.900797,37.404336],[126.900722,37.404298],[126.900707,37.404291],[126.900531,37.404204],[126.900498,37.404162],[126.900297,37.403909],[126.900199,37.40382],[126.899884,37.403533],[126.89974,37.403403],[126.899714,37.403379],[126.89918,37.403223],[126.899118,37.403214],[126.899073,37.403207],[126.898486,37.403157],[126.898371,37.403164],[126.898114,37.40318],[126.89794,37.403193],[126.897686,37.403212],[126.897383,37.403331],[126.897239,37.403388],[126.897208,37.4034],[126.897172,37.403421],[126.896992,37.403524],[126.896709,37.403684],[126.896654,37.403715],[126.896481,37.403821],[126.896278,37.403966],[126.896241,37.40399],[126.896089,37.40409],[126.896055,37.404129],[126.896054,37.404129],[126.895789,37.404406],[126.895469,37.40477],[126.89532,37.404956],[126.895004,37.405353],[126.894976,37.405388],[126.894983,37.405427],[126.895016,37.405622],[126.895032,37.405734],[126.895132,37.405863],[126.895293,37.406065],[126.895352,37.406135],[126.895361,37.406159],[126.895383,37.406213],[126.895451,37.406383],[126.895399,37.40672],[126.895355,37.406975],[126.895345,37.407005],[126.895277,37.407205],[126.895225,37.407257],[126.895172,37.407312],[126.895081,37.407363],[126.894675,37.407593],[126.894592,37.407639],[126.894287,37.407766],[126.894015,37.407834],[126.893955,37.40785],[126.893874,37.407867],[126.893617,37.407924],[126.892961,37.408249],[126.892799,37.408408],[126.892529,37.408674],[126.892263,37.409151],[126.891936,37.409454],[126.891381,37.409741],[126.891139,37.409988],[126.891124,37.410175],[126.891114,37.410302],[126.891145,37.410359],[126.89122,37.410493],[126.891221,37.410494],[126.891291,37.410621],[126.891398,37.410708],[126.891429,37.410733],[126.891574,37.41085],[126.891598,37.410868],[126.891681,37.410936],[126.891704,37.410955],[126.89165,37.411157],[126.891634,37.411139],[126.891562,37.411076],[126.891521,37.411093],[126.891561,37.411237],[126.891588,37.411439],[126.891561,37.411561],[126.891579,37.411605],[126.891602,37.411648],[126.891613,37.411668],[126.891695,37.411812],[126.891699,37.411929],[126.891705,37.4121],[126.891712,37.412133],[126.891731,37.412215],[126.891772,37.412319],[126.891791,37.412308],[126.891893,37.41225],[126.891894,37.412249],[126.892065,37.412135],[126.892078,37.412155],[126.89207,37.412176],[126.891906,37.412272],[126.891903,37.412274],[126.891803,37.412343],[126.891807,37.412352],[126.891871,37.412473],[126.891931,37.412569],[126.892036,37.412733],[126.892116,37.412861],[126.892096,37.412924],[126.892093,37.412948],[126.892072,37.413095],[126.891969,37.413867],[126.891948,37.413957],[126.891918,37.41408],[126.891908,37.414125],[126.891826,37.414469],[126.891707,37.41468],[126.891632,37.414549],[126.891574,37.414609],[126.891498,37.414689],[126.891474,37.414708],[126.891407,37.414768],[126.891332,37.414842],[126.891322,37.414852],[126.891261,37.414909],[126.891185,37.414967],[126.891106,37.415024],[126.891102,37.415029],[126.891159,37.415128],[126.891234,37.415251],[126.891213,37.415278],[126.890917,37.415804],[126.890751,37.416061],[126.890946,37.416269],[126.891276,37.416296],[126.891692,37.416213],[126.891716,37.416211],[126.891782,37.416206],[126.891902,37.416195],[126.892108,37.416177],[126.892413,37.416217],[126.892506,37.416234],[126.892566,37.416242],[126.892785,37.416274],[126.892929,37.416292],[126.892958,37.416299],[126.892981,37.416303],[126.893319,37.416789],[126.893325,37.416841],[126.893329,37.416946],[126.893335,37.417134],[126.893238,37.417278]]]}},{"type":"Feature","properties":{"dong":"충훈동","gu":"만안구","adm_nm":"경기도 안양시만안구 충훈동","adm_cd":"31041651"},"geometry":{"type":"Polygon","coordinates":[[[126.892671,37.412169],[126.892669,37.412169],[126.892569,37.412207],[126.892535,37.412261],[126.892487,37.412443],[126.892479,37.412477],[126.892465,37.412543],[126.892451,37.412739],[126.89244,37.412906],[126.892421,37.412973],[126.892439,37.413096],[126.892446,37.413138],[126.892383,37.413147],[126.892376,37.413211],[126.892356,37.413395],[126.89235,37.413446],[126.892337,37.413564],[126.892317,37.413628],[126.892304,37.413614],[126.892194,37.413273],[126.892072,37.413095],[126.892093,37.412948],[126.892096,37.412924],[126.892116,37.412861],[126.892036,37.412733],[126.891931,37.412569],[126.891871,37.412473],[126.891807,37.412352],[126.891803,37.412343],[126.891903,37.412274],[126.891906,37.412272],[126.89207,37.412176],[126.892078,37.412155],[126.892065,37.412135],[126.891894,37.412249],[126.891893,37.41225],[126.891791,37.412308],[126.891772,37.412319],[126.891731,37.412215],[126.891712,37.412133],[126.891705,37.4121],[126.891699,37.411929],[126.891695,37.411812],[126.891613,37.411668],[126.891602,37.411648],[126.891579,37.411605],[126.891561,37.411561],[126.891588,37.411439],[126.891561,37.411237],[126.891521,37.411093],[126.891562,37.411076],[126.891634,37.411139],[126.89165,37.411157],[126.891704,37.410955],[126.891681,37.410936],[126.891598,37.410868],[126.891574,37.41085],[126.891429,37.410733],[126.891398,37.410708],[126.891291,37.410621],[126.891221,37.410494],[126.89122,37.410493],[126.891145,37.410359],[126.891114,37.410302],[126.891124,37.410175],[126.891139,37.409988],[126.891381,37.409741],[126.891936,37.409454],[126.892263,37.409151],[126.892529,37.408674],[126.892799,37.408408],[126.892961,37.408249],[126.893617,37.407924],[126.893874,37.407867],[126.893955,37.40785],[126.894015,37.407834],[126.894287,37.407766],[126.894592,37.407639],[126.894675,37.407593],[126.895081,37.407363],[126.895172,37.407312],[126.895225,37.407257],[126.895277,37.407205],[126.895345,37.407005],[126.895355,37.406975],[126.895399,37.40672],[126.895451,37.406383],[126.895383,37.406213],[126.895361,37.406159],[126.895352,37.406135],[126.895293,37.406065],[126.895132,37.405863],[126.895032,37.405734],[126.895016,37.405622],[126.894983,37.405427],[126.894976,37.405388],[126.895004,37.405353],[126.89532,37.404956],[126.895469,37.40477],[126.895789,37.404406],[126.896054,37.404129],[126.896055,37.404129],[126.896089,37.40409],[126.896241,37.40399],[126.896278,37.403966],[126.896481,37.403821],[126.896654,37.403715],[126.896709,37.403684],[126.896992,37.403524],[126.897172,37.403421],[126.897208,37.4034],[126.897239,37.403388],[126.897383,37.403331],[126.897686,37.403212],[126.89794,37.403193],[126.898114,37.40318],[126.898371,37.403164],[126.898486,37.403157],[126.899073,37.403207],[126.899118,37.403214],[126.89918,37.403223],[126.899714,37.403379],[126.89974,37.403403],[126.899884,37.403533],[126.900199,37.40382],[126.900297,37.403909],[126.900498,37.404162],[126.900531,37.404204],[126.900707,37.404291],[126.900722,37.404298],[126.900797,37.404336],[126.900836,37.404355],[126.901485,37.404485],[126.90155,37.404498],[126.901789,37.404497],[126.90206,37.404496],[126.902087,37.404495],[126.902404,37.404464],[126.902414,37.404463],[126.902767,37.404427],[126.9032,37.404478],[126.903245,37.404484],[126.903501,37.404525],[126.903643,37.404549],[126.904018,37.404661],[126.904178,37.404716],[126.904245,37.404747],[126.904286,37.404765],[126.904365,37.404808],[126.904464,37.404893],[126.904491,37.404942],[126.904522,37.404999],[126.904523,37.405065],[126.904547,37.405179],[126.904585,37.405475],[126.90471,37.405684],[126.904787,37.405747],[126.90502,37.405939],[126.905098,37.406004],[126.905655,37.406321],[126.90583,37.406528],[126.905955,37.406675],[126.906148,37.406935],[126.906195,37.406998],[126.906551,37.407285],[126.90681,37.407401],[126.906934,37.407456],[126.907012,37.407488],[126.906985,37.407532],[126.906967,37.407563],[126.906773,37.407886],[126.906768,37.407894],[126.906844,37.408036],[126.906855,37.408057],[126.906857,37.40806],[126.907009,37.4081],[126.907017,37.408102],[126.906988,37.408151],[126.906968,37.408184],[126.906964,37.408199],[126.90695,37.408254],[126.906912,37.408396],[126.906874,37.408542],[126.906831,37.408703],[126.90671,37.409165],[126.906617,37.409516],[126.905213,37.409302],[126.905111,37.409287],[126.905104,37.408885],[126.904981,37.408762],[126.904864,37.408703],[126.904381,37.40861],[126.903881,37.408299],[126.903639,37.408148],[126.903553,37.408159],[126.903483,37.408304],[126.902979,37.40936],[126.902703,37.409939],[126.902662,37.41026],[126.902673,37.410298],[126.903126,37.410302],[126.903223,37.410757],[126.90326,37.410935],[126.903262,37.410943],[126.903263,37.41095],[126.903115,37.410948],[126.902784,37.410931],[126.902728,37.410929],[126.902588,37.410922],[126.90258,37.410923],[126.902573,37.410936],[126.902529,37.411019],[126.902469,37.411134],[126.902434,37.411213],[126.902365,37.411319],[126.902341,37.411345],[126.902339,37.411347],[126.902306,37.411383],[126.902241,37.411428],[126.902209,37.411443],[126.902198,37.411448],[126.902165,37.411458],[126.902155,37.411461],[126.902193,37.411562],[126.902291,37.411831],[126.9013,37.412382],[126.900081,37.412423],[126.899991,37.412084],[126.89965,37.411874],[126.898561,37.412162],[126.898379,37.4121],[126.898146,37.41202],[126.898071,37.411995],[126.897847,37.411729],[126.897607,37.411263],[126.897596,37.411241],[126.898119,37.410885],[126.898076,37.410628],[126.898043,37.410554],[126.897882,37.410157],[126.897918,37.410151],[126.898129,37.410115],[126.898386,37.410071],[126.898513,37.41005],[126.898415,37.409894],[126.898387,37.409853],[126.898319,37.409712],[126.898227,37.409521],[126.898173,37.409553],[126.898107,37.409588],[126.898079,37.409603],[126.897972,37.40966],[126.897916,37.409614],[126.897893,37.409636],[126.89782,37.409646],[126.897806,37.409648],[126.897748,37.409656],[126.897609,37.409746],[126.897565,37.409774],[126.897516,37.409745],[126.897508,37.40969],[126.897506,37.409677],[126.897501,37.409678],[126.897444,37.409687],[126.897432,37.409569],[126.897111,37.409561],[126.896985,37.40955],[126.896903,37.40964],[126.896844,37.409668],[126.896777,37.409669],[126.896718,37.409654],[126.896672,37.4096],[126.896517,37.409576],[126.896447,37.409565],[126.896443,37.409564],[126.896432,37.409549],[126.896416,37.409527],[126.896398,37.409514],[126.896382,37.409503],[126.896293,37.409439],[126.896097,37.409241],[126.896113,37.409219],[126.89612,37.40921],[126.895987,37.409077],[126.895983,37.409073],[126.895855,37.408946],[126.8957,37.408902],[126.895697,37.408901],[126.895676,37.408895],[126.895664,37.408894],[126.895659,37.408895],[126.895651,37.408925],[126.89565,37.408932],[126.895522,37.40895],[126.895363,37.409009],[126.895359,37.409024],[126.895312,37.409307],[126.895304,37.409368],[126.895416,37.40966],[126.895366,37.409796],[126.895443,37.409935],[126.895318,37.410013],[126.89525,37.409954],[126.895219,37.40991],[126.894949,37.410117],[126.894971,37.410157],[126.894773,37.410263],[126.894465,37.410381],[126.894194,37.410543],[126.894192,37.410544],[126.89409,37.410603],[126.894084,37.410683],[126.894079,37.410703],[126.894012,37.410951],[126.893825,37.411161],[126.893692,37.411311],[126.89369,37.411314],[126.893595,37.411473],[126.893566,37.411502],[126.893542,37.411528],[126.893462,37.411612],[126.893452,37.411622],[126.893439,37.41163],[126.893312,37.411708],[126.893302,37.411717],[126.893275,37.411698],[126.893267,37.411686],[126.8932,37.411742],[126.893169,37.411777],[126.893099,37.411857],[126.893067,37.411889],[126.89298,37.411973],[126.892949,37.411992],[126.892782,37.412069],[126.892745,37.412085],[126.892671,37.412169]]]}},{"type":"Feature","properties":{"dong":"비산1동","gu":"동안구","adm_nm":"경기도 안양시동안구 비산1동","adm_cd":"31042510"},"geometry":{"type":"Polygon","coordinates":[[[126.942122,37.418797],[126.944766,37.418827],[126.946499,37.42009],[126.947347,37.420711],[126.94754,37.420852],[126.947829,37.421163],[126.947303,37.421386],[126.94675,37.421172],[126.946597,37.421113],[126.943816,37.419953],[126.941829,37.419125],[126.941458,37.418336],[126.940446,37.417606],[126.939492,37.416178],[126.938137,37.415189],[126.938125,37.41518],[126.938126,37.415173],[126.93825,37.414444],[126.937948,37.414463],[126.937937,37.414464],[126.936308,37.41457],[126.935756,37.414604],[126.935692,37.414608],[126.934508,37.414695],[126.930938,37.414956],[126.929764,37.415042],[126.929773,37.414589],[126.929394,37.413891],[126.929305,37.413727],[126.929218,37.413568],[126.928826,37.412857],[126.928807,37.412744],[126.928781,37.412595],[126.928563,37.411306],[126.92839,37.410307],[126.928386,37.410289],[126.928299,37.410305],[126.928052,37.410349],[126.928013,37.410455],[126.927985,37.410532],[126.927824,37.410971],[126.927731,37.411226],[126.927672,37.411389],[126.92754,37.41175],[126.927507,37.411842],[126.927439,37.412027],[126.927109,37.412199],[126.927,37.412256],[126.926468,37.412533],[126.925889,37.412025],[126.925763,37.411915],[126.925657,37.411822],[126.925641,37.411691],[126.925617,37.411495],[126.925611,37.411447],[126.9255,37.410604],[126.925299,37.410551],[126.925399,37.409822],[126.925723,37.409721],[126.926637,37.409714],[126.926992,37.409452],[126.927063,37.409369],[126.92726,37.409139],[126.927576,37.40907],[126.927844,37.408994],[126.927853,37.408991],[126.927826,37.408952],[126.927371,37.408283],[126.927379,37.408215],[126.927424,37.407846],[126.927452,37.407745],[126.927535,37.407448],[126.927616,37.407158],[126.927631,37.407103],[126.928212,37.405025],[126.928236,37.404936],[126.928241,37.40492],[126.928105,37.403928],[126.928069,37.403665],[126.927987,37.403293],[126.927985,37.40326],[126.927969,37.402934],[126.927766,37.402558],[126.927717,37.402469],[126.927654,37.402352],[126.927628,37.402304],[126.927588,37.402239],[126.927585,37.402235],[126.927477,37.40206],[126.927441,37.402],[126.927377,37.401896],[126.927565,37.401768],[126.927631,37.401638],[126.927648,37.401604],[126.927741,37.401336],[126.927781,37.401092],[126.927892,37.400966],[126.928236,37.400684],[126.928467,37.400521],[126.928658,37.400387],[126.928756,37.400318],[126.928902,37.400216],[126.929063,37.400097],[126.929142,37.400022],[126.929174,37.399993],[126.929265,37.39993],[126.929246,37.399816],[126.929233,37.39974],[126.929232,37.399693],[126.92924,37.399686],[126.929312,37.399626],[126.929552,37.399429],[126.929642,37.399341],[126.929834,37.399154],[126.929971,37.399019],[126.930246,37.398749],[126.930317,37.39868],[126.930342,37.398655],[126.930455,37.398525],[126.930586,37.398374],[126.930587,37.398373],[126.930838,37.398084],[126.93084,37.398082],[126.930845,37.398076],[126.930985,37.397915],[126.931053,37.397836],[126.931089,37.397795],[126.931246,37.397614],[126.931295,37.397557],[126.931463,37.397442],[126.931472,37.397436],[126.93148,37.397431],[126.931491,37.397423],[126.932009,37.397706],[126.932025,37.397715],[126.93228,37.397854],[126.932288,37.397858],[126.932341,37.397884],[126.932905,37.398162],[126.932969,37.3982],[126.933168,37.398318],[126.933322,37.398397],[126.933455,37.398455],[126.933555,37.398499],[126.933558,37.3985],[126.933561,37.398501],[126.933563,37.398502],[126.93357,37.398505],[126.933582,37.39851],[126.93363,37.398531],[126.933765,37.398569],[126.933795,37.398577],[126.933946,37.398618],[126.933971,37.398625],[126.934103,37.398653],[126.934602,37.398717],[126.93463,37.39872],[126.934633,37.39872],[126.934645,37.398721],[126.934668,37.398723],[126.935374,37.398786],[126.935708,37.398792],[126.93572,37.398793],[126.935741,37.398793],[126.935744,37.398793],[126.935756,37.398793],[126.93617,37.398791],[126.936173,37.398791],[126.936174,37.398791],[126.936232,37.39879],[126.936481,37.398789],[126.93657,37.398788],[126.936594,37.398788],[126.936839,37.398787],[126.936871,37.398787],[126.936994,37.398786],[126.936997,37.398786],[126.93706,37.398786],[126.937305,37.398784],[126.937394,37.398785],[126.937439,37.398785],[126.937445,37.398785],[126.937835,37.398788],[126.937852,37.398788],[126.937861,37.398788],[126.937905,37.398788],[126.938059,37.398791],[126.938151,37.398794],[126.938582,37.398804],[126.938594,37.398804],[126.938983,37.398813],[126.939111,37.398816],[126.939125,37.398816],[126.93914,37.398817],[126.939595,37.398828],[126.939631,37.398828],[126.939739,37.398831],[126.939848,37.398831],[126.939854,37.398831],[126.940475,37.398834],[126.940523,37.398834],[126.940576,37.398834],[126.940716,37.398834],[126.940719,37.398834],[126.940728,37.398834],[126.940734,37.398834],[126.94145,37.398837],[126.941452,37.398837],[126.941452,37.39884],[126.941452,37.398848],[126.941453,37.398852],[126.941458,37.39943],[126.941458,37.39943],[126.941386,37.399495],[126.941356,37.399521],[126.941326,37.399635],[126.941234,37.399982],[126.941129,37.400378],[126.941123,37.4004],[126.941085,37.400541],[126.941097,37.40056],[126.941167,37.400678],[126.941168,37.400706],[126.941171,37.400894],[126.941172,37.400962],[126.941177,37.401285],[126.941178,37.401308],[126.941182,37.401578],[126.941184,37.401704],[126.941185,37.401757],[126.941185,37.401776],[126.941188,37.401979],[126.941192,37.402221],[126.941195,37.402401],[126.940955,37.402402],[126.940818,37.402403],[126.940663,37.402403],[126.940635,37.402403],[126.94063,37.402473],[126.940591,37.402485],[126.940789,37.402645],[126.940895,37.402847],[126.940919,37.402892],[126.940935,37.402923],[126.940946,37.402943],[126.940944,37.402984],[126.940921,37.403108],[126.940975,37.403245],[126.941038,37.403618],[126.941134,37.403692],[126.941161,37.403851],[126.941231,37.403904],[126.941292,37.403947],[126.94133,37.403974],[126.941331,37.403975],[126.941341,37.403982],[126.94144,37.404053],[126.941577,37.404185],[126.941658,37.404247],[126.941685,37.404294],[126.941741,37.404393],[126.941744,37.404399],[126.941745,37.404402],[126.941599,37.404432],[126.941588,37.404523],[126.941584,37.40456],[126.941573,37.404655],[126.941558,37.404787],[126.941549,37.404868],[126.941548,37.404879],[126.94161,37.404952],[126.941648,37.404997],[126.941607,37.405089],[126.941597,37.405111],[126.941571,37.405169],[126.941557,37.4052],[126.941529,37.405263],[126.941456,37.405426],[126.941341,37.405506],[126.941329,37.405514],[126.941305,37.405531],[126.941261,37.405564],[126.941243,37.405652],[126.941231,37.405717],[126.941216,37.405782],[126.941187,37.4059],[126.941185,37.405928],[126.941183,37.405967],[126.941165,37.405969],[126.941112,37.405975],[126.941083,37.405978],[126.940999,37.405936],[126.940986,37.40593],[126.940929,37.405937],[126.940906,37.405952],[126.940884,37.405968],[126.940777,37.405972],[126.940686,37.40599],[126.94063,37.406034],[126.940582,37.406029],[126.940425,37.406015],[126.940347,37.406029],[126.940322,37.406035],[126.94024,37.406054],[126.940108,37.406084],[126.940106,37.406086],[126.940084,37.406112],[126.939891,37.406107],[126.939884,37.406106],[126.93976,37.40617],[126.939579,37.406277],[126.939523,37.406334],[126.939544,37.406377],[126.939522,37.406388],[126.939383,37.406451],[126.939357,37.406445],[126.939165,37.406402],[126.939093,37.406364],[126.938942,37.406291],[126.938901,37.406265],[126.938887,37.406312],[126.938956,37.406371],[126.938576,37.406266],[126.937951,37.406418],[126.937952,37.406746],[126.937952,37.406752],[126.937954,37.406949],[126.937955,37.407129],[126.938765,37.408013],[126.938991,37.408807],[126.939061,37.40887],[126.93962,37.409373],[126.939885,37.409617],[126.939929,37.410001],[126.939983,37.410496],[126.939986,37.410524],[126.940012,37.41076],[126.940098,37.411569],[126.940109,37.41175],[126.939996,37.411805],[126.939952,37.411827],[126.939947,37.411833],[126.939884,37.411922],[126.939584,37.412338],[126.940223,37.412419],[126.940326,37.412919],[126.940375,37.413049],[126.940432,37.4132],[126.942122,37.418797]]]}},{"type":"Feature","properties":{"dong":"비산2동","gu":"동안구","adm_nm":"경기도 안양시동안구 비산2동","adm_cd":"31042520"},"geometry":{"type":"Polygon","coordinates":[[[126.941832,37.40186],[126.941798,37.401907],[126.941756,37.401967],[126.941748,37.40197],[126.941734,37.401976],[126.941727,37.401984],[126.941679,37.402043],[126.941628,37.402106],[126.941519,37.402168],[126.941387,37.40221],[126.941257,37.402251],[126.941192,37.402221],[126.941188,37.401979],[126.941185,37.401776],[126.941185,37.401757],[126.941184,37.401704],[126.941182,37.401578],[126.941178,37.401308],[126.941177,37.401285],[126.941172,37.400962],[126.941171,37.400894],[126.941168,37.400706],[126.941167,37.400678],[126.941097,37.40056],[126.941085,37.400541],[126.941123,37.4004],[126.941129,37.400378],[126.941234,37.399982],[126.941326,37.399635],[126.941356,37.399521],[126.941386,37.399495],[126.941458,37.39943],[126.941458,37.39943],[126.941453,37.398852],[126.941452,37.398848],[126.941452,37.39884],[126.941452,37.398837],[126.94145,37.398837],[126.940734,37.398834],[126.940728,37.398834],[126.940719,37.398834],[126.940716,37.398834],[126.940576,37.398834],[126.940523,37.398834],[126.940475,37.398834],[126.939854,37.398831],[126.939848,37.398831],[126.939739,37.398831],[126.939631,37.398828],[126.939595,37.398828],[126.93914,37.398817],[126.939125,37.398816],[126.939111,37.398816],[126.938983,37.398813],[126.938594,37.398804],[126.938582,37.398804],[126.938151,37.398794],[126.938059,37.398791],[126.937905,37.398788],[126.937861,37.398788],[126.937852,37.398788],[126.937835,37.398788],[126.937445,37.398785],[126.937439,37.398785],[126.937394,37.398785],[126.937305,37.398784],[126.93706,37.398786],[126.936997,37.398786],[126.936994,37.398786],[126.936871,37.398787],[126.936839,37.398787],[126.936594,37.398788],[126.93657,37.398788],[126.936481,37.398789],[126.936232,37.39879],[126.936174,37.398791],[126.936173,37.398791],[126.93617,37.398791],[126.935756,37.398793],[126.935744,37.398793],[126.935741,37.398793],[126.93572,37.398793],[126.935708,37.398792],[126.935374,37.398786],[126.934668,37.398723],[126.934645,37.398721],[126.934633,37.39872],[126.93463,37.39872],[126.934602,37.398717],[126.934103,37.398653],[126.933971,37.398625],[126.933946,37.398618],[126.933795,37.398577],[126.933765,37.398569],[126.93363,37.398531],[126.933582,37.39851],[126.93357,37.398505],[126.933563,37.398502],[126.933561,37.398501],[126.933558,37.3985],[126.933555,37.398499],[126.933455,37.398455],[126.933322,37.398397],[126.933168,37.398318],[126.932969,37.3982],[126.932905,37.398162],[126.932341,37.397884],[126.932288,37.397858],[126.93228,37.397854],[126.932025,37.397715],[126.932009,37.397706],[126.931491,37.397423],[126.932006,37.397191],[126.932577,37.396932],[126.932612,37.396917],[126.93263,37.396909],[126.93276,37.39685],[126.93286,37.396805],[126.933119,37.396688],[126.933143,37.396677],[126.933143,37.396677],[126.933153,37.396673],[126.933212,37.396646],[126.933279,37.396616],[126.933339,37.396589],[126.93334,37.396588],[126.933542,37.396497],[126.933587,37.396477],[126.933657,37.396445],[126.933816,37.396373],[126.933837,37.396363],[126.934,37.39629],[126.934032,37.396275],[126.934047,37.396269],[126.934149,37.396223],[126.934174,37.396211],[126.934186,37.396206],[126.93452,37.396055],[126.934545,37.396044],[126.93456,37.396037],[126.93469,37.395978],[126.934832,37.395914],[126.935003,37.395837],[126.935258,37.395722],[126.935277,37.395713],[126.935296,37.395705],[126.935317,37.395695],[126.935355,37.395678],[126.935366,37.395673],[126.935382,37.395665],[126.935427,37.395645],[126.935479,37.395622],[126.935647,37.395547],[126.935883,37.395442],[126.935895,37.395437],[126.935908,37.395431],[126.936088,37.395351],[126.936088,37.395351],[126.936094,37.395348],[126.93624,37.395284],[126.936469,37.395182],[126.93666,37.395097],[126.93666,37.395097],[126.93667,37.395092],[126.936739,37.395062],[126.937032,37.394932],[126.937034,37.394931],[126.937059,37.39492],[126.937085,37.394908],[126.937498,37.394725],[126.937672,37.394647],[126.937748,37.394605],[126.937864,37.39454],[126.937864,37.394539],[126.938014,37.394455],[126.938018,37.394453],[126.938052,37.394434],[126.938061,37.394429],[126.93811,37.394402],[126.938116,37.394398],[126.938132,37.394389],[126.938273,37.39431],[126.938683,37.39408],[126.93869,37.394076],[126.938691,37.394076],[126.938697,37.394072],[126.938704,37.394068],[126.939017,37.393892],[126.939274,37.393748],[126.939718,37.393499],[126.939753,37.393465],[126.940036,37.393188],[126.940041,37.393184],[126.940164,37.393064],[126.940249,37.392964],[126.940328,37.39287],[126.940551,37.392607],[126.940696,37.392372],[126.940702,37.392363],[126.94078,37.392237],[126.94078,37.392236],[126.940822,37.392167],[126.94087,37.392064],[126.94091,37.391978],[126.940982,37.391823],[126.941009,37.391764],[126.941182,37.391794],[126.941338,37.391822],[126.941437,37.391843],[126.941517,37.39186],[126.942422,37.39205],[126.942452,37.392057],[126.942687,37.392106],[126.942881,37.392152],[126.943056,37.392193],[126.943889,37.39239],[126.944017,37.39242],[126.943496,37.392812],[126.943301,37.392959],[126.943254,37.392994],[126.942836,37.393309],[126.942763,37.393364],[126.942749,37.393375],[126.942353,37.393673],[126.942341,37.393682],[126.942143,37.393831],[126.942062,37.393892],[126.941964,37.393966],[126.941748,37.394133],[126.941744,37.394137],[126.941707,37.394165],[126.94168,37.394186],[126.941378,37.39442],[126.941337,37.394453],[126.941049,37.394676],[126.940838,37.39484],[126.940825,37.394849],[126.940678,37.394964],[126.940376,37.395198],[126.940346,37.395222],[126.940254,37.395293],[126.939953,37.395527],[126.939946,37.395532],[126.939938,37.395539],[126.939967,37.395554],[126.940229,37.395701],[126.940325,37.395754],[126.940491,37.395847],[126.940519,37.395863],[126.940538,37.395873],[126.940545,37.395877],[126.940552,37.395881],[126.941063,37.396166],[126.941157,37.396219],[126.94116,37.39622],[126.941408,37.396358],[126.941505,37.396413],[126.941515,37.396418],[126.941522,37.396423],[126.941789,37.396572],[126.941804,37.396581],[126.941813,37.396585],[126.941827,37.396594],[126.942197,37.3968],[126.942405,37.396917],[126.94262,37.397037],[126.942622,37.397039],[126.942625,37.39704],[126.942733,37.397101],[126.942733,37.397101],[126.94274,37.397105],[126.942741,37.397105],[126.94275,37.397111],[126.942779,37.397127],[126.942904,37.397197],[126.943263,37.397393],[126.943597,37.397575],[126.943672,37.397616],[126.94395,37.397768],[126.944141,37.397871],[126.944156,37.39788],[126.944384,37.398004],[126.944418,37.398022],[126.944463,37.398047],[126.944628,37.398136],[126.944629,37.398137],[126.944665,37.398156],[126.945099,37.39841],[126.94519,37.398464],[126.945191,37.398464],[126.94527,37.398511],[126.945078,37.398828],[126.944976,37.398802],[126.944543,37.398697],[126.944371,37.398674],[126.943984,37.398623],[126.943984,37.398675],[126.943983,37.398834],[126.943942,37.398834],[126.943153,37.398831],[126.943152,37.398849],[126.943147,37.398988],[126.943145,37.399035],[126.943145,37.399036],[126.943153,37.399036],[126.943403,37.399035],[126.943681,37.399037],[126.94368,37.399047],[126.94373,37.399047],[126.943771,37.399047],[126.943936,37.399272],[126.943974,37.399283],[126.943991,37.399288],[126.943987,37.399338],[126.943966,37.399365],[126.943954,37.399381],[126.943939,37.3994],[126.943898,37.399414],[126.943888,37.399418],[126.943893,37.399436],[126.943927,37.399695],[126.943929,37.399709],[126.943924,37.399708],[126.943682,37.39965],[126.943682,37.399672],[126.943682,37.399702],[126.943681,37.39976],[126.943682,37.399803],[126.943682,37.39982],[126.943683,37.399846],[126.943684,37.399891],[126.943684,37.399936],[126.943681,37.399973],[126.943679,37.400003],[126.943676,37.400086],[126.943674,37.400132],[126.943482,37.400361],[126.943293,37.400588],[126.943,37.400706],[126.942945,37.400728],[126.942865,37.40076],[126.942806,37.400784],[126.94243,37.400935],[126.942424,37.401083],[126.94242,37.401194],[126.942367,37.401285],[126.942294,37.401411],[126.942269,37.401453],[126.942057,37.401817],[126.942021,37.401815],[126.941875,37.401808],[126.941874,37.401808],[126.941854,37.401807],[126.941832,37.40186]]]}},{"type":"Feature","properties":{"dong":"비산3동","gu":"동안구","adm_nm":"경기도 안양시동안구 비산3동","adm_cd":"31042530"},"geometry":{"type":"Polygon","coordinates":[[[126.963843,37.440773],[126.963803,37.440787],[126.963736,37.440747],[126.963661,37.440702],[126.963114,37.440377],[126.962984,37.4403],[126.962943,37.44028],[126.962467,37.440281],[126.962362,37.44028],[126.961949,37.440279],[126.961762,37.440279],[126.9615,37.440299],[126.960904,37.440343],[126.960276,37.440385],[126.960056,37.440401],[126.96,37.440356],[126.959757,37.440156],[126.959571,37.440005],[126.959543,37.439979],[126.959497,37.43991],[126.959253,37.439543],[126.959169,37.439407],[126.958999,37.439127],[126.958977,37.439089],[126.958966,37.43907],[126.958549,37.439028],[126.958433,37.439017],[126.95814,37.438988],[126.957741,37.438948],[126.957567,37.43893],[126.957041,37.438853],[126.956705,37.438803],[126.956478,37.43877],[126.956368,37.438754],[126.956063,37.438738],[126.95562,37.438714],[126.95526,37.438696],[126.955175,37.438692],[126.955109,37.438692],[126.955071,37.438703],[126.954996,37.438724],[126.954631,37.438857],[126.954381,37.43891],[126.953904,37.43901],[126.95361,37.439044],[126.953447,37.439067],[126.953167,37.439095],[126.952652,37.439159],[126.952411,37.43919],[126.952087,37.438981],[126.952072,37.438976],[126.951871,37.438836],[126.951467,37.438577],[126.951158,37.438444],[126.951139,37.438443],[126.951135,37.438443],[126.951068,37.438536],[126.950925,37.438734],[126.950032,37.438622],[126.949843,37.43838],[126.949578,37.438294],[126.949513,37.438281],[126.94931,37.438261],[126.949284,37.43825],[126.949277,37.438256],[126.949189,37.438329],[126.949177,37.438333],[126.949161,37.438344],[126.949054,37.438425],[126.948945,37.438507],[126.948766,37.438646],[126.948624,37.438671],[126.948363,37.438713],[126.948304,37.438691],[126.948289,37.43869],[126.948155,37.43863],[126.948384,37.437918],[126.948315,37.437762],[126.948404,37.437415],[126.948194,37.437236],[126.948347,37.436425],[126.947989,37.43565],[126.948453,37.434866],[126.948553,37.434489],[126.948971,37.432909],[126.948927,37.432777],[126.948881,37.432639],[126.949032,37.4317],[126.948977,37.431555],[126.948867,37.431375],[126.948374,37.4309],[126.948634,37.430563],[126.948495,37.430328],[126.948538,37.430056],[126.948643,37.429731],[126.948813,37.429212],[126.948681,37.428964],[126.948132,37.428324],[126.947897,37.428083],[126.947992,37.427987],[126.948041,37.427938],[126.94818,37.427605],[126.948353,37.426683],[126.947644,37.426188],[126.947695,37.425093],[126.948609,37.423579],[126.948651,37.42351],[126.948502,37.423017],[126.948682,37.422429],[126.948588,37.422033],[126.947902,37.421674],[126.947872,37.421355],[126.947829,37.421163],[126.94754,37.420852],[126.947347,37.420711],[126.946499,37.42009],[126.944766,37.418827],[126.942122,37.418797],[126.940432,37.4132],[126.940375,37.413049],[126.940326,37.412919],[126.940223,37.412419],[126.939584,37.412338],[126.939884,37.411922],[126.939947,37.411833],[126.939952,37.411827],[126.939996,37.411805],[126.940109,37.41175],[126.940098,37.411569],[126.940012,37.41076],[126.939986,37.410524],[126.939983,37.410496],[126.939929,37.410001],[126.939885,37.409617],[126.93962,37.409373],[126.939061,37.40887],[126.938991,37.408807],[126.938765,37.408013],[126.937955,37.407129],[126.937954,37.406949],[126.937952,37.406752],[126.937952,37.406746],[126.937951,37.406418],[126.938576,37.406266],[126.938956,37.406371],[126.938887,37.406312],[126.938901,37.406265],[126.938942,37.406291],[126.939093,37.406364],[126.939165,37.406402],[126.939357,37.406445],[126.939383,37.406451],[126.939522,37.406388],[126.939544,37.406377],[126.939523,37.406334],[126.939579,37.406277],[126.93976,37.40617],[126.939884,37.406106],[126.939891,37.406107],[126.940084,37.406112],[126.940106,37.406086],[126.940108,37.406084],[126.94024,37.406054],[126.940322,37.406035],[126.940347,37.406029],[126.940425,37.406015],[126.940582,37.406029],[126.94063,37.406034],[126.940686,37.40599],[126.940777,37.405972],[126.940884,37.405968],[126.940906,37.405952],[126.940929,37.405937],[126.940986,37.40593],[126.940999,37.405936],[126.941083,37.405978],[126.941112,37.405975],[126.941165,37.405969],[126.941183,37.405967],[126.941185,37.405928],[126.941187,37.4059],[126.941216,37.405782],[126.941231,37.405717],[126.941243,37.405652],[126.941261,37.405564],[126.941305,37.405531],[126.941329,37.405514],[126.941341,37.405506],[126.941456,37.405426],[126.941529,37.405263],[126.941557,37.4052],[126.941571,37.405169],[126.941597,37.405111],[126.941607,37.405089],[126.941648,37.404997],[126.94161,37.404952],[126.941548,37.404879],[126.941549,37.404868],[126.941558,37.404787],[126.941573,37.404655],[126.941584,37.40456],[126.941588,37.404523],[126.941599,37.404432],[126.941745,37.404402],[126.941744,37.404399],[126.941741,37.404393],[126.941685,37.404294],[126.941658,37.404247],[126.941577,37.404185],[126.94144,37.404053],[126.941341,37.403982],[126.941331,37.403975],[126.94133,37.403974],[126.941292,37.403947],[126.941231,37.403904],[126.941161,37.403851],[126.941134,37.403692],[126.941038,37.403618],[126.940975,37.403245],[126.940921,37.403108],[126.940944,37.402984],[126.940946,37.402943],[126.940935,37.402923],[126.940919,37.402892],[126.940895,37.402847],[126.940789,37.402645],[126.940591,37.402485],[126.94063,37.402473],[126.940635,37.402403],[126.940663,37.402403],[126.940818,37.402403],[126.940955,37.402402],[126.941195,37.402401],[126.941192,37.402221],[126.941257,37.402251],[126.941387,37.40221],[126.941519,37.402168],[126.941628,37.402106],[126.941679,37.402043],[126.941727,37.401984],[126.941734,37.401976],[126.941748,37.40197],[126.941756,37.401967],[126.941798,37.401907],[126.941832,37.40186],[126.941854,37.401807],[126.941874,37.401808],[126.941875,37.401808],[126.942021,37.401815],[126.942057,37.401817],[126.942269,37.401453],[126.942294,37.401411],[126.942367,37.401285],[126.94242,37.401194],[126.942424,37.401083],[126.94243,37.400935],[126.942806,37.400784],[126.942865,37.40076],[126.942945,37.400728],[126.943,37.400706],[126.943293,37.400588],[126.943482,37.400361],[126.943674,37.400132],[126.943676,37.400086],[126.943679,37.400003],[126.943681,37.399973],[126.943684,37.399936],[126.943684,37.399891],[126.943683,37.399846],[126.943682,37.39982],[126.943682,37.399803],[126.943681,37.39976],[126.943682,37.399702],[126.943682,37.399672],[126.943682,37.39965],[126.943924,37.399708],[126.943929,37.399709],[126.943927,37.399695],[126.943893,37.399436],[126.943888,37.399418],[126.943898,37.399414],[126.943939,37.3994],[126.943954,37.399381],[126.943966,37.399365],[126.943987,37.399338],[126.943991,37.399288],[126.943974,37.399283],[126.943936,37.399272],[126.943771,37.399047],[126.94373,37.399047],[126.94368,37.399047],[126.943681,37.399037],[126.943403,37.399035],[126.943153,37.399036],[126.943145,37.399036],[126.943145,37.399035],[126.943147,37.398988],[126.943152,37.398849],[126.943153,37.398831],[126.943942,37.398834],[126.943983,37.398834],[126.943984,37.398675],[126.943984,37.398623],[126.944371,37.398674],[126.944543,37.398697],[126.944976,37.398802],[126.945078,37.398828],[126.94527,37.398511],[126.945386,37.398579],[126.945425,37.398601],[126.945428,37.398602],[126.94543,37.398604],[126.945554,37.398674],[126.945555,37.398674],[126.945936,37.398889],[126.945936,37.39889],[126.946079,37.398975],[126.946147,37.399015],[126.946167,37.399028],[126.946417,37.399197],[126.946423,37.399201],[126.946503,37.399255],[126.946791,37.39945],[126.94688,37.39951],[126.947105,37.399662],[126.947158,37.399699],[126.947184,37.399717],[126.947227,37.399747],[126.947294,37.399779],[126.947338,37.399801],[126.947516,37.399887],[126.947688,37.399943],[126.947904,37.399998],[126.947946,37.400011],[126.948458,37.400165],[126.94885,37.400284],[126.948933,37.400309],[126.949242,37.400402],[126.949638,37.400522],[126.949673,37.400533],[126.949782,37.400566],[126.950064,37.400643],[126.950225,37.400687],[126.950315,37.400701],[126.950443,37.400721],[126.950509,37.400722],[126.950587,37.400723],[126.95063,37.400723],[126.950653,37.400723],[126.950664,37.400723],[126.951095,37.400728],[126.951344,37.400731],[126.951551,37.400736],[126.95221,37.400754],[126.9523,37.400756],[126.952316,37.400756],[126.952534,37.400763],[126.952594,37.400765],[126.952904,37.400775],[126.953046,37.400773],[126.953262,37.400771],[126.953528,37.40081],[126.953565,37.400823],[126.953614,37.400841],[126.953618,37.400842],[126.953627,37.400845],[126.953674,37.400862],[126.953709,37.400874],[126.954013,37.40098],[126.954013,37.40098],[126.954008,37.400996],[126.954002,37.401014],[126.954,37.401019],[126.953987,37.40106],[126.953974,37.4011],[126.953972,37.401108],[126.953896,37.401343],[126.953761,37.401763],[126.953758,37.401773],[126.953757,37.401775],[126.953702,37.401947],[126.953636,37.402153],[126.953611,37.402205],[126.953551,37.402411],[126.953491,37.402617],[126.953365,37.403048],[126.953278,37.403349],[126.953177,37.403693],[126.953168,37.403745],[126.953169,37.403755],[126.953172,37.4038],[126.9532,37.404166],[126.953229,37.404536],[126.953261,37.404955],[126.953293,37.405383],[126.95333,37.405861],[126.952758,37.40589],[126.952758,37.405893],[126.952759,37.405935],[126.95276,37.405991],[126.95276,37.406023],[126.952785,37.406025],[126.952794,37.406026],[126.952846,37.406038],[126.952899,37.406052],[126.952926,37.406062],[126.952953,37.406073],[126.953268,37.406254],[126.953327,37.406289],[126.953379,37.406323],[126.953417,37.406351],[126.95343,37.40636],[126.953474,37.406395],[126.953478,37.406399],[126.953519,37.406438],[126.953571,37.406491],[126.953616,37.406542],[126.95366,37.406612],[126.953686,37.406663],[126.9537,37.406705],[126.953716,37.406763],[126.953718,37.406769],[126.953724,37.406795],[126.953726,37.406805],[126.953728,37.406818],[126.953734,37.406854],[126.953754,37.407091],[126.953763,37.407197],[126.953766,37.407229],[126.953769,37.407267],[126.952995,37.407494],[126.952784,37.407473],[126.952587,37.407453],[126.952602,37.407543],[126.952602,37.407546],[126.952601,37.407562],[126.952595,37.407619],[126.952569,37.407904],[126.952547,37.408144],[126.95256,37.408284],[126.952574,37.408424],[126.952529,37.408951],[126.952667,37.409089],[126.952848,37.409371],[126.953103,37.409768],[126.953175,37.409957],[126.953408,37.410575],[126.953471,37.410738],[126.953915,37.411367],[126.954151,37.411486],[126.954579,37.411702],[126.955029,37.41183],[126.955478,37.411957],[126.955634,37.412001],[126.955958,37.412275],[126.956117,37.412573],[126.956828,37.413039],[126.957739,37.413878],[126.958119,37.414091],[126.958229,37.414065],[126.958473,37.414005],[126.95883,37.413918],[126.959429,37.414033],[126.959504,37.414048],[126.959523,37.414051],[126.959598,37.414152],[126.959561,37.414197],[126.959507,37.414264],[126.959367,37.414434],[126.959267,37.414556],[126.959258,37.414595],[126.959218,37.41478],[126.959173,37.414983],[126.959108,37.415913],[126.959101,37.416002],[126.959103,37.416731],[126.959098,37.417609],[126.959376,37.417891],[126.959449,37.417966],[126.959824,37.418347],[126.95974,37.419066],[126.959675,37.419623],[126.95967,37.419667],[126.959656,37.419786],[126.959456,37.42003],[126.958891,37.42072],[126.958724,37.421202],[126.958711,37.42124],[126.957688,37.42419],[126.958264,37.424598],[126.958611,37.424843],[126.958651,37.42521],[126.958747,37.42609],[126.95882,37.426767],[126.959693,37.427963],[126.960165,37.428282],[126.961287,37.429325],[126.961959,37.429075],[126.96209,37.429165],[126.962154,37.429209],[126.962159,37.429275],[126.962171,37.429422],[126.962172,37.429437],[126.962443,37.430536],[126.962451,37.430551],[126.962677,37.430927],[126.962702,37.430969],[126.963037,37.431046],[126.963242,37.431093],[126.963956,37.431258],[126.963946,37.431308],[126.963197,37.434853],[126.963207,37.434885],[126.963374,37.435434],[126.96386,37.437035],[126.963964,37.437375],[126.964032,37.437601],[126.964586,37.438259],[126.965044,37.438754],[126.965478,37.439223],[126.965401,37.439648],[126.965308,37.44016],[126.965398,37.440232],[126.963843,37.440773]]]}},{"type":"Feature","properties":{"dong":"부흥동","gu":"동안구","adm_nm":"경기도 안양시동안구 부흥동","adm_cd":"31042540"},"geometry":{"type":"Polygon","coordinates":[[[126.948125,37.389079],[126.948742,37.389569],[126.949245,37.38997],[126.949261,37.389982],[126.949264,37.389984],[126.949269,37.389989],[126.949276,37.389994],[126.949378,37.390076],[126.949739,37.390364],[126.949739,37.390365],[126.95005,37.390614],[126.950067,37.390626],[126.950131,37.390671],[126.950165,37.390694],[126.95019,37.390711],[126.950277,37.390771],[126.950426,37.390864],[126.95047,37.390884],[126.950472,37.390885],[126.950891,37.391081],[126.95096,37.391103],[126.950836,37.391319],[126.950639,37.391691],[126.950638,37.391691],[126.950637,37.391693],[126.950635,37.391697],[126.950627,37.391712],[126.950525,37.391904],[126.950332,37.392278],[126.950152,37.392626],[126.950151,37.392628],[126.950141,37.392649],[126.950135,37.392663],[126.950065,37.392816],[126.949918,37.393107],[126.949895,37.393153],[126.949789,37.393363],[126.949652,37.393617],[126.949652,37.393618],[126.949648,37.393625],[126.949648,37.393625],[126.949635,37.39365],[126.949505,37.393892],[126.949486,37.393927],[126.94936,37.394164],[126.9493,37.394272],[126.949187,37.394477],[126.949182,37.394486],[126.949082,37.394667],[126.94901,37.394797],[126.948753,37.395263],[126.948726,37.395295],[126.94872,37.395303],[126.948715,37.395309],[126.948711,37.395314],[126.94871,37.395315],[126.948704,37.395322],[126.948703,37.395324],[126.948691,37.395338],[126.948641,37.395389],[126.948529,37.395506],[126.948238,37.395809],[126.948073,37.395968],[126.948071,37.39597],[126.947956,37.396081],[126.947951,37.396086],[126.947949,37.396088],[126.947904,37.396131],[126.947611,37.396425],[126.947593,37.396443],[126.947361,37.396675],[126.947336,37.3967],[126.947154,37.396883],[126.947146,37.396891],[126.947137,37.3969],[126.947132,37.396905],[126.94711,37.396927],[126.947108,37.396929],[126.9468,37.397238],[126.946455,37.397584],[126.946424,37.397615],[126.946224,37.397816],[126.946213,37.397827],[126.946205,37.397834],[126.946194,37.397845],[126.945666,37.398363],[126.945576,37.398448],[126.945478,37.398542],[126.945444,37.398586],[126.94543,37.398604],[126.945428,37.398602],[126.945425,37.398601],[126.945386,37.398579],[126.94527,37.398511],[126.945191,37.398464],[126.94519,37.398464],[126.945099,37.39841],[126.944665,37.398156],[126.944629,37.398137],[126.944628,37.398136],[126.944463,37.398047],[126.944418,37.398022],[126.944384,37.398004],[126.944156,37.39788],[126.944141,37.397871],[126.94395,37.397768],[126.943672,37.397616],[126.943597,37.397575],[126.943263,37.397393],[126.942904,37.397197],[126.942779,37.397127],[126.94275,37.397111],[126.942741,37.397105],[126.94274,37.397105],[126.942733,37.397101],[126.942733,37.397101],[126.942625,37.39704],[126.942622,37.397039],[126.94262,37.397037],[126.942405,37.396917],[126.942197,37.3968],[126.941827,37.396594],[126.941813,37.396585],[126.941804,37.396581],[126.941789,37.396572],[126.941522,37.396423],[126.941515,37.396418],[126.941505,37.396413],[126.941408,37.396358],[126.94116,37.39622],[126.941157,37.396219],[126.941063,37.396166],[126.940552,37.395881],[126.940545,37.395877],[126.940538,37.395873],[126.940519,37.395863],[126.940491,37.395847],[126.940325,37.395754],[126.940229,37.395701],[126.939967,37.395554],[126.939938,37.395539],[126.939946,37.395532],[126.939953,37.395527],[126.940254,37.395293],[126.940346,37.395222],[126.940376,37.395198],[126.940678,37.394964],[126.940825,37.394849],[126.940838,37.39484],[126.941049,37.394676],[126.941337,37.394453],[126.941378,37.39442],[126.94168,37.394186],[126.941707,37.394165],[126.941744,37.394137],[126.941748,37.394133],[126.941964,37.393966],[126.942062,37.393892],[126.942143,37.393831],[126.942341,37.393682],[126.942353,37.393673],[126.942749,37.393375],[126.942763,37.393364],[126.942836,37.393309],[126.943254,37.392994],[126.943301,37.392959],[126.943496,37.392812],[126.944017,37.39242],[126.944385,37.39212],[126.944519,37.39201],[126.944527,37.392004],[126.944528,37.392003],[126.945011,37.391609],[126.945032,37.391592],[126.945057,37.391571],[126.945093,37.391542],[126.945333,37.391345],[126.945376,37.391311],[126.94554,37.391177],[126.945543,37.391174],[126.945557,37.391162],[126.945869,37.390908],[126.945874,37.390904],[126.946078,37.390738],[126.946142,37.390685],[126.946525,37.390373],[126.946612,37.390301],[126.946706,37.390225],[126.946719,37.390214],[126.946721,37.390212],[126.946737,37.3902],[126.947232,37.389795],[126.947235,37.389793],[126.947762,37.389363],[126.948102,37.389085],[126.948103,37.389084],[126.948117,37.389073],[126.948125,37.389079]]]}},{"type":"Feature","properties":{"dong":"달안동","gu":"동안구","adm_nm":"경기도 안양시동안구 달안동","adm_cd":"31042550"},"geometry":{"type":"Polygon","coordinates":[[[126.950973,37.391108],[126.950981,37.39111],[126.950982,37.391111],[126.951215,37.391188],[126.951348,37.391231],[126.951826,37.391383],[126.952184,37.3915],[126.95221,37.391508],[126.952679,37.391661],[126.952904,37.391735],[126.953024,37.391778],[126.953035,37.391782],[126.953038,37.391783],[126.953059,37.391791],[126.953875,37.392081],[126.953878,37.392082],[126.953883,37.392084],[126.954776,37.392402],[126.955165,37.39254],[126.955166,37.39254],[126.955167,37.392541],[126.955168,37.392541],[126.955021,37.392816],[126.95494,37.392961],[126.95484,37.393147],[126.954323,37.39411],[126.953993,37.394724],[126.953836,37.395016],[126.953663,37.395338],[126.953662,37.395341],[126.953495,37.395651],[126.953492,37.395658],[126.953439,37.395756],[126.953439,37.395756],[126.95341,37.39581],[126.953336,37.395948],[126.953335,37.395949],[126.953278,37.396055],[126.953269,37.396071],[126.953077,37.396429],[126.95307,37.39644],[126.952904,37.396721],[126.952885,37.396753],[126.952883,37.396757],[126.952878,37.396765],[126.952878,37.396766],[126.952876,37.396769],[126.95287,37.39678],[126.952693,37.397089],[126.952429,37.39755],[126.952424,37.39756],[126.952277,37.397816],[126.95226,37.397847],[126.952194,37.397963],[126.952194,37.397964],[126.952193,37.397965],[126.95219,37.397971],[126.952189,37.397973],[126.951996,37.398313],[126.951957,37.398382],[126.951913,37.398461],[126.951694,37.398859],[126.951689,37.398869],[126.951683,37.39888],[126.951629,37.398978],[126.951591,37.399047],[126.951442,37.399319],[126.951293,37.399593],[126.951282,37.399612],[126.95128,37.399615],[126.951143,37.399866],[126.950809,37.400451],[126.950653,37.400723],[126.95063,37.400723],[126.950587,37.400723],[126.950509,37.400722],[126.950443,37.400721],[126.950315,37.400701],[126.950225,37.400687],[126.950064,37.400643],[126.949782,37.400566],[126.949673,37.400533],[126.949638,37.400522],[126.949242,37.400402],[126.948933,37.400309],[126.94885,37.400284],[126.948458,37.400165],[126.947946,37.400011],[126.947904,37.399998],[126.947688,37.399943],[126.947516,37.399887],[126.947338,37.399801],[126.947294,37.399779],[126.947227,37.399747],[126.947184,37.399717],[126.947158,37.399699],[126.947105,37.399662],[126.94688,37.39951],[126.946791,37.39945],[126.946503,37.399255],[126.946423,37.399201],[126.946417,37.399197],[126.946167,37.399028],[126.946147,37.399015],[126.946079,37.398975],[126.945936,37.39889],[126.945936,37.398889],[126.945555,37.398674],[126.945554,37.398674],[126.94543,37.398604],[126.945444,37.398586],[126.945478,37.398542],[126.945576,37.398448],[126.945666,37.398363],[126.946194,37.397845],[126.946205,37.397834],[126.946213,37.397827],[126.946224,37.397816],[126.946424,37.397615],[126.946455,37.397584],[126.9468,37.397238],[126.947108,37.396929],[126.94711,37.396927],[126.947132,37.396905],[126.947137,37.3969],[126.947146,37.396891],[126.947154,37.396883],[126.947336,37.3967],[126.947361,37.396675],[126.947593,37.396443],[126.947611,37.396425],[126.947904,37.396131],[126.947949,37.396088],[126.947951,37.396086],[126.947956,37.396081],[126.948071,37.39597],[126.948073,37.395968],[126.948238,37.395809],[126.948529,37.395506],[126.948641,37.395389],[126.948691,37.395338],[126.948703,37.395324],[126.948704,37.395322],[126.94871,37.395315],[126.948711,37.395314],[126.948715,37.395309],[126.94872,37.395303],[126.948726,37.395295],[126.948753,37.395263],[126.94901,37.394797],[126.949082,37.394667],[126.949182,37.394486],[126.949187,37.394477],[126.9493,37.394272],[126.94936,37.394164],[126.949486,37.393927],[126.949505,37.393892],[126.949635,37.39365],[126.949648,37.393625],[126.949648,37.393625],[126.949652,37.393618],[126.949652,37.393617],[126.949789,37.393363],[126.949895,37.393153],[126.949918,37.393107],[126.950065,37.392816],[126.950135,37.392663],[126.950141,37.392649],[126.950151,37.392628],[126.950152,37.392626],[126.950332,37.392278],[126.950525,37.391904],[126.950627,37.391712],[126.950635,37.391697],[126.950637,37.391693],[126.950638,37.391691],[126.950639,37.391691],[126.950836,37.391319],[126.95096,37.391103],[126.950973,37.391108]]]}},{"type":"Feature","properties":{"dong":"부림동","gu":"동안구","adm_nm":"경기도 안양시동안구 부림동","adm_cd":"31042580"},"geometry":{"type":"Polygon","coordinates":[[[126.960507,37.400867],[126.960263,37.401251],[126.960234,37.401326],[126.960211,37.401384],[126.960194,37.401427],[126.960026,37.401857],[126.959997,37.401931],[126.95988,37.401952],[126.959852,37.401957],[126.959743,37.40197],[126.959687,37.401977],[126.959669,37.40198],[126.959634,37.401984],[126.95914,37.402045],[126.95878,37.402086],[126.95875,37.402089],[126.958656,37.402099],[126.958568,37.402109],[126.958561,37.40211],[126.95855,37.402111],[126.958505,37.402116],[126.95804,37.402167],[126.957903,37.402182],[126.957804,37.402173],[126.957665,37.402159],[126.957658,37.402159],[126.95746,37.40214],[126.957189,37.402072],[126.957106,37.402052],[126.957001,37.402021],[126.956908,37.401994],[126.956891,37.401989],[126.956874,37.401984],[126.956873,37.401984],[126.95685,37.401977],[126.956795,37.401961],[126.956703,37.401934],[126.956204,37.401747],[126.956187,37.401741],[126.956142,37.401724],[126.956093,37.401706],[126.955326,37.401438],[126.955304,37.40143],[126.955286,37.401424],[126.955174,37.401385],[126.955169,37.401383],[126.954603,37.401186],[126.954602,37.401186],[126.954503,37.401151],[126.954013,37.40098],[126.953709,37.400874],[126.953674,37.400862],[126.953627,37.400845],[126.953618,37.400842],[126.953614,37.400841],[126.953565,37.400823],[126.953528,37.40081],[126.953262,37.400771],[126.953046,37.400773],[126.952904,37.400775],[126.952594,37.400765],[126.952534,37.400763],[126.952316,37.400756],[126.9523,37.400756],[126.95221,37.400754],[126.951551,37.400736],[126.951344,37.400731],[126.951095,37.400728],[126.950664,37.400723],[126.950653,37.400723],[126.950809,37.400451],[126.951143,37.399866],[126.95128,37.399615],[126.951282,37.399612],[126.951293,37.399593],[126.951442,37.399319],[126.951591,37.399047],[126.951629,37.398978],[126.951683,37.39888],[126.951689,37.398869],[126.951694,37.398859],[126.951913,37.398461],[126.951957,37.398382],[126.951996,37.398313],[126.952189,37.397973],[126.95219,37.397971],[126.952193,37.397965],[126.952194,37.397964],[126.952194,37.397963],[126.95226,37.397847],[126.952277,37.397816],[126.952424,37.39756],[126.952429,37.39755],[126.952693,37.397089],[126.95287,37.39678],[126.952876,37.396769],[126.952878,37.396766],[126.952878,37.396765],[126.952883,37.396757],[126.952885,37.396753],[126.952904,37.396721],[126.95307,37.39644],[126.953077,37.396429],[126.953269,37.396071],[126.953278,37.396055],[126.953335,37.395949],[126.953336,37.395948],[126.95341,37.39581],[126.953439,37.395756],[126.953439,37.395756],[126.953492,37.395658],[126.953495,37.395651],[126.953662,37.395341],[126.953663,37.395338],[126.953836,37.395016],[126.953993,37.394724],[126.954323,37.39411],[126.95484,37.393147],[126.95494,37.392961],[126.955021,37.392816],[126.955168,37.392541],[126.95517,37.392536],[126.955188,37.392503],[126.955407,37.392091],[126.95546,37.391991],[126.955523,37.391873],[126.955525,37.391869],[126.955525,37.391868],[126.95568,37.391577],[126.955708,37.391525],[126.955717,37.391508],[126.955724,37.391495],[126.955725,37.391493],[126.955916,37.391133],[126.955922,37.391122],[126.95623,37.390542],[126.956233,37.390537],[126.956235,37.390533],[126.956242,37.390536],[126.956242,37.390536],[126.957903,37.391106],[126.958034,37.391152],[126.959053,37.391506],[126.95908,37.391515],[126.959082,37.391515],[126.959777,37.391753],[126.96046,37.39199],[126.960682,37.392067],[126.960694,37.392071],[126.960703,37.392074],[126.96071,37.392077],[126.960723,37.392082],[126.960742,37.392088],[126.961271,37.392273],[126.961272,37.392273],[126.961286,37.392278],[126.961495,37.39235],[126.961966,37.392514],[126.961972,37.392516],[126.961972,37.392516],[126.962185,37.392589],[126.962853,37.392817],[126.962885,37.392828],[126.962887,37.392829],[126.962894,37.392831],[126.962895,37.392831],[126.962909,37.392836],[126.963826,37.393162],[126.963833,37.393165],[126.963835,37.393166],[126.963978,37.393217],[126.964035,37.393237],[126.96407,37.393249],[126.964568,37.393426],[126.965075,37.393593],[126.9651,37.393601],[126.96513,37.393611],[126.965157,37.39362],[126.964879,37.394113],[126.964877,37.394116],[126.964851,37.394162],[126.964624,37.394564],[126.964596,37.394613],[126.964445,37.394882],[126.964119,37.395476],[126.964072,37.395546],[126.964055,37.395571],[126.964033,37.395603],[126.964031,37.395606],[126.963962,37.395708],[126.963737,37.39604],[126.96368,37.396133],[126.963652,37.396177],[126.963652,37.396178],[126.963404,37.396578],[126.963044,37.397082],[126.963032,37.397098],[126.963028,37.397103],[126.963027,37.397105],[126.962865,37.397332],[126.962622,37.397671],[126.962518,37.397816],[126.962406,37.397998],[126.962245,37.398241],[126.962236,37.398253],[126.962227,37.398267],[126.962191,37.398321],[126.962185,37.398329],[126.961972,37.39865],[126.961912,37.398739],[126.96189,37.398772],[126.961844,37.398841],[126.961663,37.399113],[126.961585,37.399231],[126.961545,37.39929],[126.96148,37.399386],[126.961396,37.39951],[126.961294,37.39966],[126.961291,37.399663],[126.961286,37.399671],[126.961283,37.399676],[126.961259,37.399711],[126.961197,37.399802],[126.960725,37.400531],[126.960611,37.400706],[126.960601,37.400721],[126.960591,37.400737],[126.960507,37.400867]]]}},{"type":"Feature","properties":{"dong":"평촌동","gu":"동안구","adm_nm":"경기도 안양시동안구 평촌동","adm_cd":"31042590"},"geometry":{"type":"Polygon","coordinates":[[[126.975349,37.396717],[126.975043,37.396699],[126.97406,37.39663],[126.973963,37.396554],[126.973947,37.396541],[126.973919,37.396518],[126.97388,37.396523],[126.973872,37.396441],[126.973871,37.396436],[126.973853,37.396335],[126.973837,37.396248],[126.973825,37.396182],[126.973829,37.396003],[126.973836,37.395781],[126.973838,37.395697],[126.973833,37.395616],[126.973832,37.395591],[126.973819,37.395372],[126.973801,37.395181],[126.973798,37.395156],[126.973798,37.395145],[126.973797,37.395105],[126.973797,37.395104],[126.973816,37.395099],[126.973834,37.395079],[126.974208,37.394676],[126.974224,37.39466],[126.974243,37.393482],[126.974248,37.393476],[126.974279,37.39343],[126.974291,37.393412],[126.974304,37.393394],[126.974304,37.393389],[126.974305,37.393382],[126.974326,37.392664],[126.97433,37.392572],[126.974368,37.392485],[126.974472,37.392245],[126.974511,37.392156],[126.974332,37.391702],[126.974278,37.391701],[126.974249,37.391701],[126.974235,37.3917],[126.973912,37.391696],[126.973668,37.391693],[126.973646,37.392246],[126.97364,37.392404],[126.97228,37.392401],[126.972247,37.392401],[126.972243,37.392309],[126.972237,37.392154],[126.972219,37.391675],[126.972187,37.391675],[126.971731,37.391669],[126.971611,37.391668],[126.971091,37.391661],[126.971057,37.391661],[126.971028,37.39166],[126.971041,37.390909],[126.970994,37.390913],[126.970954,37.390888],[126.97083,37.390887],[126.970745,37.390885],[126.9707,37.390885],[126.970676,37.390885],[126.970558,37.390884],[126.970096,37.390877],[126.969972,37.390875],[126.969971,37.390884],[126.969809,37.39088],[126.969609,37.390876],[126.969452,37.390873],[126.969435,37.390872],[126.969439,37.390841],[126.969439,37.390837],[126.969467,37.390585],[126.969468,37.390577],[126.96947,37.390558],[126.969539,37.389944],[126.969561,37.389745],[126.969574,37.389626],[126.969623,37.389185],[126.969623,37.389184],[126.969624,37.389176],[126.969633,37.389094],[126.969675,37.388712],[126.969678,37.388689],[126.969681,37.388663],[126.969724,37.388291],[126.969724,37.388291],[126.970163,37.388323],[126.970323,37.388335],[126.970336,37.388336],[126.970347,37.388337],[126.97098,37.388374],[126.971003,37.388375],[126.97105,37.388378],[126.971538,37.388407],[126.971711,37.388418],[126.971721,37.388418],[126.972379,37.388459],[126.972546,37.388472],[126.972929,37.388503],[126.972934,37.388503],[126.972934,37.388503],[126.972933,37.388494],[126.972931,37.388473],[126.972882,37.387975],[126.972879,37.387948],[126.97287,37.387858],[126.972866,37.387817],[126.97287,37.387748],[126.97289,37.387392],[126.972894,37.387321],[126.972901,37.387205],[126.972919,37.386889],[126.972926,37.38677],[126.972926,37.386768],[126.972927,37.386759],[126.972933,37.386759],[126.973034,37.386759],[126.97304,37.386759],[126.973113,37.386759],[126.973118,37.38676],[126.97316,37.38677],[126.973192,37.386777],[126.973226,37.386777],[126.973257,37.386777],[126.973339,37.386777],[126.973451,37.386785],[126.973475,37.386786],[126.973554,37.386786],[126.97356,37.386791],[126.973576,37.386804],[126.973737,37.386925],[126.973757,37.38694],[126.973959,37.387101],[126.973971,37.387111],[126.973978,37.387122],[126.973977,37.387123],[126.973976,37.387124],[126.973975,37.387125],[126.973974,37.387127],[126.973974,37.387128],[126.973973,37.387129],[126.973973,37.387131],[126.973974,37.387131],[126.97398,37.387169],[126.973981,37.387171],[126.973982,37.387172],[126.973983,37.387173],[126.973984,37.387174],[126.973985,37.387175],[126.973987,37.387176],[126.973989,37.387177],[126.973991,37.387177],[126.973996,37.387177],[126.974028,37.387237],[126.97405,37.387327],[126.974108,37.387407],[126.974141,37.387453],[126.974141,37.387454],[126.974163,37.38757],[126.974158,37.387576],[126.974073,37.387661],[126.974061,37.387706],[126.97405,37.387859],[126.974059,37.387906],[126.974061,37.387922],[126.974063,37.387929],[126.974084,37.388048],[126.97409,37.388105],[126.974092,37.388106],[126.974093,37.388107],[126.974095,37.38811],[126.974095,37.388111],[126.974096,37.388112],[126.974096,37.388114],[126.9741,37.388114],[126.974102,37.388114],[126.974104,37.388114],[126.974105,37.388115],[126.974107,37.388116],[126.974108,37.388117],[126.974111,37.388119],[126.974112,37.38812],[126.974113,37.388121],[126.974113,37.388123],[126.974114,37.388124],[126.974121,37.388189],[126.97413,37.388273],[126.974131,37.388286],[126.974133,37.388303],[126.974133,37.388304],[126.974133,37.388305],[126.974132,37.388306],[126.974131,37.388308],[126.97413,37.388309],[126.974129,37.388311],[126.974128,37.388312],[126.974125,37.388314],[126.974125,37.388317],[126.974125,37.388317],[126.974125,37.38832],[126.974125,37.388321],[126.974125,37.388323],[126.974124,37.388324],[126.974122,37.388327],[126.974122,37.388328],[126.974121,37.388329],[126.97412,37.38833],[126.974116,37.388333],[126.974114,37.388334],[126.974113,37.388334],[126.974111,37.388335],[126.974107,37.388336],[126.974106,37.388336],[126.974118,37.388372],[126.974118,37.388374],[126.974147,37.388458],[126.974151,37.388469],[126.974178,37.388549],[126.974185,37.388571],[126.974182,37.388571],[126.974174,37.388571],[126.974177,37.388593],[126.974185,37.388661],[126.974192,37.388758],[126.974197,37.388823],[126.974276,37.388913],[126.974327,37.388951],[126.974378,37.388989],[126.974422,37.389021],[126.974479,37.389084],[126.974528,37.389123],[126.974535,37.389129],[126.974547,37.389138],[126.974609,37.389166],[126.974632,37.389142],[126.974632,37.389141],[126.974633,37.389141],[126.974645,37.389134],[126.974646,37.389133],[126.974656,37.389128],[126.974657,37.389128],[126.974675,37.389121],[126.974675,37.38912],[126.97469,37.389116],[126.974691,37.389115],[126.974691,37.389115],[126.974709,37.389111],[126.97473,37.389106],[126.974758,37.389101],[126.974781,37.389096],[126.974859,37.38908],[126.97486,37.38908],[126.974929,37.38907],[126.974929,37.38907],[126.974962,37.389067],[126.974988,37.389066],[126.974988,37.389066],[126.975028,37.389065],[126.97503,37.389065],[126.975031,37.389066],[126.975033,37.389066],[126.975035,37.389067],[126.975036,37.389068],[126.975037,37.389069],[126.975038,37.38907],[126.975039,37.389071],[126.975039,37.389073],[126.975039,37.389074],[126.975041,37.389358],[126.975041,37.38947],[126.975041,37.389472],[126.975041,37.389473],[126.97504,37.389475],[126.975039,37.389476],[126.975037,37.389477],[126.975036,37.389478],[126.975034,37.389479],[126.975032,37.389479],[126.97503,37.389479],[126.97503,37.389479],[126.974941,37.38948],[126.975021,37.389625],[126.975031,37.389637],[126.975043,37.389652],[126.975055,37.389661],[126.975039,37.389667],[126.975032,37.38967],[126.975043,37.389679],[126.975055,37.389683],[126.975095,37.389696],[126.9751,37.389697],[126.97517,37.389722],[126.975178,37.389725],[126.975198,37.389732],[126.975201,37.389733],[126.975209,37.389733],[126.975213,37.389733],[126.975213,37.389734],[126.975224,37.38976],[126.975235,37.389805],[126.975246,37.38985],[126.975258,37.389868],[126.97528,37.38994],[126.975303,37.390003],[126.975314,37.390021],[126.975325,37.390048],[126.975337,37.390058],[126.975314,37.390067],[126.975329,37.390082],[126.975348,37.390103],[126.975569,37.390158],[126.97562,37.390171],[126.975628,37.390173],[126.975719,37.390196],[126.975768,37.390208],[126.975777,37.390211],[126.976194,37.390347],[126.976274,37.390373],[126.976471,37.390433],[126.976511,37.390445],[126.976586,37.390472],[126.976613,37.390481],[126.97668,37.390508],[126.97675,37.390532],[126.976759,37.390535],[126.976827,37.390571],[126.977053,37.390653],[126.977105,37.390682],[126.977132,37.390698],[126.977187,37.390733],[126.977188,37.390734],[126.977245,37.390779],[126.977301,37.390824],[126.977304,37.390825],[126.977317,37.390833],[126.977392,37.390878],[126.9774,37.390886],[126.977404,37.390891],[126.977412,37.390899],[126.977527,37.391022],[126.977617,37.391076],[126.977654,37.391086],[126.977685,37.391094],[126.977742,37.391121],[126.977775,37.391148],[126.977794,37.391169],[126.977867,37.39125],[126.977888,37.391274],[126.9779,37.391283],[126.978046,37.39141],[126.978092,37.391446],[126.978137,37.391482],[126.978204,37.391536],[126.978295,37.391617],[126.978329,37.391658],[126.978363,37.391698],[126.978442,37.391788],[126.978487,37.391833],[126.978554,37.391932],[126.978632,37.39207],[126.978656,37.392113],[126.97869,37.39214],[126.978724,37.392266],[126.978746,37.392284],[126.978764,37.392295],[126.978784,37.392309],[126.978893,37.392383],[126.978983,37.39241],[126.979051,37.392446],[126.979209,37.392518],[126.9793,37.39259],[126.979424,37.392698],[126.97944,37.392705],[126.979441,37.392705],[126.979446,37.392707],[126.979503,37.392725],[126.979559,37.392743],[126.979579,37.392749],[126.979627,37.392761],[126.979683,37.392779],[126.979689,37.392781],[126.979762,37.392797],[126.979819,37.392816],[126.979898,37.392834],[126.980041,37.392858],[126.980056,37.392861],[126.980092,37.392867],[126.980203,37.392888],[126.980259,37.392906],[126.980293,37.392915],[126.980323,37.392954],[126.980327,37.39296],[126.980344,37.392976],[126.980384,37.393014],[126.980438,37.393031],[126.98044,37.393032],[126.980511,37.393026],[126.980542,37.393023],[126.980562,37.39303],[126.980621,37.39305],[126.980688,37.393077],[126.980756,37.393095],[126.980858,37.393149],[126.980926,37.393176],[126.981114,37.39331],[126.981129,37.39332],[126.981174,37.393356],[126.981179,37.393364],[126.981219,37.393419],[126.981264,37.393474],[126.981293,37.393519],[126.981325,37.393571],[126.981332,37.393582],[126.981335,37.393588],[126.981388,37.393699],[126.981456,37.393762],[126.981513,37.393825],[126.981524,37.393834],[126.98158,37.393879],[126.981592,37.393893],[126.981594,37.393896],[126.981625,37.393933],[126.981682,37.393987],[126.981671,37.39405],[126.981678,37.394085],[126.981682,37.394104],[126.981675,37.39412],[126.981659,37.394158],[126.981659,37.394167],[126.981667,37.394192],[126.981671,37.394203],[126.981682,37.394266],[126.98169,37.394315],[126.981693,37.39433],[126.981738,37.394375],[126.981762,37.394379],[126.981771,37.394381],[126.981819,37.394391],[126.981847,37.394396],[126.981919,37.394411],[126.981949,37.39442],[126.981975,37.394429],[126.982009,37.394429],[126.982054,37.394456],[126.982145,37.394501],[126.982344,37.394536],[126.982348,37.394537],[126.982416,37.394555],[126.982427,37.394555],[126.982438,37.394573],[126.982583,37.394688],[126.982581,37.394688],[126.98258,37.394688],[126.982572,37.39469],[126.982564,37.394691],[126.982563,37.394692],[126.982555,37.394693],[126.982554,37.394694],[126.982546,37.394697],[126.982545,37.394697],[126.982537,37.394702],[126.982531,37.394705],[126.98253,37.394705],[126.982529,37.394706],[126.982485,37.394744],[126.982479,37.394739],[126.982477,37.394738],[126.982475,37.394738],[126.982474,37.394737],[126.982472,37.394737],[126.98247,37.394737],[126.982468,37.394737],[126.982466,37.394738],[126.982464,37.394739],[126.982463,37.39474],[126.98241,37.394784],[126.98241,37.394784],[126.982408,37.394785],[126.982408,37.394787],[126.982407,37.394788],[126.982407,37.39479],[126.982407,37.394791],[126.982407,37.394793],[126.982408,37.394794],[126.982409,37.394796],[126.98241,37.394797],[126.98244,37.394821],[126.982475,37.39485],[126.982475,37.394852],[126.982474,37.394853],[126.982474,37.394854],[126.982474,37.394856],[126.982474,37.394857],[126.982475,37.394859],[126.982476,37.39486],[126.982477,37.394861],[126.98248,37.394864],[126.982478,37.394866],[126.982477,37.394867],[126.982476,37.394868],[126.982475,37.39487],[126.982475,37.394871],[126.982342,37.394972],[126.982055,37.395189],[126.98193,37.395285],[126.981906,37.395293],[126.981783,37.395339],[126.981734,37.395357],[126.981659,37.395384],[126.981456,37.395456],[126.981381,37.395484],[126.981332,37.395503],[126.981272,37.395525],[126.981219,37.395546],[126.981196,37.395555],[126.981151,37.395573],[126.980868,37.395699],[126.980575,37.395825],[126.980571,37.395825],[126.980563,37.395825],[126.980537,37.395841],[126.980394,37.395924],[126.980337,37.395961],[126.98027,37.396005],[126.980242,37.39602],[126.980178,37.396054],[126.980168,37.396059],[126.980166,37.396061],[126.980134,37.396086],[126.979953,37.396185],[126.979942,37.396191],[126.979886,37.396221],[126.979829,37.396194],[126.979777,37.396174],[126.979762,37.396167],[126.97975,37.396167],[126.979491,37.39618],[126.979197,37.396195],[126.978916,37.396215],[126.978494,37.396317],[126.978113,37.396409],[126.978104,37.396411],[126.977956,37.396447],[126.977661,37.396493],[126.977518,37.396516],[126.977465,37.396524],[126.977196,37.396566],[126.977191,37.396567],[126.977117,37.396579],[126.976676,37.396648],[126.976609,37.396657],[126.976474,37.396646],[126.976387,37.396639],[126.976324,37.396635],[126.976074,37.396616],[126.976047,37.396614],[126.975779,37.396593],[126.975349,37.396717]]]}},{"type":"Feature","properties":{"dong":"평안동","gu":"동안구","adm_nm":"경기도 안양시동안구 평안동","adm_cd":"31042600"},"geometry":{"type":"Polygon","coordinates":[[[126.959208,37.385018],[126.959615,37.385149],[126.959738,37.385189],[126.960078,37.3853],[126.96008,37.3853],[126.960093,37.385305],[126.960569,37.385459],[126.960652,37.385485],[126.960735,37.385512],[126.961299,37.385695],[126.961301,37.385696],[126.961301,37.385696],[126.961326,37.385704],[126.961611,37.385796],[126.961888,37.385886],[126.962119,37.385957],[126.962139,37.385963],[126.96257,37.386095],[126.962573,37.386096],[126.962633,37.386114],[126.962675,37.386127],[126.962701,37.386135],[126.962903,37.386197],[126.963083,37.386253],[126.963104,37.386259],[126.963258,37.386307],[126.963286,37.386316],[126.963313,37.386324],[126.963332,37.38633],[126.963725,37.386452],[126.963746,37.386459],[126.963747,37.386459],[126.963761,37.386463],[126.963763,37.386464],[126.963768,37.386465],[126.963787,37.386471],[126.964202,37.3866],[126.964262,37.386619],[126.964332,37.38664],[126.965161,37.386889],[126.965229,37.386909],[126.965321,37.386937],[126.965733,37.38706],[126.966016,37.387151],[126.966446,37.387288],[126.966454,37.38729],[126.966459,37.387292],[126.966467,37.387294],[126.966475,37.387297],[126.966502,37.387306],[126.967271,37.387544],[126.967307,37.387555],[126.967461,37.387603],[126.9675,37.387615],[126.967949,37.387754],[126.967985,37.387765],[126.968152,37.387817],[126.9683,37.387862],[126.968319,37.387868],[126.968321,37.387869],[126.968359,37.38788],[126.968364,37.387882],[126.968368,37.387883],[126.96837,37.387884],[126.968722,37.387991],[126.969506,37.38823],[126.969538,37.388239],[126.969622,37.388263],[126.969637,37.388267],[126.969724,37.388291],[126.969681,37.388663],[126.969678,37.388689],[126.969675,37.388712],[126.969633,37.389094],[126.969624,37.389176],[126.969623,37.389184],[126.969623,37.389185],[126.969574,37.389626],[126.969561,37.389745],[126.969539,37.389944],[126.96947,37.390558],[126.969468,37.390577],[126.969467,37.390585],[126.969439,37.390837],[126.969439,37.390841],[126.969435,37.390872],[126.969385,37.39133],[126.969379,37.391385],[126.969363,37.391528],[126.969359,37.391558],[126.969339,37.391747],[126.969286,37.392185],[126.969258,37.392423],[126.96925,37.39249],[126.969245,37.392527],[126.969238,37.392583],[126.969229,37.392661],[126.96921,37.392817],[126.969176,37.393058],[126.96914,37.393357],[126.969139,37.393365],[126.969139,37.393367],[126.969069,37.393947],[126.969053,37.394083],[126.968992,37.394613],[126.968928,37.395152],[126.968916,37.395257],[126.968812,37.39599],[126.968741,37.395986],[126.967918,37.395934],[126.96666,37.395779],[126.96624,37.395728],[126.964597,37.39559],[126.964072,37.395546],[126.964119,37.395476],[126.964445,37.394882],[126.964596,37.394613],[126.964624,37.394564],[126.964851,37.394162],[126.964877,37.394116],[126.964879,37.394113],[126.965157,37.39362],[126.96513,37.393611],[126.9651,37.393601],[126.965075,37.393593],[126.964568,37.393426],[126.96407,37.393249],[126.964035,37.393237],[126.963978,37.393217],[126.963835,37.393166],[126.963833,37.393165],[126.963826,37.393162],[126.962909,37.392836],[126.962895,37.392831],[126.962894,37.392831],[126.962887,37.392829],[126.962885,37.392828],[126.962853,37.392817],[126.962185,37.392589],[126.961972,37.392516],[126.961972,37.392516],[126.961966,37.392514],[126.961495,37.39235],[126.961286,37.392278],[126.961272,37.392273],[126.961271,37.392273],[126.960742,37.392088],[126.960723,37.392082],[126.96071,37.392077],[126.960703,37.392074],[126.960694,37.392071],[126.960682,37.392067],[126.96046,37.39199],[126.959777,37.391753],[126.959082,37.391515],[126.95908,37.391515],[126.959053,37.391506],[126.958034,37.391152],[126.957903,37.391106],[126.956242,37.390536],[126.956242,37.390536],[126.956235,37.390533],[126.956323,37.390369],[126.956536,37.389967],[126.956612,37.389824],[126.956616,37.389816],[126.956771,37.389525],[126.956878,37.389324],[126.957042,37.389015],[126.957104,37.388899],[126.957109,37.38889],[126.957113,37.388882],[126.957359,37.388418],[126.957444,37.38826],[126.957663,37.387847],[126.957665,37.387843],[126.957666,37.387841],[126.957667,37.38784],[126.957679,37.387817],[126.957827,37.387537],[126.957843,37.387507],[126.957903,37.387393],[126.957974,37.38727],[126.957998,37.387228],[126.958063,37.387114],[126.958064,37.387112],[126.958065,37.38711],[126.958189,37.386893],[126.95825,37.386781],[126.958252,37.386777],[126.958259,37.386765],[126.958412,37.386481],[126.958415,37.386476],[126.958416,37.386474],[126.958417,37.386471],[126.958422,37.386463],[126.958427,37.386454],[126.958441,37.386427],[126.958573,37.38618],[126.958634,37.386067],[126.958641,37.386054],[126.958758,37.385836],[126.958833,37.385696],[126.958833,37.385695],[126.958995,37.3854],[126.959016,37.385361],[126.95902,37.385355],[126.959188,37.385049],[126.959205,37.385017],[126.959208,37.385018]]]}},{"type":"Feature","properties":{"dong":"귀인동","gu":"동안구","adm_nm":"경기도 안양시동안구 귀인동","adm_cd":"31042610"},"geometry":{"type":"Polygon","coordinates":[[[126.972926,37.386768],[126.972926,37.38677],[126.972919,37.386889],[126.972901,37.387205],[126.972894,37.387321],[126.97289,37.387392],[126.97287,37.387748],[126.972866,37.387817],[126.97287,37.387858],[126.972879,37.387948],[126.972882,37.387975],[126.972931,37.388473],[126.972933,37.388494],[126.972934,37.388503],[126.972934,37.388503],[126.972929,37.388503],[126.972546,37.388472],[126.972379,37.388459],[126.971721,37.388418],[126.971711,37.388418],[126.971538,37.388407],[126.97105,37.388378],[126.971003,37.388375],[126.97098,37.388374],[126.970347,37.388337],[126.970336,37.388336],[126.970323,37.388335],[126.970163,37.388323],[126.969724,37.388291],[126.969724,37.388291],[126.969637,37.388267],[126.969622,37.388263],[126.969538,37.388239],[126.969506,37.38823],[126.968722,37.387991],[126.96837,37.387884],[126.968368,37.387883],[126.968364,37.387882],[126.968359,37.38788],[126.968321,37.387869],[126.968319,37.387868],[126.9683,37.387862],[126.968152,37.387817],[126.967985,37.387765],[126.967949,37.387754],[126.9675,37.387615],[126.967461,37.387603],[126.967307,37.387555],[126.967271,37.387544],[126.966502,37.387306],[126.966475,37.387297],[126.966467,37.387294],[126.966459,37.387292],[126.966454,37.38729],[126.966446,37.387288],[126.966016,37.387151],[126.965733,37.38706],[126.965321,37.386937],[126.965229,37.386909],[126.965161,37.386889],[126.964332,37.38664],[126.964262,37.386619],[126.964202,37.3866],[126.963787,37.386471],[126.963768,37.386465],[126.963763,37.386464],[126.963761,37.386463],[126.963747,37.386459],[126.963746,37.386459],[126.963725,37.386452],[126.963332,37.38633],[126.963313,37.386324],[126.963286,37.386316],[126.963258,37.386307],[126.963104,37.386259],[126.963083,37.386253],[126.962903,37.386197],[126.962701,37.386135],[126.962675,37.386127],[126.962633,37.386114],[126.962573,37.386096],[126.96257,37.386095],[126.962139,37.385963],[126.962119,37.385957],[126.961888,37.385886],[126.961611,37.385796],[126.961326,37.385704],[126.961301,37.385696],[126.961301,37.385696],[126.961299,37.385695],[126.960735,37.385512],[126.960652,37.385485],[126.960569,37.385459],[126.960093,37.385305],[126.96008,37.3853],[126.960078,37.3853],[126.959738,37.385189],[126.959615,37.385149],[126.959208,37.385018],[126.959205,37.385017],[126.959381,37.384695],[126.959384,37.384691],[126.959393,37.384674],[126.959517,37.384442],[126.959519,37.384439],[126.959579,37.384327],[126.959649,37.384196],[126.959715,37.384076],[126.959721,37.384065],[126.959855,37.38382],[126.959944,37.383658],[126.95998,37.38359],[126.959986,37.38358],[126.959987,37.383578],[126.959988,37.383577],[126.959989,37.383575],[126.960141,37.3833],[126.960234,37.383128],[126.960238,37.383122],[126.960372,37.382878],[126.9604,37.382818],[126.960449,37.382732],[126.960452,37.382728],[126.960459,37.382714],[126.960598,37.38247],[126.960598,37.38247],[126.960872,37.381989],[126.960878,37.381978],[126.96088,37.381975],[126.960881,37.381973],[126.960884,37.381967],[126.960886,37.381964],[126.960891,37.381956],[126.960903,37.381935],[126.961096,37.381596],[126.961238,37.381321],[126.961468,37.380876],[126.961477,37.38086],[126.961485,37.380864],[126.96195,37.381051],[126.962154,37.381134],[126.962168,37.38114],[126.962758,37.381382],[126.962903,37.381442],[126.963284,37.381605],[126.963314,37.381617],[126.963322,37.381621],[126.964076,37.381943],[126.96447,37.382117],[126.964496,37.382129],[126.964597,37.382173],[126.965091,37.382392],[126.965292,37.382479],[126.965323,37.382492],[126.965769,37.382684],[126.965792,37.382687],[126.965804,37.382686],[126.965807,37.382684],[126.965819,37.382678],[126.965819,37.382678],[126.965823,37.382676],[126.965943,37.382521],[126.966069,37.382339],[126.966108,37.382306],[126.966324,37.382174],[126.966762,37.381982],[126.967243,37.381781],[126.967493,37.381677],[126.967558,37.38165],[126.967578,37.381642],[126.967579,37.381641],[126.967592,37.381636],[126.967655,37.381606],[126.967902,37.381463],[126.969327,37.380981],[126.969328,37.38098],[126.969522,37.380915],[126.970821,37.380478],[126.971381,37.380286],[126.971438,37.380267],[126.972022,37.380075],[126.972023,37.380075],[126.972047,37.380094],[126.972061,37.380106],[126.972145,37.380173],[126.972269,37.380272],[126.97228,37.380281],[126.972334,37.38034],[126.972143,37.380393],[126.972141,37.380394],[126.972105,37.38041],[126.972104,37.38041],[126.972103,37.380411],[126.972086,37.380422],[126.972085,37.380422],[126.972085,37.380423],[126.972075,37.380431],[126.972074,37.380432],[126.972073,37.380433],[126.972062,37.380449],[126.972062,37.38045],[126.972061,37.38045],[126.972052,37.380468],[126.972052,37.380469],[126.972045,37.38049],[126.972045,37.38049],[126.972039,37.38051],[126.972039,37.380511],[126.972038,37.380512],[126.972038,37.380523],[126.972038,37.380524],[126.972038,37.380524],[126.972038,37.380525],[126.972039,37.380542],[126.972039,37.380543],[126.972039,37.380543],[126.972044,37.380571],[126.972044,37.380572],[126.972051,37.38059],[126.972051,37.380591],[126.972052,37.380592],[126.972069,37.380616],[126.972069,37.380617],[126.97207,37.380618],[126.972072,37.380619],[126.972097,37.380634],[126.972112,37.380654],[126.972111,37.380656],[126.97211,37.380657],[126.972109,37.380658],[126.972109,37.38066],[126.972109,37.380661],[126.972109,37.380662],[126.972109,37.380664],[126.97211,37.380665],[126.972416,37.38112],[126.972417,37.381122],[126.972419,37.381123],[126.97242,37.381124],[126.972422,37.381124],[126.972423,37.381125],[126.972425,37.381125],[126.972427,37.381125],[126.972429,37.381125],[126.97243,37.381125],[126.972432,37.381124],[126.972607,37.381046],[126.972607,37.381056],[126.972607,37.381155],[126.972617,37.38115],[126.972641,37.381137],[126.972639,37.381149],[126.97263,37.381209],[126.972619,37.381263],[126.972539,37.381452],[126.972506,37.381587],[126.972475,37.381677],[126.972472,37.381686],[126.97246,37.381731],[126.972438,37.381849],[126.97246,37.38193],[126.972438,37.38202],[126.972415,37.382128],[126.972404,37.382191],[126.972392,37.382272],[126.972381,37.38229],[126.972381,37.382362],[126.972381,37.382407],[126.972381,37.382479],[126.972381,37.382551],[126.972381,37.382632],[126.972381,37.382692],[126.972381,37.382705],[126.972381,37.382777],[126.972381,37.382822],[126.97237,37.382867],[126.97237,37.382894],[126.97237,37.382909],[126.97237,37.382939],[126.97237,37.382966],[126.97237,37.383047],[126.972369,37.383119],[126.972369,37.383173],[126.972381,37.383254],[126.972381,37.383326],[126.972415,37.383407],[126.972424,37.383436],[126.972433,37.383465],[126.972437,37.383479],[126.972441,37.383508],[126.972448,37.383561],[126.972482,37.383633],[126.972502,37.383669],[126.972516,37.383696],[126.97255,37.383768],[126.972584,37.38384],[126.972615,37.383907],[126.972618,37.383912],[126.972623,37.383923],[126.972643,37.383967],[126.972651,37.383984],[126.972685,37.384047],[126.972685,37.384056],[126.97272,37.384461],[126.97276,37.384924],[126.97278,37.385154],[126.972802,37.385405],[126.972814,37.385545],[126.97282,37.385615],[126.972822,37.385645],[126.972825,37.385678],[126.972831,37.385761],[126.972831,37.385768],[126.972831,37.385795],[126.972831,37.385813],[126.972775,37.385966],[126.972762,37.386075],[126.972752,37.386165],[126.972765,37.386247],[126.972786,37.38639],[126.972842,37.386741],[126.972844,37.386742],[126.972854,37.38675],[126.972876,37.386759],[126.972908,37.386759],[126.972927,37.386759],[126.972926,37.386768]]]}},{"type":"Feature","properties":{"dong":"호계1동","gu":"동안구","adm_nm":"경기도 안양시동안구 호계1동","adm_cd":"31042620"},"geometry":{"type":"Polygon","coordinates":[[[126.959679,37.377158],[126.95967,37.377174],[126.959578,37.377343],[126.95957,37.377356],[126.959553,37.377388],[126.959516,37.377457],[126.959472,37.37754],[126.95946,37.377563],[126.959368,37.377735],[126.959361,37.377749],[126.959351,37.377767],[126.959324,37.377818],[126.959199,37.378077],[126.958955,37.377995],[126.958925,37.377985],[126.958539,37.377855],[126.958487,37.377838],[126.958483,37.377837],[126.958428,37.377818],[126.958056,37.377687],[126.957977,37.37766],[126.957956,37.377652],[126.957819,37.377604],[126.957814,37.377602],[126.957467,37.37748],[126.957276,37.377417],[126.957275,37.377417],[126.957236,37.377404],[126.957231,37.377403],[126.956994,37.377325],[126.956652,37.377213],[126.956649,37.377212],[126.956537,37.377175],[126.956505,37.377165],[126.955824,37.376941],[126.955807,37.376936],[126.955804,37.376942],[126.95523,37.376742],[126.954928,37.376637],[126.954923,37.376635],[126.954692,37.376555],[126.954653,37.376541],[126.954368,37.376442],[126.954227,37.376393],[126.954115,37.376354],[126.953531,37.376151],[126.953378,37.376098],[126.953534,37.37582],[126.9537,37.375523],[126.953859,37.375238],[126.953925,37.375119],[126.953924,37.375118],[126.953923,37.375118],[126.953854,37.375112],[126.952711,37.374745],[126.952705,37.374743],[126.952671,37.374732],[126.952637,37.374721],[126.952623,37.37475],[126.952582,37.374832],[126.952491,37.374803],[126.952444,37.374788],[126.952389,37.37481],[126.952381,37.374814],[126.952159,37.374905],[126.952154,37.374907],[126.951833,37.375044],[126.951578,37.375085],[126.951433,37.375109],[126.951386,37.375116],[126.951388,37.37506],[126.951374,37.374991],[126.951302,37.374851],[126.95129,37.374828],[126.951266,37.374781],[126.951198,37.374648],[126.951152,37.374662],[126.951103,37.374676],[126.951081,37.374643],[126.951069,37.374692],[126.950931,37.374824],[126.950769,37.374908],[126.950644,37.374935],[126.950623,37.374936],[126.950574,37.374936],[126.950538,37.374936],[126.950483,37.374937],[126.950464,37.374931],[126.950442,37.374924],[126.950445,37.374935],[126.950449,37.374955],[126.95049,37.375039],[126.950532,37.375085],[126.950547,37.375151],[126.950523,37.375237],[126.950467,37.375169],[126.950359,37.375047],[126.950318,37.375018],[126.950311,37.375009],[126.950279,37.375025],[126.950238,37.375045],[126.950185,37.375072],[126.949823,37.375254],[126.949793,37.375269],[126.949536,37.375398],[126.94951,37.37541],[126.94934,37.375495],[126.948979,37.375675],[126.948948,37.37569],[126.948246,37.37583],[126.948096,37.375652],[126.94796,37.375491],[126.947956,37.375491],[126.947894,37.375498],[126.94768,37.375436],[126.947241,37.375483],[126.947047,37.375512],[126.946624,37.375705],[126.946502,37.375761],[126.94668,37.375624],[126.946718,37.375595],[126.947014,37.375367],[126.947042,37.375322],[126.947006,37.375286],[126.947005,37.375284],[126.947004,37.375283],[126.947003,37.375282],[126.947003,37.37528],[126.947003,37.375278],[126.947004,37.375277],[126.947005,37.375276],[126.947006,37.375274],[126.947007,37.375273],[126.94705,37.375245],[126.946966,37.375166],[126.946919,37.375192],[126.946838,37.375088],[126.946864,37.37507],[126.946842,37.375049],[126.946841,37.375048],[126.94684,37.375046],[126.94684,37.375045],[126.946839,37.375044],[126.946839,37.375042],[126.94684,37.375041],[126.946839,37.37504],[126.946816,37.375029],[126.946743,37.374996],[126.946688,37.374981],[126.946676,37.374974],[126.946669,37.374972],[126.946626,37.374951],[126.946371,37.374948],[126.946357,37.374947],[126.946292,37.374938],[126.946275,37.374931],[126.946265,37.374926],[126.94608,37.374826],[126.945986,37.374789],[126.945808,37.374612],[126.945648,37.374342],[126.945641,37.374291],[126.945633,37.374235],[126.945632,37.374231],[126.945632,37.374229],[126.94563,37.374192],[126.945623,37.374087],[126.945623,37.374085],[126.945619,37.374032],[126.945679,37.373899],[126.945811,37.373606],[126.94574,37.373306],[126.94581,37.373078],[126.945827,37.373055],[126.945863,37.373005],[126.945917,37.372933],[126.945932,37.372908],[126.945903,37.372897],[126.945901,37.372896],[126.9459,37.372895],[126.945899,37.372894],[126.945898,37.372893],[126.945897,37.372891],[126.945897,37.37289],[126.945896,37.372889],[126.945897,37.372887],[126.945897,37.372886],[126.945898,37.372884],[126.945939,37.372819],[126.945942,37.372815],[126.945988,37.372742],[126.945989,37.372741],[126.94599,37.37274],[126.945992,37.372739],[126.945993,37.372738],[126.945995,37.372738],[126.945997,37.372737],[126.945999,37.372737],[126.946,37.372737],[126.946002,37.372738],[126.946003,37.372738],[126.946033,37.37275],[126.946049,37.372725],[126.946036,37.372719],[126.946034,37.372718],[126.946033,37.372717],[126.946032,37.372716],[126.946031,37.372715],[126.94603,37.372714],[126.94603,37.372712],[126.94603,37.372711],[126.94603,37.372709],[126.94603,37.372708],[126.946031,37.372707],[126.946046,37.372684],[126.946047,37.372683],[126.946049,37.372682],[126.94605,37.372681],[126.946052,37.372681],[126.946053,37.37268],[126.946055,37.37268],[126.946057,37.37268],[126.946059,37.37268],[126.94606,37.37268],[126.946062,37.372681],[126.946098,37.372697],[126.946099,37.372696],[126.946073,37.372684],[126.946071,37.372683],[126.94607,37.372682],[126.946069,37.372681],[126.946068,37.372679],[126.946067,37.372678],[126.946067,37.372676],[126.946067,37.372675],[126.946068,37.372673],[126.946069,37.372672],[126.946153,37.37255],[126.946154,37.372549],[126.946155,37.372547],[126.946157,37.372547],[126.946158,37.372546],[126.94616,37.372545],[126.946162,37.372545],[126.946164,37.372545],[126.946165,37.372545],[126.946166,37.372545],[126.946168,37.372546],[126.946198,37.372556],[126.9462,37.372557],[126.946201,37.372558],[126.946202,37.372559],[126.946203,37.372559],[126.946207,37.372561],[126.946208,37.37256],[126.946246,37.372486],[126.946254,37.372471],[126.946275,37.37243],[126.946317,37.372349],[126.946323,37.372338],[126.946351,37.372283],[126.946376,37.372236],[126.946378,37.372232],[126.946486,37.372057],[126.9466,37.371923],[126.946802,37.371686],[126.946957,37.371452],[126.947289,37.371016],[126.947295,37.370962],[126.947325,37.370647],[126.947395,37.370496],[126.947567,37.370128],[126.947613,37.37003],[126.94762,37.369996],[126.947644,37.369882],[126.947662,37.369795],[126.947668,37.369781],[126.947797,37.369496],[126.947804,37.369487],[126.947822,37.369462],[126.947932,37.369311],[126.948082,37.369246],[126.948293,37.369155],[126.948391,37.369112],[126.948829,37.368853],[126.948829,37.368852],[126.949412,37.368651],[126.949507,37.368591],[126.949732,37.368447],[126.949831,37.368272],[126.949898,37.368155],[126.950018,37.367945],[126.950295,37.367724],[126.950324,37.367722],[126.95057,37.367502],[126.950575,37.367498],[126.950972,37.367712],[126.950992,37.367723],[126.951022,37.367739],[126.951106,37.367784],[126.951171,37.367819],[126.951305,37.367892],[126.951705,37.368109],[126.951758,37.368138],[126.952097,37.368322],[126.952118,37.368333],[126.952383,37.368477],[126.952836,37.368723],[126.952837,37.368724],[126.952904,37.36876],[126.953049,37.368818],[126.953152,37.36886],[126.953437,37.368974],[126.953443,37.368976],[126.953453,37.368981],[126.953454,37.368981],[126.953473,37.368989],[126.953495,37.368997],[126.953622,37.369049],[126.953627,37.36905],[126.953806,37.36911],[126.954176,37.369221],[126.954203,37.369229],[126.954206,37.36923],[126.954209,37.369231],[126.954238,37.369239],[126.954775,37.369399],[126.954794,37.369405],[126.955098,37.369496],[126.955377,37.369579],[126.95538,37.36958],[126.955387,37.369582],[126.955388,37.369582],[126.955394,37.369584],[126.955402,37.369586],[126.955409,37.369588],[126.955679,37.369669],[126.955815,37.36971],[126.955825,37.369713],[126.955828,37.369714],[126.955864,37.369724],[126.95622,37.369826],[126.956242,37.369833],[126.956553,37.369922],[126.956981,37.370045],[126.957005,37.370052],[126.957012,37.370054],[126.957014,37.370054],[126.957026,37.370058],[126.957028,37.370058],[126.957036,37.37006],[126.95711,37.370082],[126.957631,37.370215],[126.957832,37.370263],[126.957895,37.370278],[126.957897,37.370278],[126.957903,37.37028],[126.95792,37.370283],[126.957948,37.370289],[126.958248,37.370351],[126.958815,37.370488],[126.958822,37.37049],[126.958825,37.37049],[126.958846,37.370495],[126.958848,37.370496],[126.958849,37.370496],[126.958987,37.370529],[126.959427,37.370635],[126.95959,37.370674],[126.959645,37.370687],[126.960023,37.370799],[126.960354,37.370897],[126.960512,37.370943],[126.96055,37.370945],[126.960585,37.370946],[126.960669,37.370949],[126.960812,37.370998],[126.960782,37.371012],[126.960767,37.371019],[126.960777,37.371022],[126.960778,37.371022],[126.960788,37.371019],[126.960802,37.371014],[126.96085,37.371025],[126.96086,37.37104],[126.960879,37.371045],[126.960916,37.371065],[126.960927,37.371069],[126.960976,37.371085],[126.961001,37.371094],[126.961089,37.371125],[126.961221,37.371174],[126.961293,37.371203],[126.961364,37.371233],[126.961434,37.371264],[126.96146,37.371276],[126.961472,37.371281],[126.961504,37.371296],[126.961574,37.371329],[126.961642,37.371362],[126.96171,37.371397],[126.961724,37.371405],[126.961777,37.371433],[126.961902,37.3715],[126.962252,37.371689],[126.96229,37.37171],[126.962539,37.371845],[126.962888,37.372034],[126.962893,37.372037],[126.9629,37.372041],[126.962952,37.372069],[126.96309,37.372147],[126.963191,37.372204],[126.96303,37.372522],[126.962878,37.372824],[126.962862,37.372851],[126.96286,37.372856],[126.962857,37.37286],[126.962851,37.372871],[126.962776,37.373002],[126.962725,37.373092],[126.962642,37.373238],[126.962638,37.373246],[126.962599,37.373314],[126.962547,37.373407],[126.962512,37.373471],[126.962499,37.373493],[126.962444,37.373593],[126.962421,37.373656],[126.962417,37.373669],[126.962415,37.373672],[126.962412,37.373681],[126.962403,37.373707],[126.96237,37.373799],[126.962363,37.373817],[126.962265,37.374012],[126.962262,37.374019],[126.96226,37.374023],[126.962244,37.374054],[126.962105,37.374331],[126.962049,37.374439],[126.962044,37.37445],[126.962044,37.374451],[126.961947,37.37464],[126.961735,37.375033],[126.961735,37.375034],[126.961487,37.374949],[126.96144,37.374933],[126.961308,37.374888],[126.961306,37.374887],[126.960988,37.374778],[126.960964,37.374769],[126.960962,37.374769],[126.960959,37.374775],[126.960953,37.374786],[126.960882,37.374926],[126.960798,37.375081],[126.960792,37.375092],[126.96068,37.375305],[126.960621,37.375417],[126.960451,37.375733],[126.960392,37.375845],[126.96039,37.375848],[126.960387,37.375854],[126.960377,37.375872],[126.960376,37.375875],[126.960309,37.376001],[126.960266,37.376078],[126.960189,37.376218],[126.960106,37.376371],[126.960039,37.376494],[126.959999,37.376569],[126.959994,37.37658],[126.959979,37.376606],[126.95997,37.376623],[126.959818,37.376905],[126.959816,37.376909],[126.959815,37.37691],[126.959812,37.376917],[126.959811,37.376918],[126.959808,37.376923],[126.959679,37.377158]]]}},{"type":"Feature","properties":{"dong":"호계2동","gu":"동안구","adm_nm":"경기도 안양시동안구 호계2동","adm_cd":"31042630"},"geometry":{"type":"Polygon","coordinates":[[[126.954707,37.379089],[126.954692,37.379116],[126.954633,37.379221],[126.954616,37.379252],[126.954605,37.379271],[126.954602,37.379275],[126.954601,37.379277],[126.954553,37.379363],[126.954543,37.37938],[126.954414,37.379609],[126.954405,37.379625],[126.954319,37.379778],[126.954315,37.379785],[126.954304,37.379805],[126.954278,37.379851],[126.954019,37.380323],[126.954018,37.380325],[126.953965,37.380422],[126.953957,37.380437],[126.953956,37.380438],[126.953951,37.380447],[126.953817,37.380691],[126.953808,37.380706],[126.953807,37.380707],[126.953556,37.381163],[126.953481,37.3813],[126.953465,37.381329],[126.953332,37.381567],[126.953331,37.381569],[126.953327,37.381575],[126.953307,37.381612],[126.953197,37.381809],[126.953184,37.381833],[126.953011,37.382142],[126.952904,37.382335],[126.952869,37.38243],[126.952792,37.382637],[126.952754,37.382742],[126.952753,37.382743],[126.952736,37.382791],[126.952735,37.382792],[126.952716,37.382843],[126.952493,37.383244],[126.952491,37.383248],[126.952471,37.383284],[126.952459,37.383305],[126.95245,37.383321],[126.952358,37.383487],[126.952229,37.383736],[126.952222,37.38375],[126.952147,37.383889],[126.951942,37.384268],[126.951882,37.38438],[126.951766,37.3846],[126.951756,37.38462],[126.951747,37.384637],[126.951545,37.385023],[126.951544,37.385024],[126.951537,37.385037],[126.951529,37.385053],[126.951527,37.385056],[126.951499,37.38511],[126.951362,37.385371],[126.951352,37.38539],[126.951333,37.385427],[126.951319,37.385452],[126.951169,37.385725],[126.951153,37.385755],[126.951098,37.385855],[126.951057,37.38593],[126.950938,37.386147],[126.950932,37.386157],[126.950929,37.386163],[126.950928,37.386164],[126.950902,37.386212],[126.950653,37.386658],[126.950637,37.386686],[126.95063,37.386699],[126.950628,37.386702],[126.950523,37.386889],[126.950368,37.387131],[126.950367,37.387132],[126.950303,37.387232],[126.9503,37.387237],[126.950294,37.387246],[126.950176,37.387431],[126.950086,37.387523],[126.949988,37.387607],[126.949952,37.387639],[126.949863,37.387716],[126.949842,37.387734],[126.949746,37.387817],[126.949662,37.38788],[126.949658,37.387883],[126.949628,37.387906],[126.949459,37.388032],[126.949448,37.38804],[126.949161,37.388255],[126.949148,37.388265],[126.949145,37.388267],[126.949,37.388376],[126.948991,37.388382],[126.94868,37.388629],[126.948135,37.389058],[126.948117,37.389073],[126.948103,37.389084],[126.948102,37.389085],[126.947762,37.389363],[126.947235,37.389793],[126.947232,37.389795],[126.946737,37.3902],[126.946721,37.390212],[126.946719,37.390214],[126.946706,37.390225],[126.946612,37.390301],[126.946525,37.390373],[126.946142,37.390685],[126.946078,37.390738],[126.945874,37.390904],[126.945869,37.390908],[126.945557,37.391162],[126.945543,37.391174],[126.94554,37.391177],[126.945376,37.391311],[126.945333,37.391345],[126.945093,37.391542],[126.945057,37.391571],[126.945032,37.391592],[126.945011,37.391609],[126.944528,37.392003],[126.944527,37.392004],[126.944519,37.39201],[126.944385,37.39212],[126.944017,37.39242],[126.943889,37.39239],[126.943056,37.392193],[126.942881,37.392152],[126.942687,37.392106],[126.942452,37.392057],[126.942422,37.39205],[126.941517,37.39186],[126.941437,37.391843],[126.941338,37.391822],[126.941346,37.391794],[126.941404,37.391599],[126.941422,37.391539],[126.941493,37.391267],[126.941497,37.391252],[126.941503,37.391228],[126.941535,37.391107],[126.941545,37.391068],[126.941555,37.39103],[126.94159,37.390901],[126.941592,37.390892],[126.941615,37.390808],[126.941619,37.390795],[126.941632,37.390746],[126.941652,37.390672],[126.941739,37.390313],[126.941759,37.390185],[126.941761,37.390172],[126.941762,37.390172],[126.941767,37.390098],[126.941767,37.390096],[126.941772,37.390035],[126.941779,37.389871],[126.941776,37.389858],[126.941771,37.389836],[126.941769,37.389828],[126.941767,37.389819],[126.941767,37.389817],[126.941765,37.389811],[126.941764,37.389805],[126.941752,37.389752],[126.941691,37.389555],[126.941674,37.389504],[126.941651,37.389438],[126.941603,37.389293],[126.941603,37.389292],[126.941475,37.388906],[126.941434,37.388775],[126.941425,37.388748],[126.941386,37.388628],[126.941267,37.388285],[126.941161,37.388109],[126.941118,37.387986],[126.941072,37.387758],[126.941057,37.387684],[126.941054,37.387666],[126.9411,37.387227],[126.941118,37.387057],[126.941125,37.386993],[126.941141,37.386846],[126.941146,37.386826],[126.941149,37.386815],[126.941154,37.386799],[126.941156,37.38679],[126.941166,37.386754],[126.941217,37.386572],[126.941248,37.386434],[126.941248,37.386432],[126.941281,37.386285],[126.941301,37.386135],[126.941301,37.386067],[126.941301,37.386065],[126.941301,37.38596],[126.94129,37.385898],[126.941281,37.385848],[126.94123,37.385714],[126.941229,37.385711],[126.941221,37.385692],[126.941078,37.385412],[126.940995,37.385251],[126.940901,37.385108],[126.940895,37.385098],[126.94066,37.38474],[126.94059,37.384634],[126.940449,37.384419],[126.940449,37.384418],[126.940448,37.384418],[126.940436,37.384392],[126.940226,37.383972],[126.940174,37.383815],[126.940169,37.383805],[126.940169,37.383804],[126.940158,37.383781],[126.940158,37.383781],[126.940146,37.383754],[126.939717,37.38282],[126.939613,37.38263],[126.939612,37.382629],[126.939567,37.382548],[126.939534,37.382488],[126.939528,37.382478],[126.939443,37.382324],[126.939364,37.382129],[126.939334,37.382055],[126.939204,37.381749],[126.939082,37.38146],[126.939067,37.381413],[126.939024,37.381278],[126.939016,37.3812],[126.939007,37.381105],[126.939007,37.38101],[126.939007,37.380967],[126.939011,37.380934],[126.939021,37.380836],[126.93904,37.380684],[126.939045,37.380668],[126.93908,37.380548],[126.939099,37.380512],[126.939113,37.380486],[126.939159,37.380399],[126.939173,37.380381],[126.939273,37.380252],[126.939281,37.380247],[126.939549,37.380105],[126.939665,37.380043],[126.940736,37.379474],[126.941254,37.379166],[126.941412,37.379008],[126.941637,37.378781],[126.941671,37.378723],[126.941709,37.378656],[126.941709,37.378656],[126.941847,37.378621],[126.942086,37.378561],[126.942223,37.378526],[126.94225,37.378517],[126.942681,37.37838],[126.942823,37.378336],[126.942981,37.378295],[126.943059,37.378276],[126.943231,37.378232],[126.94326,37.378225],[126.943325,37.378199],[126.943476,37.37814],[126.943624,37.378082],[126.943798,37.378014],[126.943875,37.377948],[126.943914,37.377914],[126.943998,37.377843],[126.94407,37.377782],[126.944291,37.377597],[126.944591,37.37736],[126.944741,37.377151],[126.944836,37.376957],[126.94485,37.37693],[126.944857,37.376916],[126.94491,37.376811],[126.944985,37.376661],[126.945016,37.376647],[126.945017,37.376646],[126.945037,37.376663],[126.945038,37.376664],[126.945038,37.376664],[126.945137,37.37673],[126.945139,37.376731],[126.94514,37.376731],[126.945142,37.376732],[126.945144,37.376732],[126.945146,37.376732],[126.945147,37.376732],[126.945149,37.376731],[126.945151,37.37673],[126.945152,37.37673],[126.94527,37.376641],[126.945272,37.376642],[126.945273,37.376643],[126.945275,37.376643],[126.945277,37.376643],[126.945279,37.376643],[126.945281,37.376643],[126.945282,37.376642],[126.945284,37.376641],[126.945378,37.37658],[126.945379,37.376579],[126.94538,37.376578],[126.945381,37.376577],[126.945382,37.376576],[126.945382,37.376574],[126.945382,37.376573],[126.945382,37.376571],[126.945381,37.37657],[126.94538,37.376568],[126.945379,37.376567],[126.945378,37.376566],[126.945743,37.376319],[126.946039,37.376126],[126.946108,37.376035],[126.9465,37.375762],[126.946502,37.375761],[126.946624,37.375705],[126.947047,37.375512],[126.947241,37.375483],[126.94768,37.375436],[126.947894,37.375498],[126.947956,37.375491],[126.94796,37.375491],[126.948096,37.375652],[126.948246,37.37583],[126.948948,37.37569],[126.948979,37.375675],[126.94934,37.375495],[126.94951,37.37541],[126.949536,37.375398],[126.949793,37.375269],[126.949823,37.375254],[126.950185,37.375072],[126.950238,37.375045],[126.950279,37.375025],[126.950311,37.375009],[126.950318,37.375018],[126.950359,37.375047],[126.950467,37.375169],[126.950523,37.375237],[126.950547,37.375151],[126.950532,37.375085],[126.95049,37.375039],[126.950449,37.374955],[126.950445,37.374935],[126.950442,37.374924],[126.950464,37.374931],[126.950483,37.374937],[126.950538,37.374936],[126.950574,37.374936],[126.950623,37.374936],[126.950644,37.374935],[126.950769,37.374908],[126.950931,37.374824],[126.951069,37.374692],[126.951081,37.374643],[126.951103,37.374676],[126.951152,37.374662],[126.951198,37.374648],[126.951266,37.374781],[126.95129,37.374828],[126.951302,37.374851],[126.951374,37.374991],[126.951388,37.37506],[126.951386,37.375116],[126.951433,37.375109],[126.951578,37.375085],[126.951833,37.375044],[126.952154,37.374907],[126.952159,37.374905],[126.952381,37.374814],[126.952389,37.37481],[126.952444,37.374788],[126.952491,37.374803],[126.952582,37.374832],[126.952623,37.37475],[126.952637,37.374721],[126.952671,37.374732],[126.952705,37.374743],[126.952711,37.374745],[126.953854,37.375112],[126.953923,37.375118],[126.953924,37.375118],[126.953925,37.375119],[126.953859,37.375238],[126.9537,37.375523],[126.953534,37.37582],[126.953378,37.376098],[126.953531,37.376151],[126.954115,37.376354],[126.954227,37.376393],[126.954368,37.376442],[126.954653,37.376541],[126.954692,37.376555],[126.954923,37.376635],[126.954928,37.376637],[126.95523,37.376742],[126.955804,37.376942],[126.955798,37.376954],[126.95537,37.377818],[126.955211,37.378133],[126.955169,37.378216],[126.955153,37.378248],[126.955145,37.378264],[126.955143,37.378268],[126.955129,37.378296],[126.955103,37.378346],[126.954921,37.378708],[126.954707,37.379089]]]}},{"type":"Feature","properties":{"dong":"호계3동","gu":"동안구","adm_nm":"경기도 안양시동안구 호계3동","adm_cd":"31042640"},"geometry":{"type":"Polygon","coordinates":[[[126.965927,37.372936],[126.96595,37.372963],[126.966254,37.37317],[126.966344,37.373341],[126.9664,37.373471],[126.966467,37.373625],[126.966307,37.373532],[126.966179,37.373307],[126.96614,37.373263],[126.966129,37.373251],[126.965867,37.373137],[126.96566,37.37302],[126.96561,37.372991],[126.965346,37.372899],[126.965116,37.372819],[126.964889,37.372731],[126.964861,37.37272],[126.964853,37.372717],[126.964833,37.372709],[126.964663,37.372644],[126.964446,37.372574],[126.963944,37.372431],[126.96354,37.372309],[126.963516,37.372302],[126.963237,37.372218],[126.963191,37.372204],[126.96309,37.372147],[126.962952,37.372069],[126.9629,37.372041],[126.962893,37.372037],[126.962888,37.372034],[126.962539,37.371845],[126.96229,37.37171],[126.962252,37.371689],[126.961902,37.3715],[126.961777,37.371433],[126.961724,37.371405],[126.96171,37.371397],[126.961642,37.371362],[126.961574,37.371329],[126.961504,37.371296],[126.961472,37.371281],[126.96146,37.371276],[126.961434,37.371264],[126.961364,37.371233],[126.961293,37.371203],[126.961221,37.371174],[126.961089,37.371125],[126.961001,37.371094],[126.960976,37.371085],[126.960927,37.371069],[126.960916,37.371065],[126.960879,37.371045],[126.96086,37.37104],[126.96085,37.371025],[126.960802,37.371014],[126.960788,37.371019],[126.960778,37.371022],[126.960777,37.371022],[126.960767,37.371019],[126.960782,37.371012],[126.960812,37.370998],[126.960669,37.370949],[126.960585,37.370946],[126.96055,37.370945],[126.960512,37.370943],[126.960354,37.370897],[126.960023,37.370799],[126.959645,37.370687],[126.95959,37.370674],[126.959427,37.370635],[126.958987,37.370529],[126.958849,37.370496],[126.958848,37.370496],[126.958846,37.370495],[126.958825,37.37049],[126.958822,37.37049],[126.958815,37.370488],[126.958248,37.370351],[126.957948,37.370289],[126.95792,37.370283],[126.957903,37.37028],[126.957897,37.370278],[126.957895,37.370278],[126.957832,37.370263],[126.957631,37.370215],[126.95711,37.370082],[126.957036,37.37006],[126.957028,37.370058],[126.957026,37.370058],[126.957014,37.370054],[126.957012,37.370054],[126.957005,37.370052],[126.956981,37.370045],[126.956553,37.369922],[126.956242,37.369833],[126.95622,37.369826],[126.955864,37.369724],[126.955828,37.369714],[126.955825,37.369713],[126.955815,37.36971],[126.955679,37.369669],[126.955409,37.369588],[126.955402,37.369586],[126.955394,37.369584],[126.955388,37.369582],[126.955387,37.369582],[126.95538,37.36958],[126.955377,37.369579],[126.955098,37.369496],[126.954794,37.369405],[126.954775,37.369399],[126.954238,37.369239],[126.954209,37.369231],[126.954206,37.36923],[126.954203,37.369229],[126.954176,37.369221],[126.953806,37.36911],[126.953627,37.36905],[126.953622,37.369049],[126.953495,37.368997],[126.953473,37.368989],[126.953454,37.368981],[126.953453,37.368981],[126.953443,37.368976],[126.953437,37.368974],[126.953152,37.36886],[126.953049,37.368818],[126.952904,37.36876],[126.952837,37.368724],[126.952836,37.368723],[126.952383,37.368477],[126.952118,37.368333],[126.952097,37.368322],[126.951758,37.368138],[126.951705,37.368109],[126.951305,37.367892],[126.951171,37.367819],[126.951106,37.367784],[126.951022,37.367739],[126.950992,37.367723],[126.950972,37.367712],[126.950575,37.367498],[126.950577,37.367496],[126.950584,37.36749],[126.950596,37.367479],[126.950717,37.367371],[126.95077,37.367333],[126.950841,37.367253],[126.950889,37.367184],[126.950888,37.367163],[126.950887,37.367134],[126.950886,37.367122],[126.950886,37.367113],[126.950889,37.367048],[126.950895,37.366945],[126.950896,37.366932],[126.950817,37.366775],[126.950799,37.366737],[126.951005,37.366558],[126.951037,37.366534],[126.951026,37.366616],[126.951028,37.366624],[126.951046,37.366679],[126.951055,37.366708],[126.951182,37.366607],[126.951381,37.366447],[126.951551,37.366332],[126.951669,37.366263],[126.95172,37.366233],[126.951799,37.366186],[126.952064,37.366099],[126.952424,37.366041],[126.952414,37.366036],[126.95253,37.366026],[126.952558,37.366024],[126.952741,37.36602],[126.952817,37.366014],[126.952961,37.366004],[126.953473,37.365967],[126.953481,37.365964],[126.95353,37.365946],[126.953537,37.365949],[126.953612,37.365976],[126.95367,37.365998],[126.95375,37.366023],[126.953753,37.366024],[126.953816,37.366046],[126.953816,37.366072],[126.953814,37.366072],[126.953812,37.366076],[126.953802,37.366101],[126.95379,37.36613],[126.953789,37.366175],[126.953842,37.366178],[126.953854,37.366179],[126.95388,37.366181],[126.954353,37.366142],[126.954546,37.366168],[126.954548,37.366168],[126.954644,37.366194],[126.954669,37.366204],[126.954673,37.366205],[126.954694,37.366214],[126.954757,37.366248],[126.954763,37.366251],[126.954774,37.366259],[126.954811,37.366285],[126.954838,37.366301],[126.954859,37.366321],[126.954916,37.366326],[126.954953,37.366327],[126.955022,37.3663],[126.955102,37.366284],[126.955197,37.36625],[126.955256,37.366258],[126.955421,37.366231],[126.95547,37.366223],[126.955575,37.366216],[126.955614,37.366215],[126.95564,37.366214],[126.955682,37.366213],[126.955724,37.366212],[126.955837,37.366208],[126.95586,37.366207],[126.955954,37.366205],[126.955987,37.366203],[126.955989,37.366203],[126.95606,37.366184],[126.95609,37.366174],[126.956121,37.366165],[126.956192,37.366143],[126.956231,37.366131],[126.956232,37.366131],[126.956255,37.366128],[126.956278,37.366125],[126.956378,37.366119],[126.956534,37.366081],[126.956605,37.366084],[126.956761,37.366036],[126.956881,37.365977],[126.956904,37.365987],[126.956907,37.365988],[126.957012,37.366032],[126.957016,37.366034],[126.957018,37.366035],[126.957059,37.366001],[126.957066,37.365995],[126.957069,37.365993],[126.957075,37.36599],[126.957101,37.365971],[126.957114,37.36596],[126.957162,37.365922],[126.957197,37.365895],[126.957336,37.365782],[126.957362,37.365769],[126.957399,37.365751],[126.957425,37.365737],[126.957463,37.365702],[126.957493,37.365674],[126.95751,37.365656],[126.957516,37.36565],[126.957537,37.365632],[126.957548,37.365622],[126.957558,37.365617],[126.957735,37.365521],[126.957813,37.365437],[126.957907,37.365339],[126.958012,37.365226],[126.958073,37.365159],[126.958086,37.365148],[126.958091,37.365144],[126.958174,37.365054],[126.958289,37.364929],[126.9583,37.364917],[126.958359,37.364853],[126.95844,37.364768],[126.958519,37.364684],[126.958547,37.364654],[126.958569,37.364631],[126.958595,37.364602],[126.958618,37.364576],[126.958623,37.364572],[126.958783,37.364437],[126.958945,37.364297],[126.959193,37.364084],[126.959308,37.363985],[126.959492,37.363827],[126.959518,37.363805],[126.959656,37.363687],[126.959752,37.363606],[126.959864,37.363542],[126.959879,37.363534],[126.960024,37.363457],[126.960419,37.363084],[126.960446,37.36307],[126.960464,37.363061],[126.960479,37.363045],[126.960507,37.363016],[126.960548,37.362973],[126.960552,37.36297],[126.960639,37.36289],[126.960723,37.362812],[126.960831,37.362713],[126.961063,37.3625],[126.961294,37.362288],[126.961356,37.362256],[126.961507,37.362116],[126.961779,37.361865],[126.961783,37.361862],[126.961988,37.361695],[126.961994,37.361689],[126.96203,37.36166],[126.962061,37.361635],[126.962061,37.361681],[126.962061,37.36169],[126.962061,37.361699],[126.962061,37.361717],[126.962097,37.361725],[126.962252,37.361762],[126.962332,37.361681],[126.962354,37.36169],[126.962388,37.361708],[126.962423,37.361725],[126.962426,37.361723],[126.962427,37.361723],[126.962427,37.361722],[126.962429,37.361721],[126.962431,37.361721],[126.962433,37.36172],[126.962434,37.36172],[126.962436,37.361721],[126.962438,37.361721],[126.96244,37.361722],[126.962441,37.361723],[126.962514,37.361773],[126.962514,37.361773],[126.962515,37.361774],[126.962516,37.361775],[126.962517,37.361777],[126.962518,37.361778],[126.962518,37.361779],[126.962518,37.361781],[126.962517,37.361782],[126.962517,37.361783],[126.962517,37.361784],[126.962516,37.361785],[126.962515,37.361786],[126.962514,37.361786],[126.962509,37.361791],[126.962602,37.361906],[126.962614,37.361924],[126.962749,37.361938],[126.962752,37.361934],[126.962753,37.361932],[126.962753,37.361931],[126.962754,37.361931],[126.962755,37.36193],[126.962757,37.361929],[126.962759,37.361929],[126.962761,37.361928],[126.962763,37.361928],[126.962764,37.361928],[126.962766,37.361929],[126.962768,37.361929],[126.962779,37.361935],[126.962779,37.361935],[126.962781,37.361936],[126.962782,37.361937],[126.962783,37.361938],[126.962784,37.361939],[126.962784,37.361941],[126.962784,37.361941],[126.962788,37.361942],[126.962794,37.361942],[126.962825,37.361945],[126.962841,37.361946],[126.962854,37.361947],[126.962878,37.361949],[126.962907,37.361951],[126.963099,37.36196],[126.963178,37.361969],[126.963183,37.361967],[126.963222,37.361944],[126.963275,37.361914],[126.963276,37.361914],[126.963324,37.361887],[126.963353,37.361871],[126.963374,37.361859],[126.963374,37.361858],[126.963372,37.361858],[126.963371,37.361857],[126.96337,37.361856],[126.963359,37.361845],[126.963358,37.361844],[126.963358,37.361842],[126.963357,37.361841],[126.963357,37.36184],[126.963357,37.361838],[126.963357,37.361837],[126.963358,37.361835],[126.963359,37.361834],[126.96336,37.361833],[126.963362,37.361832],[126.963444,37.361785],[126.963444,37.361784],[126.963445,37.361783],[126.963446,37.361782],[126.963448,37.361781],[126.96345,37.36178],[126.963455,37.361778],[126.963455,37.361778],[126.963469,37.361771],[126.96347,37.361771],[126.963472,37.36177],[126.963473,37.36177],[126.963474,37.36177],[126.963476,37.36177],[126.963477,37.36177],[126.963479,37.361771],[126.963481,37.361772],[126.963482,37.361772],[126.963483,37.361774],[126.963484,37.361775],[126.963485,37.361776],[126.963486,37.361778],[126.963486,37.361779],[126.963486,37.361788],[126.963488,37.361794],[126.963528,37.361771],[126.96353,37.361772],[126.963527,37.361755],[126.963527,37.361753],[126.963527,37.361752],[126.963528,37.36175],[126.963529,37.361749],[126.96353,37.361748],[126.963531,37.361747],[126.963532,37.361746],[126.963534,37.361745],[126.963535,37.361745],[126.963537,37.361744],[126.963558,37.361742],[126.963608,37.361738],[126.96361,37.361738],[126.963611,37.361738],[126.963612,37.361737],[126.963613,37.361737],[126.963615,37.361738],[126.963617,37.361738],[126.963618,37.361739],[126.963618,37.361739],[126.96362,37.36174],[126.963621,37.361741],[126.963622,37.361742],[126.963623,37.361744],[126.963623,37.361745],[126.963627,37.36177],[126.963629,37.361778],[126.96368,37.361773],[126.963855,37.361754],[126.963856,37.361754],[126.963857,37.361754],[126.963859,37.361754],[126.963861,37.361755],[126.963863,37.361756],[126.963864,37.361757],[126.963866,37.361758],[126.963867,37.361759],[126.963867,37.36176],[126.963868,37.361762],[126.963871,37.361782],[126.963873,37.361794],[126.963957,37.36179],[126.963968,37.36179],[126.963968,37.361787],[126.963968,37.361782],[126.963968,37.361781],[126.963969,37.361779],[126.96397,37.361778],[126.963971,37.361776],[126.963972,37.361775],[126.963974,37.361774],[126.963975,37.361774],[126.963977,37.361773],[126.963979,37.361773],[126.964009,37.361772],[126.964023,37.361772],[126.964031,37.361772],[126.964031,37.361771],[126.964031,37.361769],[126.964032,37.361768],[126.964032,37.361767],[126.964033,37.361765],[126.964034,37.361764],[126.964036,37.361763],[126.964037,37.361762],[126.964039,37.361762],[126.96404,37.361762],[126.964042,37.361761],[126.964109,37.361761],[126.964109,37.361761],[126.96411,37.361761],[126.964182,37.361766],[126.964183,37.361766],[126.964185,37.361767],[126.964187,37.361767],[126.964188,37.361768],[126.96419,37.361769],[126.964191,37.36177],[126.964192,37.361772],[126.964193,37.361773],[126.964193,37.361775],[126.964193,37.361776],[126.964191,37.361798],[126.964189,37.361813],[126.964273,37.361826],[126.964341,37.361832],[126.964342,37.361805],[126.964344,37.361784],[126.964344,37.361783],[126.964344,37.361781],[126.964345,37.36178],[126.964346,37.361779],[126.964347,37.361778],[126.964349,37.361777],[126.96435,37.361776],[126.964352,37.361776],[126.964354,37.361776],[126.964355,37.361776],[126.964356,37.361776],[126.964412,37.36178],[126.964423,37.361781],[126.964424,37.361781],[126.964426,37.361781],[126.964428,37.361782],[126.964429,37.361783],[126.964431,37.361784],[126.964432,37.361785],[126.964433,37.361786],[126.964434,37.361787],[126.964434,37.361787],[126.964436,37.361787],[126.964438,37.361787],[126.964439,37.361787],[126.964572,37.361817],[126.964572,37.361817],[126.964574,37.361817],[126.964576,37.361818],[126.964577,37.361819],[126.964579,37.36182],[126.96458,37.361822],[126.96458,37.361823],[126.964581,37.361825],[126.964581,37.361826],[126.96458,37.361828],[126.964569,37.361863],[126.964581,37.361866],[126.964587,37.361842],[126.964587,37.361841],[126.964588,37.36184],[126.964589,37.361839],[126.96459,37.361837],[126.964592,37.361837],[126.964593,37.361836],[126.964595,37.361835],[126.964597,37.361835],[126.964598,37.361835],[126.964599,37.361835],[126.9646,37.361835],[126.964654,37.361845],[126.964689,37.361851],[126.964689,37.361851],[126.964691,37.361851],[126.964693,37.361852],[126.964695,37.361853],[126.964696,37.361854],[126.964697,37.361855],[126.964698,37.361857],[126.964698,37.361858],[126.964698,37.36186],[126.964698,37.361861],[126.964691,37.361889],[126.964736,37.361898],[126.964813,37.361914],[126.965082,37.361969],[126.965086,37.36197],[126.965104,37.361973],[126.965139,37.36198],[126.965162,37.361984],[126.965187,37.361988],[126.965391,37.362045],[126.965447,37.36206],[126.965537,37.362087],[126.965609,37.362108],[126.965741,37.36213],[126.965742,37.36213],[126.965743,37.362131],[126.965745,37.362132],[126.965747,37.362132],[126.965748,37.362134],[126.965749,37.362135],[126.96575,37.362136],[126.96575,37.362138],[126.965751,37.362139],[126.96575,37.362141],[126.96575,37.362142],[126.96575,37.362143],[126.965767,37.362099],[126.965767,37.362097],[126.965768,37.362096],[126.96577,37.362095],[126.965771,37.362094],[126.965773,37.362093],[126.965774,37.362093],[126.965776,37.362092],[126.965778,37.362092],[126.96578,37.362092],[126.965781,37.362093],[126.965838,37.362109],[126.966108,37.362188],[126.966108,37.362188],[126.96611,37.362189],[126.966111,37.36219],[126.966113,37.362191],[126.966114,37.362192],[126.966115,37.362193],[126.966115,37.362194],[126.966116,37.362196],[126.966116,37.362197],[126.966115,37.362199],[126.966115,37.3622],[126.966115,37.362201],[126.966103,37.362223],[126.966105,37.362223],[126.966139,37.362227],[126.966169,37.362232],[126.966158,37.36225],[126.966146,37.36227],[126.966089,37.362255],[126.966087,37.362255],[126.966087,37.362255],[126.966065,37.362297],[126.966063,37.362302],[126.966062,37.362303],[126.966061,37.362304],[126.96606,37.362305],[126.966058,37.362306],[126.966056,37.362307],[126.966056,37.362307],[126.966055,37.362309],[126.966055,37.36231],[126.966054,37.362311],[126.966054,37.362313],[126.966054,37.362314],[126.966055,37.362316],[126.966055,37.362317],[126.966057,37.362318],[126.966058,37.362319],[126.966059,37.36232],[126.966061,37.362321],[126.966062,37.362321],[126.966108,37.362336],[126.966101,37.362349],[126.966096,37.362363],[126.966092,37.362374],[126.966091,37.362377],[126.966087,37.362388],[126.966079,37.362412],[126.966192,37.362475],[126.966189,37.362489],[126.966196,37.36249],[126.966197,37.36249],[126.966199,37.36249],[126.9662,37.362491],[126.966202,37.362492],[126.966203,37.362493],[126.966204,37.362494],[126.966205,37.362495],[126.966205,37.362496],[126.966206,37.362498],[126.966206,37.362499],[126.966206,37.3625],[126.966205,37.362501],[126.966172,37.362629],[126.966171,37.36263],[126.96617,37.362632],[126.966169,37.362633],[126.966168,37.362634],[126.966167,37.362634],[126.966158,37.3627],[126.96618,37.3627],[126.966172,37.362758],[126.966169,37.362781],[126.966169,37.362826],[126.966157,37.362943],[126.966157,37.36307],[126.966175,37.363126],[126.966191,37.363178],[126.966191,37.363241],[126.966157,37.363322],[126.966089,37.363403],[126.965898,37.363592],[126.965852,37.363635],[126.965782,37.363701],[126.965753,37.363728],[126.965525,37.363943],[126.965487,37.363977],[126.965409,37.364044],[126.965401,37.364052],[126.965235,37.364149],[126.965231,37.364151],[126.965154,37.36419],[126.965107,37.364214],[126.964983,37.364286],[126.96487,37.364358],[126.96478,37.364421],[126.964734,37.364457],[126.964715,37.364475],[126.964668,37.364519],[126.964667,37.36452],[126.964637,37.364544],[126.964588,37.364583],[126.964554,37.364615],[126.964531,37.364637],[126.964486,37.364709],[126.964441,37.364772],[126.964418,37.364844],[126.964408,37.364887],[126.964395,37.364943],[126.964384,37.36497],[126.964384,37.364997],[126.964395,37.365132],[126.964395,37.365214],[126.964418,37.365295],[126.964418,37.365296],[126.964463,37.365439],[126.964502,37.365495],[126.96457,37.365592],[126.964576,37.365601],[126.96465,37.365715],[126.9647,37.36579],[126.964752,37.365879],[126.964869,37.366079],[126.96489,37.366121],[126.964913,37.366167],[126.964975,37.366291],[126.964982,37.366304],[126.965038,37.366304],[126.965072,37.366349],[126.965106,37.366493],[126.965095,37.366538],[126.965086,37.366602],[126.965083,37.366619],[126.965095,37.366691],[126.965106,37.366791],[126.965125,37.366841],[126.965162,37.366935],[126.965219,37.367052],[126.965219,37.367061],[126.965218,37.367138],[126.965218,37.367151],[126.965297,37.367277],[126.965343,37.367319],[126.965444,37.367412],[126.965501,37.367475],[126.965534,37.367522],[126.965574,37.367576],[126.965534,37.367596],[126.965532,37.367597],[126.965531,37.367598],[126.96553,37.367599],[126.965529,37.367601],[126.965529,37.367602],[126.965529,37.367604],[126.965529,37.367605],[126.96553,37.367607],[126.96553,37.367608],[126.965631,37.36774],[126.965624,37.367744],[126.965623,37.367745],[126.965621,37.367746],[126.96562,37.367747],[126.96562,37.367749],[126.965619,37.36775],[126.965619,37.367752],[126.965619,37.367753],[126.96562,37.367754],[126.96562,37.367756],[126.965654,37.36781],[126.965655,37.367811],[126.965656,37.367812],[126.965658,37.367813],[126.965659,37.367814],[126.965661,37.367814],[126.965662,37.367815],[126.965664,37.367815],[126.965666,37.367815],[126.965668,37.367814],[126.965669,37.367814],[126.965702,37.367889],[126.965702,37.367889],[126.965703,37.367891],[126.965704,37.367892],[126.965705,37.367893],[126.965707,37.367894],[126.965708,37.367895],[126.96571,37.367895],[126.965712,37.367895],[126.965714,37.367895],[126.965716,37.367895],[126.965717,37.367895],[126.965718,37.367894],[126.965717,37.367896],[126.965718,37.367897],[126.965718,37.367899],[126.96575,37.367979],[126.96575,37.36798],[126.965749,37.367981],[126.965748,37.367982],[126.965748,37.367984],[126.965747,37.367985],[126.965748,37.367987],[126.965748,37.367988],[126.965813,37.368142],[126.965814,37.368143],[126.965814,37.368144],[126.965816,37.368146],[126.965817,37.368147],[126.965818,37.368148],[126.96582,37.368148],[126.965822,37.368149],[126.965824,37.368149],[126.965826,37.368149],[126.965828,37.368149],[126.965829,37.368148],[126.965872,37.368137],[126.965874,37.368143],[126.965863,37.368145],[126.965861,37.368145],[126.965859,37.368146],[126.965858,37.368147],[126.965856,37.368148],[126.965855,37.368149],[126.965854,37.36815],[126.965854,37.368152],[126.965853,37.368153],[126.965854,37.368155],[126.965869,37.36824],[126.965869,37.36824],[126.965869,37.368242],[126.96587,37.368243],[126.965871,37.368244],[126.965872,37.368245],[126.965873,37.368246],[126.965875,37.368247],[126.965877,37.368248],[126.965878,37.368248],[126.96588,37.368248],[126.965882,37.368248],[126.965882,37.368248],[126.965907,37.368244],[126.965918,37.368277],[126.965924,37.368337],[126.96594,37.368485],[126.965895,37.368647],[126.96585,37.36871],[126.965816,37.368774],[126.965782,37.368836],[126.965624,37.369016],[126.965568,37.369097],[126.965455,37.36925],[126.965438,37.369269],[126.965353,37.369364],[126.965342,37.369377],[126.965172,37.369611],[126.965083,37.369697],[126.965059,37.369719],[126.964958,37.369863],[126.964878,37.369971],[126.964858,37.370014],[126.964845,37.370043],[126.964765,37.370187],[126.964754,37.370268],[126.964777,37.370367],[126.964788,37.370467],[126.964788,37.37053],[126.964788,37.370538],[126.964788,37.370701],[126.964788,37.37071],[126.964788,37.370719],[126.964833,37.370881],[126.9649,37.371115],[126.964946,37.371314],[126.965013,37.371467],[126.965149,37.371674],[126.965182,37.37171],[126.965205,37.371746],[126.965205,37.371782],[126.965283,37.371914],[126.965306,37.371953],[126.965385,37.372089],[126.965498,37.37226],[126.965583,37.372389],[126.965598,37.372413],[126.965634,37.372467],[126.965636,37.372472],[126.965758,37.372683],[126.965791,37.372766],[126.965818,37.372833],[126.965829,37.372861],[126.965848,37.372909],[126.965861,37.372909],[126.965887,37.372909],[126.965893,37.372909],[126.965927,37.372936]]]}},{"type":"Feature","properties":{"dong":"범계동","gu":"동안구","adm_nm":"경기도 안양시동안구 범계동","adm_cd":"31042650"},"geometry":{"type":"Polygon","coordinates":[[[126.952904,37.382897],[126.952972,37.382916],[126.953028,37.382932],[126.953309,37.383027],[126.953314,37.383029],[126.953343,37.383039],[126.95335,37.383041],[126.95397,37.38325],[126.954036,37.383272],[126.95404,37.383273],[126.954049,37.383276],[126.954421,37.383402],[126.954634,37.383475],[126.955015,37.383607],[126.955021,37.383609],[126.955023,37.38361],[126.955024,37.38361],[126.955028,37.383612],[126.955044,37.383617],[126.955369,37.38373],[126.955383,37.383734],[126.955832,37.38389],[126.956352,37.384065],[126.956373,37.384072],[126.956384,37.384076],[126.956409,37.384084],[126.95643,37.384091],[126.956431,37.384092],[126.956802,37.384217],[126.956826,37.384225],[126.956866,37.384238],[126.956886,37.384245],[126.95723,37.384361],[126.957283,37.384379],[126.957289,37.38438],[126.957526,37.38446],[126.957527,37.384461],[126.957903,37.384587],[126.9581,37.384654],[126.958114,37.384658],[126.958337,37.384734],[126.958358,37.384741],[126.95836,37.384741],[126.958399,37.384754],[126.958741,37.384866],[126.958879,37.384911],[126.959205,37.385017],[126.959188,37.385049],[126.95902,37.385355],[126.959016,37.385361],[126.958995,37.3854],[126.958833,37.385695],[126.958833,37.385696],[126.958758,37.385836],[126.958641,37.386054],[126.958634,37.386067],[126.958573,37.38618],[126.958441,37.386427],[126.958427,37.386454],[126.958422,37.386463],[126.958417,37.386471],[126.958416,37.386474],[126.958415,37.386476],[126.958412,37.386481],[126.958259,37.386765],[126.958252,37.386777],[126.95825,37.386781],[126.958189,37.386893],[126.958065,37.38711],[126.958064,37.387112],[126.958063,37.387114],[126.957998,37.387228],[126.957974,37.38727],[126.957903,37.387393],[126.957843,37.387507],[126.957827,37.387537],[126.957679,37.387817],[126.957667,37.38784],[126.957666,37.387841],[126.957665,37.387843],[126.957663,37.387847],[126.957444,37.38826],[126.957359,37.388418],[126.957113,37.388882],[126.957109,37.38889],[126.957104,37.388899],[126.957042,37.389015],[126.956878,37.389324],[126.956771,37.389525],[126.956616,37.389816],[126.956612,37.389824],[126.956536,37.389967],[126.956323,37.390369],[126.956235,37.390533],[126.956233,37.390537],[126.95623,37.390542],[126.955922,37.391122],[126.955916,37.391133],[126.955725,37.391493],[126.955724,37.391495],[126.955717,37.391508],[126.955708,37.391525],[126.95568,37.391577],[126.955525,37.391868],[126.955525,37.391869],[126.955523,37.391873],[126.95546,37.391991],[126.955407,37.392091],[126.955188,37.392503],[126.95517,37.392536],[126.955168,37.392541],[126.955167,37.392541],[126.955166,37.39254],[126.955165,37.39254],[126.954776,37.392402],[126.953883,37.392084],[126.953878,37.392082],[126.953875,37.392081],[126.953059,37.391791],[126.953038,37.391783],[126.953035,37.391782],[126.953024,37.391778],[126.952904,37.391735],[126.952679,37.391661],[126.95221,37.391508],[126.952184,37.3915],[126.951826,37.391383],[126.951348,37.391231],[126.951215,37.391188],[126.950982,37.391111],[126.950981,37.39111],[126.950973,37.391108],[126.95096,37.391103],[126.950891,37.391081],[126.950472,37.390885],[126.95047,37.390884],[126.950426,37.390864],[126.950277,37.390771],[126.95019,37.390711],[126.950165,37.390694],[126.950131,37.390671],[126.950067,37.390626],[126.95005,37.390614],[126.949739,37.390365],[126.949739,37.390364],[126.949378,37.390076],[126.949276,37.389994],[126.949269,37.389989],[126.949264,37.389984],[126.949261,37.389982],[126.949245,37.38997],[126.948742,37.389569],[126.948125,37.389079],[126.948117,37.389073],[126.948135,37.389058],[126.94868,37.388629],[126.948991,37.388382],[126.949,37.388376],[126.949145,37.388267],[126.949148,37.388265],[126.949161,37.388255],[126.949448,37.38804],[126.949459,37.388032],[126.949628,37.387906],[126.949658,37.387883],[126.949662,37.38788],[126.949746,37.387817],[126.949842,37.387734],[126.949863,37.387716],[126.949952,37.387639],[126.949988,37.387607],[126.950086,37.387523],[126.950176,37.387431],[126.950294,37.387246],[126.9503,37.387237],[126.950303,37.387232],[126.950367,37.387132],[126.950368,37.387131],[126.950523,37.386889],[126.950628,37.386702],[126.95063,37.386699],[126.950637,37.386686],[126.950653,37.386658],[126.950902,37.386212],[126.950928,37.386164],[126.950929,37.386163],[126.950932,37.386157],[126.950938,37.386147],[126.951057,37.38593],[126.951098,37.385855],[126.951153,37.385755],[126.951169,37.385725],[126.951319,37.385452],[126.951333,37.385427],[126.951352,37.38539],[126.951362,37.385371],[126.951499,37.38511],[126.951527,37.385056],[126.951529,37.385053],[126.951537,37.385037],[126.951544,37.385024],[126.951545,37.385023],[126.951747,37.384637],[126.951756,37.38462],[126.951766,37.3846],[126.951882,37.38438],[126.951942,37.384268],[126.952147,37.383889],[126.952222,37.38375],[126.952229,37.383736],[126.952358,37.383487],[126.95245,37.383321],[126.952459,37.383305],[126.952471,37.383284],[126.952491,37.383248],[126.952493,37.383244],[126.952716,37.382843],[126.952904,37.382897]]]}},{"type":"Feature","properties":{"dong":"신촌동","gu":"동안구","adm_nm":"경기도 안양시동안구 신촌동","adm_cd":"31042660"},"geometry":{"type":"Polygon","coordinates":[[[126.955824,37.376941],[126.956505,37.377165],[126.956537,37.377175],[126.956649,37.377212],[126.956652,37.377213],[126.956994,37.377325],[126.957231,37.377403],[126.957236,37.377404],[126.957275,37.377417],[126.957276,37.377417],[126.957467,37.37748],[126.957814,37.377602],[126.957819,37.377604],[126.957956,37.377652],[126.957977,37.37766],[126.958056,37.377687],[126.958428,37.377818],[126.958483,37.377837],[126.958487,37.377838],[126.958539,37.377855],[126.958925,37.377985],[126.958955,37.377995],[126.959199,37.378077],[126.959213,37.378082],[126.959911,37.378327],[126.959906,37.378337],[126.95974,37.378651],[126.959734,37.378663],[126.959733,37.378665],[126.959317,37.379448],[126.959294,37.379491],[126.959123,37.379814],[126.959114,37.379831],[126.959108,37.379841],[126.959093,37.37987],[126.959131,37.379885],[126.959217,37.37992],[126.959238,37.379929],[126.959387,37.379989],[126.9595,37.380035],[126.95973,37.380131],[126.959755,37.380142],[126.960106,37.380288],[126.960118,37.380293],[126.96048,37.380445],[126.960483,37.380446],[126.96062,37.380503],[126.960647,37.380514],[126.960664,37.380521],[126.960952,37.380642],[126.960967,37.380648],[126.961443,37.380846],[126.961452,37.38085],[126.961477,37.38086],[126.961468,37.380876],[126.961238,37.381321],[126.961096,37.381596],[126.960903,37.381935],[126.960891,37.381956],[126.960886,37.381964],[126.960884,37.381967],[126.960881,37.381973],[126.96088,37.381975],[126.960878,37.381978],[126.960872,37.381989],[126.960598,37.38247],[126.960598,37.38247],[126.960459,37.382714],[126.960452,37.382728],[126.960449,37.382732],[126.9604,37.382818],[126.960372,37.382878],[126.960238,37.383122],[126.960234,37.383128],[126.960141,37.3833],[126.959989,37.383575],[126.959988,37.383577],[126.959987,37.383578],[126.959986,37.38358],[126.95998,37.38359],[126.959944,37.383658],[126.959855,37.38382],[126.959721,37.384065],[126.959715,37.384076],[126.959649,37.384196],[126.959579,37.384327],[126.959519,37.384439],[126.959517,37.384442],[126.959393,37.384674],[126.959384,37.384691],[126.959381,37.384695],[126.959205,37.385017],[126.958879,37.384911],[126.958741,37.384866],[126.958399,37.384754],[126.95836,37.384741],[126.958358,37.384741],[126.958337,37.384734],[126.958114,37.384658],[126.9581,37.384654],[126.957903,37.384587],[126.957527,37.384461],[126.957526,37.38446],[126.957289,37.38438],[126.957283,37.384379],[126.95723,37.384361],[126.956886,37.384245],[126.956866,37.384238],[126.956826,37.384225],[126.956802,37.384217],[126.956431,37.384092],[126.95643,37.384091],[126.956409,37.384084],[126.956384,37.384076],[126.956373,37.384072],[126.956352,37.384065],[126.955832,37.38389],[126.955383,37.383734],[126.955369,37.38373],[126.955044,37.383617],[126.955028,37.383612],[126.955024,37.38361],[126.955023,37.38361],[126.955021,37.383609],[126.955015,37.383607],[126.954634,37.383475],[126.954421,37.383402],[126.954049,37.383276],[126.95404,37.383273],[126.954036,37.383272],[126.95397,37.38325],[126.95335,37.383041],[126.953343,37.383039],[126.953314,37.383029],[126.953309,37.383027],[126.953028,37.382932],[126.952972,37.382916],[126.952904,37.382897],[126.952716,37.382843],[126.952735,37.382792],[126.952736,37.382791],[126.952753,37.382743],[126.952754,37.382742],[126.952792,37.382637],[126.952869,37.38243],[126.952904,37.382335],[126.953011,37.382142],[126.953184,37.381833],[126.953197,37.381809],[126.953307,37.381612],[126.953327,37.381575],[126.953331,37.381569],[126.953332,37.381567],[126.953465,37.381329],[126.953481,37.3813],[126.953556,37.381163],[126.953807,37.380707],[126.953808,37.380706],[126.953817,37.380691],[126.953951,37.380447],[126.953956,37.380438],[126.953957,37.380437],[126.953965,37.380422],[126.954018,37.380325],[126.954019,37.380323],[126.954278,37.379851],[126.954304,37.379805],[126.954315,37.379785],[126.954319,37.379778],[126.954405,37.379625],[126.954414,37.379609],[126.954543,37.37938],[126.954553,37.379363],[126.954601,37.379277],[126.954602,37.379275],[126.954605,37.379271],[126.954616,37.379252],[126.954633,37.379221],[126.954692,37.379116],[126.954707,37.379089],[126.954921,37.378708],[126.955103,37.378346],[126.955129,37.378296],[126.955143,37.378268],[126.955145,37.378264],[126.955153,37.378248],[126.955169,37.378216],[126.955211,37.378133],[126.95537,37.377818],[126.955798,37.376954],[126.955804,37.376942],[126.955807,37.376936],[126.955824,37.376941]]]}},{"type":"Feature","properties":{"dong":"갈산동","gu":"동안구","adm_nm":"경기도 안양시동안구 갈산동","adm_cd":"31042670"},"geometry":{"type":"Polygon","coordinates":[[[126.971803,37.379908],[126.971829,37.37992],[126.972023,37.380075],[126.972022,37.380075],[126.971438,37.380267],[126.971381,37.380286],[126.970821,37.380478],[126.969522,37.380915],[126.969328,37.38098],[126.969327,37.380981],[126.967902,37.381463],[126.967655,37.381606],[126.967592,37.381636],[126.967579,37.381641],[126.967578,37.381642],[126.967558,37.38165],[126.967493,37.381677],[126.967243,37.381781],[126.966762,37.381982],[126.966324,37.382174],[126.966108,37.382306],[126.966069,37.382339],[126.965943,37.382521],[126.965823,37.382676],[126.965819,37.382678],[126.965819,37.382678],[126.965807,37.382684],[126.965804,37.382686],[126.965792,37.382687],[126.965769,37.382684],[126.965323,37.382492],[126.965292,37.382479],[126.965091,37.382392],[126.964597,37.382173],[126.964496,37.382129],[126.96447,37.382117],[126.964076,37.381943],[126.963322,37.381621],[126.963314,37.381617],[126.963284,37.381605],[126.962903,37.381442],[126.962758,37.381382],[126.962168,37.38114],[126.962154,37.381134],[126.96195,37.381051],[126.961485,37.380864],[126.961477,37.38086],[126.961452,37.38085],[126.961443,37.380846],[126.960967,37.380648],[126.960952,37.380642],[126.960664,37.380521],[126.960647,37.380514],[126.96062,37.380503],[126.960483,37.380446],[126.96048,37.380445],[126.960118,37.380293],[126.960106,37.380288],[126.959755,37.380142],[126.95973,37.380131],[126.9595,37.380035],[126.959387,37.379989],[126.959238,37.379929],[126.959217,37.37992],[126.959131,37.379885],[126.959093,37.37987],[126.959108,37.379841],[126.959114,37.379831],[126.959123,37.379814],[126.959294,37.379491],[126.959317,37.379448],[126.959733,37.378665],[126.959734,37.378663],[126.95974,37.378651],[126.959906,37.378337],[126.959911,37.378327],[126.959213,37.378082],[126.959199,37.378077],[126.959324,37.377818],[126.959351,37.377767],[126.959361,37.377749],[126.959368,37.377735],[126.95946,37.377563],[126.959472,37.37754],[126.959516,37.377457],[126.959553,37.377388],[126.95957,37.377356],[126.959578,37.377343],[126.95967,37.377174],[126.959679,37.377158],[126.959808,37.376923],[126.959811,37.376918],[126.959812,37.376917],[126.959815,37.37691],[126.959816,37.376909],[126.959818,37.376905],[126.95997,37.376623],[126.959979,37.376606],[126.959994,37.37658],[126.959999,37.376569],[126.960039,37.376494],[126.960106,37.376371],[126.960189,37.376218],[126.960266,37.376078],[126.960309,37.376001],[126.960376,37.375875],[126.960377,37.375872],[126.960387,37.375854],[126.96039,37.375848],[126.960392,37.375845],[126.960451,37.375733],[126.960621,37.375417],[126.96068,37.375305],[126.960792,37.375092],[126.960798,37.375081],[126.960882,37.374926],[126.960953,37.374786],[126.960959,37.374775],[126.960962,37.374769],[126.960964,37.374769],[126.960988,37.374778],[126.961306,37.374887],[126.961308,37.374888],[126.96144,37.374933],[126.961487,37.374949],[126.961735,37.375034],[126.961735,37.375033],[126.961947,37.37464],[126.962044,37.374451],[126.962044,37.37445],[126.962049,37.374439],[126.962105,37.374331],[126.962244,37.374054],[126.96226,37.374023],[126.962262,37.374019],[126.962265,37.374012],[126.962363,37.373817],[126.96237,37.373799],[126.962403,37.373707],[126.962412,37.373681],[126.962415,37.373672],[126.962417,37.373669],[126.962421,37.373656],[126.962444,37.373593],[126.962499,37.373493],[126.962512,37.373471],[126.962547,37.373407],[126.962599,37.373314],[126.962638,37.373246],[126.962642,37.373238],[126.962725,37.373092],[126.962776,37.373002],[126.962851,37.372871],[126.962857,37.37286],[126.96286,37.372856],[126.962862,37.372851],[126.962878,37.372824],[126.96303,37.372522],[126.963191,37.372204],[126.963237,37.372218],[126.963516,37.372302],[126.96354,37.372309],[126.963944,37.372431],[126.964446,37.372574],[126.964663,37.372644],[126.964833,37.372709],[126.964853,37.372717],[126.964861,37.37272],[126.964889,37.372731],[126.965116,37.372819],[126.965346,37.372899],[126.96561,37.372991],[126.96566,37.37302],[126.965867,37.373137],[126.966129,37.373251],[126.96614,37.373263],[126.966179,37.373307],[126.966307,37.373532],[126.966467,37.373625],[126.966467,37.373625],[126.966469,37.37363],[126.966547,37.373801],[126.966553,37.37381],[126.966668,37.374017],[126.966773,37.374206],[126.96683,37.374288],[126.966931,37.374414],[126.967112,37.374567],[126.967224,37.37472],[126.967235,37.374751],[126.967268,37.374846],[126.96736,37.375108],[126.967405,37.375225],[126.967419,37.375241],[126.967427,37.375252],[126.967427,37.375255],[126.967427,37.37527],[126.967495,37.375342],[126.967563,37.375414],[126.967585,37.375431],[126.967597,37.375441],[126.967661,37.375524],[126.967743,37.37563],[126.967856,37.375775],[126.96791,37.375848],[126.968093,37.376099],[126.968167,37.376171],[126.9682,37.376202],[126.968251,37.376252],[126.968283,37.37628],[126.968364,37.376351],[126.96842,37.376387],[126.968431,37.376391],[126.968601,37.376459],[126.968608,37.376462],[126.968693,37.376494],[126.9689,37.376571],[126.968962,37.376595],[126.969,37.376621],[126.96912,37.376703],[126.96929,37.377063],[126.969323,37.377126],[126.969337,37.377164],[126.969346,37.37719],[126.969346,37.377199],[126.969368,37.377271],[126.969391,37.377352],[126.969402,37.377388],[126.969402,37.377406],[126.969447,37.377451],[126.96947,37.377478],[126.969572,37.377577],[126.969628,37.377649],[126.969657,37.377677],[126.969684,37.377703],[126.969705,37.377716],[126.96973,37.37773],[126.969786,37.377784],[126.969831,37.37782],[126.969876,37.377856],[126.969899,37.377865],[126.96991,37.377883],[126.969955,37.37791],[126.969967,37.377929],[126.969978,37.377938],[126.97,37.377956],[126.970017,37.377971],[126.970068,37.378019],[126.970104,37.378053],[126.970125,37.378073],[126.970158,37.3781],[126.970204,37.378145],[126.970237,37.378208],[126.97026,37.378253],[126.970271,37.37828],[126.970294,37.378316],[126.970305,37.378334],[126.970316,37.378352],[126.970328,37.378388],[126.97035,37.37846],[126.970364,37.378503],[126.970384,37.378568],[126.970388,37.37859],[126.970395,37.378631],[126.97044,37.378685],[126.970452,37.378713],[126.970474,37.378758],[126.970519,37.37883],[126.970565,37.378893],[126.970575,37.378912],[126.970598,37.378956],[126.970621,37.378974],[126.970621,37.378992],[126.970666,37.379037],[126.970672,37.379041],[126.970689,37.379055],[126.970723,37.3791],[126.970779,37.379145],[126.970824,37.37919],[126.970913,37.379251],[126.971072,37.379361],[126.971073,37.379362],[126.971118,37.379415],[126.971144,37.379439],[126.971231,37.379515],[126.971235,37.379515],[126.971242,37.379515],[126.971253,37.379524],[126.971362,37.379599],[126.971364,37.379602],[126.971407,37.379667],[126.971408,37.379668],[126.971409,37.379669],[126.971411,37.37967],[126.971412,37.379671],[126.971414,37.379671],[126.971416,37.379671],[126.971418,37.379671],[126.971419,37.379671],[126.971421,37.379671],[126.971449,37.379662],[126.971456,37.379668],[126.971488,37.379687],[126.971501,37.379695],[126.971503,37.379696],[126.971512,37.379703],[126.97145,37.37972],[126.971449,37.379721],[126.971448,37.379721],[126.971446,37.379722],[126.971445,37.379723],[126.971444,37.379724],[126.971443,37.379725],[126.971442,37.379727],[126.971442,37.379728],[126.971442,37.379729],[126.971442,37.379731],[126.971443,37.379732],[126.971443,37.379734],[126.971556,37.379887],[126.971557,37.379889],[126.971559,37.37989],[126.97156,37.379891],[126.971562,37.379891],[126.971564,37.379892],[126.971605,37.379898],[126.971607,37.379898],[126.971608,37.379898],[126.97161,37.379898],[126.971611,37.379898],[126.971737,37.37986],[126.971772,37.379884],[126.971772,37.379886],[126.971772,37.379893],[126.971803,37.379908]]]}},{"type":"Feature","properties":{"dong":"관양동","gu":"동안구","adm_nm":"경기도 안양시동안구 관양동","adm_cd":"31042681"},"geometry":{"type":"Polygon","coordinates":[[[126.961287,37.429325],[126.960165,37.428282],[126.959693,37.427963],[126.95882,37.426767],[126.958747,37.42609],[126.958651,37.42521],[126.958611,37.424843],[126.958264,37.424598],[126.957688,37.42419],[126.958711,37.42124],[126.958724,37.421202],[126.958891,37.42072],[126.959456,37.42003],[126.959656,37.419786],[126.95967,37.419667],[126.959675,37.419623],[126.95974,37.419066],[126.959824,37.418347],[126.959449,37.417966],[126.959376,37.417891],[126.959098,37.417609],[126.959103,37.416731],[126.959101,37.416002],[126.959108,37.415913],[126.959173,37.414983],[126.959218,37.41478],[126.959258,37.414595],[126.959267,37.414556],[126.959367,37.414434],[126.959507,37.414264],[126.959561,37.414197],[126.959598,37.414152],[126.959523,37.414051],[126.959504,37.414048],[126.959429,37.414033],[126.95883,37.413918],[126.958473,37.414005],[126.958229,37.414065],[126.958119,37.414091],[126.957739,37.413878],[126.956828,37.413039],[126.956117,37.412573],[126.955958,37.412275],[126.955634,37.412001],[126.955478,37.411957],[126.955029,37.41183],[126.954579,37.411702],[126.954151,37.411486],[126.953915,37.411367],[126.953471,37.410738],[126.953408,37.410575],[126.953175,37.409957],[126.953103,37.409768],[126.952848,37.409371],[126.952667,37.409089],[126.952529,37.408951],[126.952574,37.408424],[126.95256,37.408284],[126.952547,37.408144],[126.952569,37.407904],[126.952595,37.407619],[126.952601,37.407562],[126.952602,37.407546],[126.952602,37.407543],[126.952587,37.407453],[126.952784,37.407473],[126.952995,37.407494],[126.953769,37.407267],[126.953766,37.407229],[126.953763,37.407197],[126.953754,37.407091],[126.953734,37.406854],[126.953728,37.406818],[126.953726,37.406805],[126.953724,37.406795],[126.953718,37.406769],[126.953716,37.406763],[126.9537,37.406705],[126.953686,37.406663],[126.95366,37.406612],[126.953616,37.406542],[126.953571,37.406491],[126.953519,37.406438],[126.953478,37.406399],[126.953474,37.406395],[126.95343,37.40636],[126.953417,37.406351],[126.953379,37.406323],[126.953327,37.406289],[126.953268,37.406254],[126.952953,37.406073],[126.952926,37.406062],[126.952899,37.406052],[126.952846,37.406038],[126.952794,37.406026],[126.952785,37.406025],[126.95276,37.406023],[126.95276,37.405991],[126.952759,37.405935],[126.952758,37.405893],[126.952758,37.40589],[126.95333,37.405861],[126.953293,37.405383],[126.953261,37.404955],[126.953229,37.404536],[126.9532,37.404166],[126.953172,37.4038],[126.953169,37.403755],[126.953168,37.403745],[126.953177,37.403693],[126.953278,37.403349],[126.953365,37.403048],[126.953491,37.402617],[126.953551,37.402411],[126.953611,37.402205],[126.953636,37.402153],[126.953702,37.401947],[126.953757,37.401775],[126.953758,37.401773],[126.953761,37.401763],[126.953896,37.401343],[126.953972,37.401108],[126.953974,37.4011],[126.953987,37.40106],[126.954,37.401019],[126.954002,37.401014],[126.954008,37.400996],[126.954013,37.40098],[126.954013,37.40098],[126.954503,37.401151],[126.954602,37.401186],[126.954603,37.401186],[126.955169,37.401383],[126.955174,37.401385],[126.955286,37.401424],[126.955304,37.40143],[126.955326,37.401438],[126.956093,37.401706],[126.956142,37.401724],[126.956187,37.401741],[126.956204,37.401747],[126.956703,37.401934],[126.956795,37.401961],[126.95685,37.401977],[126.956873,37.401984],[126.956874,37.401984],[126.956891,37.401989],[126.956908,37.401994],[126.957001,37.402021],[126.957106,37.402052],[126.957189,37.402072],[126.95746,37.40214],[126.957658,37.402159],[126.957665,37.402159],[126.957804,37.402173],[126.957903,37.402182],[126.95804,37.402167],[126.958505,37.402116],[126.95855,37.402111],[126.958561,37.40211],[126.958568,37.402109],[126.958656,37.402099],[126.95875,37.402089],[126.95878,37.402086],[126.95914,37.402045],[126.959634,37.401984],[126.959669,37.40198],[126.959687,37.401977],[126.959743,37.40197],[126.959852,37.401957],[126.95988,37.401952],[126.959997,37.401931],[126.960189,37.401897],[126.960302,37.401873],[126.960523,37.401843],[126.960631,37.401828],[126.960633,37.401827],[126.960637,37.401827],[126.960768,37.401816],[126.960999,37.401797],[126.961088,37.401793],[126.961163,37.401789],[126.961297,37.401778],[126.961391,37.40177],[126.96141,37.401771],[126.96142,37.401771],[126.961431,37.401771],[126.961441,37.401771],[126.961449,37.401771],[126.961498,37.401772],[126.961571,37.401773],[126.961994,37.401802],[126.962,37.401803],[126.962011,37.401803],[126.962338,37.401826],[126.962443,37.401832],[126.962471,37.401834],[126.962573,37.401842],[126.962582,37.401842],[126.962599,37.401844],[126.962728,37.401853],[126.962728,37.401853],[126.96286,37.401862],[126.962903,37.401865],[126.963475,37.401909],[126.963496,37.40191],[126.963507,37.401911],[126.963524,37.401913],[126.963578,37.401917],[126.963692,37.401925],[126.963753,37.40193],[126.963873,37.40194],[126.964026,37.401951],[126.964178,37.401963],[126.964255,37.401969],[126.964285,37.401975],[126.964352,37.401988],[126.964421,37.402001],[126.964997,37.402192],[126.964997,37.402192],[126.964949,37.402383],[126.964942,37.402411],[126.964939,37.402422],[126.964937,37.402431],[126.964895,37.402599],[126.964894,37.402604],[126.964888,37.402627],[126.964841,37.402815],[126.964819,37.402901],[126.964817,37.402907],[126.964817,37.402909],[126.964774,37.403081],[126.964768,37.403105],[126.964747,37.403204],[126.964741,37.403228],[126.964721,37.403322],[126.964719,37.403332],[126.964718,37.403334],[126.964718,37.403337],[126.964717,37.403339],[126.964716,37.403345],[126.964688,37.403473],[126.964673,37.403537],[126.96462,37.403753],[126.964618,37.403759],[126.964618,37.40376],[126.964617,37.403764],[126.964616,37.403766],[126.964553,37.404026],[126.964494,37.404373],[126.964491,37.404387],[126.964979,37.404454],[126.965553,37.404518],[126.96605,37.404557],[126.966052,37.404558],[126.966063,37.404558],[126.966067,37.404559],[126.966076,37.40456],[126.966079,37.40456],[126.96608,37.40456],[126.966259,37.404574],[126.966643,37.404597],[126.966658,37.404598],[126.966678,37.404599],[126.966927,37.404614],[126.96723,37.404635],[126.967236,37.404635],[126.967695,37.404667],[126.967712,37.404668],[126.967716,37.404668],[126.967723,37.404669],[126.967724,37.404669],[126.967736,37.40467],[126.96774,37.40467],[126.967902,37.404681],[126.968818,37.404724],[126.969307,37.404747],[126.969325,37.404748],[126.969331,37.404749],[126.970293,37.404794],[126.97053,37.404808],[126.970547,37.404809],[126.970963,37.404835],[126.971083,37.404842],[126.971088,37.404843],[126.971104,37.404844],[126.971112,37.404844],[126.971114,37.404844],[126.97141,37.404863],[126.97159,37.404835],[126.97169,37.40482],[126.972001,37.404786],[126.972345,37.40464],[126.972462,37.40459],[126.972641,37.404513],[126.97266,37.404504],[126.972902,37.4044],[126.973227,37.404204],[126.973235,37.4042],[126.974373,37.403514],[126.974596,37.40338],[126.974699,37.403317],[126.974718,37.403306],[126.974739,37.403293],[126.974955,37.403162],[126.974957,37.40316],[126.974962,37.403157],[126.974967,37.403154],[126.975376,37.402906],[126.975524,37.402815],[126.976177,37.402453],[126.976246,37.402415],[126.976295,37.402387],[126.976314,37.402389],[126.976326,37.402395],[126.976328,37.402395],[126.976331,37.402397],[126.976393,37.402429],[126.976408,37.402448],[126.97646,37.402513],[126.976615,37.402574],[126.976627,37.402615],[126.976735,37.402667],[126.976816,37.402713],[126.976856,37.402737],[126.976878,37.402749],[126.97693,37.402779],[126.977024,37.402834],[126.977227,37.402968],[126.97731,37.403023],[126.977327,37.403035],[126.977334,37.403041],[126.977278,37.403034],[126.977264,37.403033],[126.977263,37.403033],[126.977293,37.403054],[126.977399,37.403132],[126.977392,37.403183],[126.977365,37.403375],[126.977331,37.403528],[126.977331,37.403654],[126.977376,37.403834],[126.977387,37.403852],[126.97741,37.403934],[126.977523,37.404087],[126.977681,37.404186],[126.977873,37.404303],[126.977963,37.404357],[126.978008,37.404375],[126.97828,37.404492],[126.978286,37.404497],[126.978404,37.404573],[126.978517,37.404673],[126.978544,37.40473],[126.978584,37.404817],[126.978638,37.405277],[126.978641,37.405303],[126.978607,37.405375],[126.97855,37.405457],[126.978505,37.405511],[126.978381,37.405619],[126.978234,37.405671],[126.978215,37.405677],[126.978178,37.405691],[126.978189,37.405538],[126.978008,37.405637],[126.977873,37.405718],[126.977737,37.40579],[126.977613,37.405862],[126.977331,37.405943],[126.976913,37.40606],[126.976653,37.406141],[126.976483,37.406132],[126.976111,37.406132],[126.976054,37.406006],[126.976054,37.405997],[126.975874,37.405898],[126.975806,37.406105],[126.975725,37.40633],[126.975602,37.406672],[126.97576,37.407159],[126.975907,37.40731],[126.976102,37.407511],[126.97611,37.407519],[126.976106,37.407524],[126.975958,37.407708],[126.975884,37.407799],[126.975839,37.407871],[126.975832,37.407881],[126.975826,37.407892],[126.975794,37.407943],[126.975737,37.408024],[126.975714,37.408096],[126.975678,37.408207],[126.975658,37.408267],[126.975545,37.408591],[126.975579,37.408916],[126.975455,37.409222],[126.975524,37.409277],[126.975737,37.409447],[126.975742,37.409467],[126.975759,37.409538],[126.975805,37.409754],[126.975805,37.409772],[126.975815,37.410017],[126.975816,37.410024],[126.97568,37.410222],[126.975669,37.410249],[126.975499,37.410484],[126.975365,37.410689],[126.975352,37.410709],[126.975409,37.411159],[126.975428,37.411175],[126.975623,37.41134],[126.975723,37.411419],[126.975747,37.411439],[126.9757,37.41149],[126.975454,37.411763],[126.975306,37.412035],[126.975273,37.412096],[126.975182,37.412376],[126.975216,37.412628],[126.975227,37.412637],[126.975242,37.412669],[126.975261,37.412709],[126.975252,37.412729],[126.975114,37.413024],[126.975047,37.413186],[126.974948,37.41327],[126.974877,37.413331],[126.974482,37.413403],[126.97429,37.413673],[126.974267,37.413799],[126.974256,37.413907],[126.974154,37.413988],[126.973984,37.414105],[126.973973,37.414096],[126.973958,37.414163],[126.973894,37.414457],[126.973837,37.414709],[126.973758,37.415078],[126.973747,37.415132],[126.973758,37.415204],[126.973758,37.415205],[126.973746,37.41522],[126.973634,37.415367],[126.973481,37.41556],[126.973442,37.41561],[126.973216,37.415889],[126.973204,37.41589],[126.972933,37.415907],[126.972628,37.415925],[126.972454,37.416012],[126.972447,37.416015],[126.972442,37.416011],[126.972436,37.416006],[126.972402,37.415979],[126.972379,37.415988],[126.972255,37.415979],[126.972007,37.415952],[126.97193,37.415975],[126.97186,37.415997],[126.971769,37.416015],[126.971577,37.416024],[126.971408,37.416042],[126.971397,37.416051],[126.97115,37.416171],[126.971137,37.416177],[126.97099,37.416249],[126.970719,37.416384],[126.970667,37.416469],[126.97062,37.416547],[126.970583,37.416609],[126.970626,37.416715],[126.970687,37.416865],[126.970718,37.416943],[126.970718,37.416975],[126.970718,37.416975],[126.970718,37.417105],[126.970526,37.417222],[126.970312,37.417267],[126.970074,37.417312],[126.969826,37.417294],[126.969577,37.417267],[126.96943,37.417285],[126.969318,37.417339],[126.968742,37.417239],[126.968301,37.417158],[126.968075,37.41714],[126.967646,37.417176],[126.967262,37.417239],[126.967059,37.417275],[126.967006,37.417283],[126.966889,37.417302],[126.966652,37.417491],[126.9662,37.41786],[126.965985,37.418041],[126.965465,37.418338],[126.965273,37.418428],[126.964629,37.418761],[126.963917,37.41895],[126.963533,37.419301],[126.963341,37.419535],[126.963356,37.419562],[126.963454,37.419734],[126.963386,37.419813],[126.962448,37.420914],[126.96239,37.42138],[126.962367,37.421569],[126.962346,37.421743],[126.962345,37.421941],[126.962006,37.422643],[126.961972,37.423256],[126.961991,37.423289],[126.962089,37.423456],[126.96213,37.423526],[126.962108,37.423572],[126.961859,37.424085],[126.961834,37.424137],[126.961825,37.424157],[126.961689,37.424562],[126.961666,37.424635],[126.961191,37.425184],[126.960909,37.425616],[126.960931,37.426085],[126.960935,37.426088],[126.960969,37.426115],[126.961451,37.4265],[126.961801,37.426779],[126.961801,37.426788],[126.962037,37.427743],[126.962042,37.427798],[126.962045,37.427839],[126.962141,37.429045],[126.962154,37.429209],[126.96209,37.429165],[126.961959,37.429075],[126.961287,37.429325]]]}},{"type":"Feature","properties":{"dong":"인덕원동","gu":"동안구","adm_nm":"경기도 안양시동안구 인덕원동","adm_cd":"31042691"},"geometry":{"type":"Polygon","coordinates":[[[126.976246,37.402415],[126.976177,37.402453],[126.975524,37.402815],[126.975376,37.402906],[126.974967,37.403154],[126.974962,37.403157],[126.974957,37.40316],[126.974955,37.403162],[126.974739,37.403293],[126.974718,37.403306],[126.974699,37.403317],[126.974596,37.40338],[126.974373,37.403514],[126.973235,37.4042],[126.973227,37.404204],[126.972902,37.4044],[126.97266,37.404504],[126.972641,37.404513],[126.972462,37.40459],[126.972345,37.40464],[126.972001,37.404786],[126.97169,37.40482],[126.97159,37.404835],[126.97141,37.404863],[126.971114,37.404844],[126.971112,37.404844],[126.971104,37.404844],[126.971088,37.404843],[126.971083,37.404842],[126.970963,37.404835],[126.970547,37.404809],[126.97053,37.404808],[126.970293,37.404794],[126.969331,37.404749],[126.969325,37.404748],[126.969307,37.404747],[126.968818,37.404724],[126.967902,37.404681],[126.96774,37.40467],[126.967736,37.40467],[126.967724,37.404669],[126.967723,37.404669],[126.967716,37.404668],[126.967712,37.404668],[126.967695,37.404667],[126.967236,37.404635],[126.96723,37.404635],[126.966927,37.404614],[126.966678,37.404599],[126.966658,37.404598],[126.966643,37.404597],[126.966259,37.404574],[126.96608,37.40456],[126.966079,37.40456],[126.966076,37.40456],[126.966067,37.404559],[126.966063,37.404558],[126.966052,37.404558],[126.96605,37.404557],[126.965553,37.404518],[126.964979,37.404454],[126.964491,37.404387],[126.964494,37.404373],[126.964553,37.404026],[126.964616,37.403766],[126.964617,37.403764],[126.964618,37.40376],[126.964618,37.403759],[126.96462,37.403753],[126.964673,37.403537],[126.964688,37.403473],[126.964716,37.403345],[126.964717,37.403339],[126.964718,37.403337],[126.964718,37.403334],[126.964719,37.403332],[126.964721,37.403322],[126.964741,37.403228],[126.964747,37.403204],[126.964768,37.403105],[126.964774,37.403081],[126.964817,37.402909],[126.964817,37.402907],[126.964819,37.402901],[126.964841,37.402815],[126.964888,37.402627],[126.964894,37.402604],[126.964895,37.402599],[126.964937,37.402431],[126.964939,37.402422],[126.964942,37.402411],[126.964949,37.402383],[126.964997,37.402192],[126.964997,37.402192],[126.964421,37.402001],[126.964352,37.401988],[126.964285,37.401975],[126.964255,37.401969],[126.964178,37.401963],[126.964026,37.401951],[126.963873,37.40194],[126.963753,37.40193],[126.963692,37.401925],[126.963578,37.401917],[126.963524,37.401913],[126.963507,37.401911],[126.963496,37.40191],[126.963475,37.401909],[126.962903,37.401865],[126.96286,37.401862],[126.962728,37.401853],[126.962728,37.401853],[126.962599,37.401844],[126.962582,37.401842],[126.962573,37.401842],[126.962471,37.401834],[126.962443,37.401832],[126.962338,37.401826],[126.962011,37.401803],[126.962,37.401803],[126.961994,37.401802],[126.961571,37.401773],[126.961498,37.401772],[126.961449,37.401771],[126.961441,37.401771],[126.961431,37.401771],[126.96142,37.401771],[126.96141,37.401771],[126.961391,37.40177],[126.961297,37.401778],[126.961163,37.401789],[126.961088,37.401793],[126.960999,37.401797],[126.960768,37.401816],[126.960637,37.401827],[126.960633,37.401827],[126.960631,37.401828],[126.960523,37.401843],[126.960302,37.401873],[126.960189,37.401897],[126.959997,37.401931],[126.960026,37.401857],[126.960194,37.401427],[126.960211,37.401384],[126.960234,37.401326],[126.960263,37.401251],[126.960507,37.400867],[126.960591,37.400737],[126.960601,37.400721],[126.960611,37.400706],[126.960725,37.400531],[126.961197,37.399802],[126.961259,37.399711],[126.961283,37.399676],[126.961286,37.399671],[126.961291,37.399663],[126.961294,37.39966],[126.961396,37.39951],[126.96148,37.399386],[126.961545,37.39929],[126.961585,37.399231],[126.961663,37.399113],[126.961844,37.398841],[126.96189,37.398772],[126.961912,37.398739],[126.961972,37.39865],[126.962185,37.398329],[126.962191,37.398321],[126.962227,37.398267],[126.962236,37.398253],[126.962245,37.398241],[126.962406,37.397998],[126.962518,37.397816],[126.962622,37.397671],[126.962865,37.397332],[126.963027,37.397105],[126.963028,37.397103],[126.963032,37.397098],[126.963044,37.397082],[126.963404,37.396578],[126.963652,37.396178],[126.963652,37.396177],[126.96368,37.396133],[126.963737,37.39604],[126.963962,37.395708],[126.964031,37.395606],[126.964033,37.395603],[126.964055,37.395571],[126.964072,37.395546],[126.964597,37.39559],[126.96624,37.395728],[126.96666,37.395779],[126.967918,37.395934],[126.968741,37.395986],[126.968812,37.39599],[126.968916,37.395257],[126.968928,37.395152],[126.968992,37.394613],[126.969053,37.394083],[126.969069,37.393947],[126.969139,37.393367],[126.969139,37.393365],[126.96914,37.393357],[126.969176,37.393058],[126.96921,37.392817],[126.969229,37.392661],[126.969238,37.392583],[126.969245,37.392527],[126.96925,37.39249],[126.969258,37.392423],[126.969286,37.392185],[126.969339,37.391747],[126.969359,37.391558],[126.969363,37.391528],[126.969379,37.391385],[126.969385,37.39133],[126.969435,37.390872],[126.969452,37.390873],[126.969609,37.390876],[126.969809,37.39088],[126.969971,37.390884],[126.969972,37.390875],[126.970096,37.390877],[126.970558,37.390884],[126.970676,37.390885],[126.9707,37.390885],[126.970745,37.390885],[126.97083,37.390887],[126.970954,37.390888],[126.970994,37.390913],[126.971041,37.390909],[126.971028,37.39166],[126.971057,37.391661],[126.971091,37.391661],[126.971611,37.391668],[126.971731,37.391669],[126.972187,37.391675],[126.972219,37.391675],[126.972237,37.392154],[126.972243,37.392309],[126.972247,37.392401],[126.97228,37.392401],[126.97364,37.392404],[126.973646,37.392246],[126.973668,37.391693],[126.973912,37.391696],[126.974235,37.3917],[126.974249,37.391701],[126.974278,37.391701],[126.974332,37.391702],[126.974511,37.392156],[126.974472,37.392245],[126.974368,37.392485],[126.97433,37.392572],[126.974326,37.392664],[126.974305,37.393382],[126.974304,37.393389],[126.974304,37.393394],[126.974291,37.393412],[126.974279,37.39343],[126.974248,37.393476],[126.974243,37.393482],[126.974224,37.39466],[126.974208,37.394676],[126.973834,37.395079],[126.973816,37.395099],[126.973797,37.395104],[126.973797,37.395105],[126.973798,37.395145],[126.973798,37.395156],[126.973801,37.395181],[126.973819,37.395372],[126.973832,37.395591],[126.973833,37.395616],[126.973838,37.395697],[126.973836,37.395781],[126.973829,37.396003],[126.973825,37.396182],[126.973837,37.396248],[126.973853,37.396335],[126.973871,37.396436],[126.973872,37.396441],[126.97388,37.396523],[126.973919,37.396518],[126.973947,37.396541],[126.973963,37.396554],[126.97406,37.39663],[126.975043,37.396699],[126.975349,37.396717],[126.975779,37.396593],[126.976047,37.396614],[126.976074,37.396616],[126.976324,37.396635],[126.976387,37.396639],[126.976474,37.396646],[126.976609,37.396657],[126.976676,37.396648],[126.977117,37.396579],[126.977191,37.396567],[126.977196,37.396566],[126.977465,37.396524],[126.977518,37.396516],[126.977661,37.396493],[126.977956,37.396447],[126.978104,37.396411],[126.978113,37.396409],[126.978494,37.396317],[126.978916,37.396215],[126.979197,37.396195],[126.979491,37.39618],[126.97975,37.396167],[126.979753,37.396181],[126.979756,37.396197],[126.979761,37.396221],[126.979761,37.396248],[126.979763,37.396259],[126.979771,37.396303],[126.979773,37.396311],[126.979761,37.39632],[126.97975,37.396338],[126.979773,37.396347],[126.979795,37.396357],[126.979807,37.396375],[126.979818,37.396402],[126.979818,37.396411],[126.979863,37.396456],[126.979895,37.396498],[126.979897,37.396501],[126.979908,37.396519],[126.97992,37.396537],[126.979965,37.396582],[126.979999,37.396618],[126.980021,37.396663],[126.980021,37.396679],[126.980021,37.39669],[126.980028,37.396701],[126.980032,37.396708],[126.980032,37.396732],[126.980032,37.396735],[126.980032,37.396747],[126.980032,37.396771],[126.980026,37.396805],[126.980021,37.396834],[126.980021,37.396854],[126.980021,37.396879],[126.980021,37.396915],[126.980021,37.396942],[126.980032,37.396969],[126.980066,37.396996],[126.980089,37.397023],[126.980123,37.397059],[126.980133,37.39708],[126.980145,37.397104],[126.980165,37.397128],[126.98019,37.397158],[126.980202,37.397204],[126.980211,37.39724],[126.980213,37.397249],[126.980219,37.397274],[126.980224,37.397294],[126.980227,37.397306],[126.980235,37.397339],[126.980247,37.397358],[126.980265,37.397351],[126.980267,37.39735],[126.980269,37.39735],[126.98027,37.39735],[126.980272,37.39735],[126.980274,37.39735],[126.980275,37.397351],[126.980277,37.397352],[126.980278,37.397352],[126.980279,37.397354],[126.98028,37.397355],[126.980348,37.397465],[126.980348,37.397467],[126.980349,37.397468],[126.980349,37.39747],[126.980348,37.397471],[126.980348,37.397472],[126.980348,37.397473],[126.980348,37.397473],[126.980371,37.397492],[126.980382,37.397501],[126.980337,37.397501],[126.980344,37.39751],[126.980371,37.397546],[126.980427,37.3976],[126.980461,37.397627],[126.980571,37.397668],[126.98063,37.39769],[126.980653,37.397699],[126.980741,37.397717],[126.980744,37.397717],[126.980913,37.397735],[126.981015,37.397798],[126.981065,37.397833],[126.98107,37.397831],[126.981072,37.39783],[126.981073,37.39783],[126.981075,37.397829],[126.981076,37.397829],[126.981078,37.397829],[126.98108,37.39783],[126.981081,37.39783],[126.981083,37.397831],[126.981119,37.397853],[126.981119,37.397853],[126.981121,37.397854],[126.981122,37.397855],[126.981123,37.397857],[126.981123,37.397857],[126.981207,37.39787],[126.981297,37.397888],[126.981376,37.397943],[126.981396,37.397935],[126.981421,37.397925],[126.98143,37.39794],[126.981436,37.397953],[126.981455,37.397988],[126.981457,37.39799],[126.9815,37.398042],[126.981565,37.398108],[126.98159,37.398133],[126.981624,37.398168],[126.981627,37.398206],[126.981636,37.398339],[126.981675,37.398406],[126.981715,37.398474],[126.981715,37.398555],[126.981636,37.398717],[126.981537,37.398938],[126.981511,37.398997],[126.982229,37.399164],[126.982245,37.399168],[126.982462,37.399608],[126.982471,37.399627],[126.982494,37.399673],[126.982742,37.399844],[126.982797,37.399879],[126.982855,37.399916],[126.982855,37.400168],[126.982844,37.400285],[126.982855,37.400484],[126.982598,37.400591],[126.982371,37.400685],[126.982347,37.400646],[126.982326,37.400613],[126.982313,37.400592],[126.982155,37.400664],[126.981985,37.400745],[126.981918,37.401042],[126.9819,37.401133],[126.981884,37.401222],[126.981884,37.401249],[126.981838,37.401339],[126.981817,37.401377],[126.981782,37.401439],[126.981816,37.401502],[126.981843,37.40153],[126.981884,37.401574],[126.981878,37.401593],[126.981861,37.401655],[126.981838,37.401718],[126.981816,37.401817],[126.981748,37.401844],[126.981386,37.401925],[126.981228,37.401961],[126.981046,37.402022],[126.980957,37.402051],[126.980788,37.402141],[126.980822,37.402366],[126.980844,37.402556],[126.980799,37.402592],[126.98021,37.403046],[126.980121,37.403114],[126.979627,37.403026],[126.979568,37.403015],[126.97898,37.403024],[126.978826,37.403133],[126.978675,37.40324],[126.97851,37.403208],[126.978393,37.403186],[126.978303,37.403177],[126.978212,37.40315],[126.97819,37.403141],[126.978031,37.403204],[126.977964,37.403222],[126.977828,37.403276],[126.977715,37.403213],[126.977591,37.40315],[126.977467,37.403087],[126.977388,37.403042],[126.977343,37.403042],[126.977334,37.403041],[126.977327,37.403035],[126.97731,37.403023],[126.977227,37.402968],[126.977024,37.402834],[126.97693,37.402779],[126.976878,37.402749],[126.976856,37.402737],[126.976816,37.402713],[126.976735,37.402667],[126.976627,37.402615],[126.976615,37.402574],[126.97646,37.402513],[126.976408,37.402448],[126.976393,37.402429],[126.976331,37.402397],[126.976328,37.402395],[126.976326,37.402395],[126.976314,37.402389],[126.976295,37.402387],[126.976246,37.402415]]]}}]}