kidgartn_nm,sido_nm,signgu_nm,kidgartn_type_div_nm,refine_road_nm_addr,refine_zipno,kidgartn_telno,kidgartn_faxno,nrsryrm_cnt,playgrnd_cnt,cctv_instl_cnt,chldcare_schlstaf_cnt,fnop_cnt,atndskl_vehcle_opr_yn,hmpg_addr,wgs84_lat,wgs84_logt,dat_crtr_ymd
아이큐몬테소리어린이집,경기도,안양시만안구,민간,경기도 안양시 만안구 양화로 73 (안양동),14009,031-468-6436,031-444-8219,5,0,0,0,39,Y,,37.39995857,126.9126086,20250725
아가사랑어린이집,경기도,안양시만안구,가정,"경기도 안양시 만안구 석수로26번길 44 101동 102호(석수동,새천년맨션)",13969,031-472-9165,031-472-9165,3,0,4,0,14,N,,37.41247469,126.9078697,20250725
꿈땅숲어린이집,경기도,안양시만안구,민간,경기도 안양시 만안구 성결대학로23번길 59 (안양동),,031-443-4492,031-443-4492,5,0,6,0,39,Y,http://cafe.naver.com/dreamlandforest2020,37.38088976,126.9302221,20250725
통통어린이집,경기도,안양시만안구,민간,경기도 안양시 만안구 연현로79번길 56 엘지빌리지 4단지내 (석수동),13903,031-471-0077,031-471-0028,4,0,5,9,45,N,,37.429848,126.901024,20250725
또래또어린이집,경기도,안양시만안구,민간,경기도 안양시 만안구 양화로105번길 69 (박달동),14009,031-464-3311,031-464-3310,7,1,8,0,52,Y,,37.40127449,126.9086399,20250725
동은어린이집,경기도,안양시동안구,민간,경기도 안양시 동안구 관악대로434번길 27 (관양동),13949,031-424-0209,031-421-3183,3,1,7,13,35,N,,37.40354687,126.9712417,20250725
숲어린이집,경기도,안양시만안구,민간,경기도 안양시 만안구 예술공원로118번길 21-43 ,13911,031-473-4523,031-473-4522,7,3,8,0,70,Y,http://cafe.daum.net/supicokr,37.41675469,126.9207221,20250725
푸른숲어린이집,경기도,안양시동안구,민간,경기 안양시 동안구 호계1동 987-23 ,,031-453-8358,--,3,0,0,0,27, ,,,,20250725
그린빌어린이집,경기도,안양시만안구,민간,경기도 안양시 만안구 경수대로 1272 100호 상가동,13909,031-471-1034,031-471-1034,3,1,4,8,27,N,,37.42651445,126.9119253,20250725
푸른하늘어린이집,경기도,안양시동안구,민간,경기도 안양시 동안구 경수대로584번길 11 (호계동),14109,031-454-2671,031-454-2671,4,1,0,0,30,Y,,37.37496748,126.9576115,20250725
토브키즈어린이집,경기도,안양시만안구,민간,경기도 안양시 만안구 화창로92번길 25 (석수동),13905,031-474-3004,031-474-3004,4,0,5,0,49,N,https://tovkids.kidsnote.ac,37.41244567,126.9044406,20250725
J무지개어린이집,경기도,안양시만안구,민간,경기 안양시 만안구 박달1동 57-9 ,13987,031-443-3261,031-468-4400,0,0,0,0,55, ,마더링,,,20250725
장미어린이집,경기도,안양시만안구,민간,경기도 안양시 만안구 박달로539번길 45 (박달동),13987,031-446-5582,031-443-7272,5,1,8,0,77,Y,,37.40442145,126.9115265,20250725
엔젤어린이집,경기도,안양시만안구,민간,경기도 안양시 만안구 석수로178번길 21 (석수동),13975,031-472-8930,031-472-5449,4,0,4,0,33,Y,,37.40660425,126.8967974,20250725
햇빛 어린이집,경기도,안양시만안구,민간,경기도 안양시 만안구 양화로 53 정우상가201 (안양동),14010,031-446-0117,031-446-0117,4,0,6,0,34,Y,,37.39820798,126.912626,20250725
자연숲어린이집,경기도,안양시만안구,민간,경기도 안양시 만안구 박달로545번길 18 (안양동),13988,031-443-7065,031-465-5604,5,1,0,0,65,Y,,37.40338601,126.9134717,20250725
우주어린이집,경기도,안양시만안구,민간,경기도 안양시 만안구 석수로166번길 27 (석수동),13975,031-471-9116,0504-246-1638,9,3,11,0,99,Y,,37.40558449,126.897402,20250725
꿈이있는어린이집,경기도,안양시,국공립,경기도 안양시 만안구 충훈로90번길 47 (석수동),13972,031-472-9176,031-472-9175,6,1,10,15,82,N,dream2.kid,37.40956748,126.8995655,20250725
인덕원삼성어린이집,경기도,안양시동안구,민간,경기도 안양시 동안구 안양판교로 40 인덕원삼성아파트 단지내,13943,031-422-1601,031-422-1602,4,0,7,15,46,N,,37.39845598,126.979259,20250725
이편한세상어린이집,경기도,안양시동안구,가정,경기도 안양시 동안구 흥안대로414번길 39 인덕원대림2차아파트 관리동1층,14063,031-421-8222,031-421-8222,3,1,4,7,20,N,,37.39156846,126.9764074,20250725
별두리키즈어린이집,경기도,안양시동안구,민간,경기도 안양시 동안구 평의길 59 1층,14062,031-425-0391,031-425-0392,6,0,7,14,36,N,,37.39400102,126.9765356,20250725
성원어린이집,경기도,안양시만안구,민간,경기도 안양시 만안구 양화로 10 (안양동),14003,031-466-2772,031-466-2945,7,0,10,0,70,Y,,37.39491794,126.9157352,20250725
이화뜰어린이집,경기도,안양시만안구,민간,경기 안양시 만안구 안양5동 618-100번지 ,14031,031-468-6500,031-445-1004,4,0,0,0,22, ,,,,20250725
엄지어린이집,경기도,안양시,국공립,경기도 안양시 동안구 경수대로 725 (호계동),14077,031-456-2208,031-456-2203,6,1,16,14,77,N,,37.38691781,126.9498203,20250725
현대하은어린이집,경기도,안양시동안구,민간,경기도 안양시 동안구 귀인로 210 현대홈타운 관리동 1층,14103,031-387-5586,031-387-5586,4,9,4,11,36,N,,37.38544454,126.9620993,20250725
예향키즈피아어린이집,경기도,안양시동안구,가정,경기도 안양시 동안구 흥안대로223번길 47 119동 105호,14106,031-429-3030,031-429-3030,4,2,6,8,20,N,,37.3751147,126.9651403,20250725
재능어린이집,경기도,안양시동안구,민간,경기 안양시 동안구 관양1동 1380 ,13936,031-383-6868,031-383-6868,4,1,0,0,39, ,,,,20250725
미래어린이집,경기도,안양시만안구,민간,"경기도 안양시 만안구 박달로 453 관리동 1층(박달동, 한라아파트)",13979,031-464-1600,031-464-1601,4,1,4,9,54,Y,,37.40300093,126.9018301,20250725
현어린이집,경기도,안양시만안구,민간,경기도 안양시 만안구 삼봉로 15-10 ,14017,031-449-9553,031-624-5593,7,4,16,0,124,Y,,37.40106169,126.90531,20250725
가람어린이집,경기도,안양시만안구,민간,경기도 안양시 만안구 양화로105번길 85 (박달동),14009,031-466-0102,031-466-0102,5,0,0,0,45,Y,,37.40124084,126.9094852,20250725
참사랑어린이집,경기도,안양시동안구,민간,경기도 안양시 동안구 경수대로539번길 44 (호계동),,031-454-5485,031-454-0301,3,0,4,0,48,Y,,37.37035597,126.9551757,20250725
한림어린이집,경기도,안양시동안구,민간,경기 안양시 동안구 호계3동 현대홈타운2차아파트 811 한림어린이집 ,,031-451-7771,031-451-7780,0,0,0,0,139, ,,,,20250725
해와달어린이집,경기도,안양시,국공립,경기도 안양시 동안구 동안로 153 (동안여성회관 1층 해와달어린이집),14048,031-384-7897,031-381-6730,6,1,15,19,85,N,cafe.daum.net/sunNmoon,37.39174071,126.9497665,20250725
영재사관어린이집,경기도,안양시,직장,"경기도 안양시 동안구 학의로 90 203동 105호(비산동, 샛별마을한양4차2단지아파트)",14043,031-385-3301,031-385-3301,3,0,0,0,19, ,,37.39518638,126.9498698,20250725
비산어린이집,경기도,안양시,국공립,경기도 안양시 동안구 관악대로106번길 70 (비산동),13954,031-385-3046,031-388-1048,9,2,16,22,130,N,,37.39798821,126.9386757,20250725
해누리어린이집,경기도,안양시,국공립,경기도 안양시 만안구 소곡로 72 (안양동),14090,031-442-2220,031-442-2227,6,2,29,14,75,N,,37.38790129,126.9223261,20250725
예인어린이집,경기도,안양시동안구,민간,경기도 안양시 동안구 관악대로249번길 25 (비산동),13941,031-385-2772,031-384-2771,4,0,4,0,31,Y,,37.40322452,126.9501518,20250725
코끼리어린이집,경기도,안양시동안구,민간,경기도 안양시 동안구 경수대로539번길 7 ,,031-452-2885,031-455-2885,6,2,0,0,63,Y,,37.3705936,126.9571888,20250725
꿈사랑어린이집,경기도,안양시만안구,민간,경기도 안양시 만안구 박달로539번길 58-3 ,13987,031-349-8688,031-349-8688,8,1,9,0,43,Y,,37.40523319,126.9115147,20250725
새샘어린이집,경기도,안양시,국공립,경기도 안양시 만안구 안양로384번길 50 (안양동),13990,031-468-3293,031-468-3291,6,2,9,13,82,N,//cafe.daum.net/saemchild,37.40506577,126.9178153,20250725
인덕원어린이집,경기도,안양시,국공립,경기도 안양시 동안구 인덕원로24번길 60 (관양동),13951,031-421-0401,031-421-0402,6,2,14,13,77,N,,37.39956537,126.9751137,20250725
호성어린이집,경기도,안양시,국공립,경기도 안양시 동안구 포도원로27번길 39 호성어린이집 (호계동),14128,031-455-8367,031-455-8368,6,1,13,13,77,N,http://www.anyangymca.or.kr,37.36381744,126.9642245,20250725
비산사회복지관어린이집,경기도,안양시,국공립,경기도 안양시 동안구 임곡로 74 (비산동),13916,031-441-3003,031-441-9983,4,0,7,10,37,N,http://cafe.daum.net/bisanilove,37.40588948,126.9340655,20250725
초원의꿈어린이집,경기도,안양시동안구,민간,"경기도 안양시 동안구 부림로 55 898동 6호(평촌동, 초원마을대원3단지아파트)",14070,031-387-8888,031-384-1223,5,1,8,10,82,N,"chowon3878888@daum,net",37.38871912,126.9675236,20250725
한빛어린이집,경기도,안양시동안구,민간,경기도 안양시 동안구 관평로336번길 12 (관양동),13931,031-423-0268,031-423-0268,5,2,11,10,61,Y,,37.40578496,126.9587705,20250725
차니민어린이집,경기도,안양시동안구,민간,경기도 안양시 동안구 경수대로570번길 44 2층 (호계동),,031-451-3207,--,4,0,4,0,21,Y,차니민(다음),37.37435036,126.9600802,20250725
늘희망어린이집,경기도,안양시,국공립,경기도 안양시 만안구 명학로5번길 12 (안양동),14096,031-449-3040,031-465-6080,6,1,9,12,80,N,http://cafe.daum.net/neulheemang,37.37784465,126.938123,20250725
한가람어린이집,경기도,안양시동안구,민간,"경기도 안양시 동안구 학의로 146 (관양동, 한가람삼성아파트단지 내)",14049,031-384-5484,031-384-5483,4,1,12,0,52,Y,************************,37.39981214,126.955536,20250725
비산키즈숲어린이집,경기도,안양시동안구,민간,경기도 안양시 동안구 덕천로 182 (비산동),14039,031-441-7702,031-468-6436,4,0,4,0,27,Y,,37.3948083,126.9400146,20250725
조은샘어린이집,경기도,안양시만안구,민간,경기도 안양시 만안구 양화로115번길 30 (박달동),13984,031-468-4483,070-4369-4483,4,1,6,0,52,Y,,37.40323773,126.9084273,20250725
디딤어린이집,경기도,안양시동안구,민간,경기도 안양시 동안구 경수대로 713 디딤빌딩 (호계동),14077,031-454-4324,031-454-4321,7,1,14,17,86,N,www.dedeam.com,37.38530685,126.95085,20250725
비타민어린이집,경기도,안양시동안구,민간,경기도 안양시 동안구 매곡로53번길 11 (비산동),,031-388-0545,031-388-0545,3,0,0,0,33,Y,,37.40617,126.942444,20250725
서머힐어린이집,경기도,안양시동안구,민간,경기도 안양시 동안구 갈산로 35 201호,14109,031-457-0999,031-452-0411,3,1,4,0,32,Y,www.sumhill.co.kr,37.37513204,126.961465,20250725
수피아어린이집,경기도,안양시만안구,민간,경기도 안양시 만안구 삼덕로 50 (안양동),14000,031-441-1189,--,7,2,15,9,86,Y,,37.39381342,126.9205802,20250725
희망어린이집,경기도,안양시만안구,민간,경기도 안양시 만안구 태평로8번길 11 (안양동),,031-444-2779,--,3,0,0,0,24, ,,37.39236981,126.9337756,20250725
제니콩키즈어린이집,경기도,안양시동안구,민간,경기도 안양시 동안구 관평로319번길 29 ,13936,031-385-5964,031-385-5964,4,0,7,0,21,N,,37.40510466,126.9559098,20250725
민들레어린이집,경기도,안양시동안구,민간,경기도 안양시 동안구 관악대로339번길 52-19 ,13938,031-421-0881,031-421-0891,11,1,18,15,153,Y,,37.40581432,126.9622129,20250725
하은어린이집,경기도,안양시동안구,민간,경기도 안양시 동안구 평촌대로374번길 50 (비산동),13941,031-388-4697,031-388-4697,4,2,0,0,80,Y,싸이월드하은예체능어린이집,37.40355834,126.9524344,20250725
리틀하은어린이집,경기도,안양시동안구,민간,경기도 안양시 동안구 관악대로275번길 21 (비산동),13941,031-385-4697,031-385-4697,5,1,0,0,39,Y,,37.40348657,126.9530803,20250725
관양어린이집,경기도,안양시,국공립,경기도 안양시 동안구 일동로200번길 33 (관양동),13939,031-425-6824,031-425-6823,5,4,12,15,80,N,https://cafe.naver.com/kyang0314256824,37.40558033,126.9663592,20250725
희망특수어린이집,경기도,안양시동안구,민간,경기도 안양시 동안구 비산로 34 희망특수어린이집 (비산동),13924,031-468-5585,031-441-3328,4,1,5,0,29,Y,www.elpis21.org,37.40041785,126.9313575,20250725
예지어린이집,경기도,안양시만안구,민간,경기도 안양시 만안구 충훈로83번길 24 (석수동),13974,031-474-2218,031-624-2238,5,2,14,10,40,N,,37.40648859,126.8986956,20250725
삼성어린이집,경기도,안양시동안구,가정,"경기도 안양시 동안구 학의로 146 201동 104호(관양동, 한가람삼성2단지아파트)",14049,031-386-2757,--,4,0,4,0,19,N,,37.39981214,126.955536,20250725
옹달샘어린이집,경기도,안양시동안구,민간,경기도 안양시 동안구 경수대로539번길 26-34 ,,031-458-5448,031-458-5447,4,0,0,0,32,Y,,37.37208891,126.9562175,20250725
푸른별어린이집,경기도,안양시동안구,가정,"경기도 안양시 동안구 임곡로80번길 33 118동 107호(비산동, 그린빌주공아파트)",13916,031-445-1052,--,3,0,3,0,11,N,http://cafe.naver.com/bluestarkid,37.407997,126.935394,20250725
금빛어린이집,경기도,안양시동안구,가정,"경기도 안양시 동안구  관악대로 135 133동 101호(비산동, 삼성래미안)",13922,031-344-1717,0504-064-2321,4,0,4,8,20,N,,37.39947457,126.9380476,20250725
파란별어린이집,경기도,안양시동안구,가정,"경기도 안양시 동안구 경수대로883번길 33 104동 102호(비산동, 비산한화꿈에그린아파트)",13955,031-425-7654,--,3,0,4,7,20,N,,37.39678799,126.9351954,20250725
이화어린이집,경기도,안양시동안구,가정,"경기도 안양시 동안구 안양판교로 42 105동 107호(관양동, 인덕원마을삼성아파트)",13943,031-421-3889,031-421-3888,4,0,4,7,20,N,http://cafe.naver.com/anyangewha,37.39874475,126.9793686,20250725
새싹어린이집,경기도,안양시동안구,가정,"경기도 안양시 동안구 평촌대로253번길 18 616동 103호(비산동, 샛별마을한양4차6단지아파트)",14046,031-386-6254,--,3,0,3,6,13,N,,37.39459,126.952324,20250725
작은하늘어린이집,경기도,안양시동안구,가정,경기도 안양시 동안구 경수대로883번길 33 한화꿈에그린아파트 109-101 (살림겸용) (비산동),13955,031-471-7281,--,2,0,3,0,20,N,,37.39600838,126.9368886,20250725
행복한우리어린이집,경기도,안양시동안구,가정,"경기도 안양시 동안구 평촌대로211번길 21 303동 108호(호계동, 목련마을우성3단지아파트)",14075,031-383-6729,0504-207-5179,3,0,4,6,13,N,,37.38924669,126.9553743,20250725
보물어린이집,경기도,안양시동안구,가정,"경기도 안양시 동안구 시민대로159번길 62 204동 104호(비산동, 은하수벽산아파트)",14045,070-7535-3564,0504-048-7339,4,0,4,0,19,N,,37.39324931,126.9471311,20250725
리베도만어린이집,경기도,안양시동안구,민간,경기도 안양시 동안구 관악대로287번길 91 (관양동),13933,031-388-7752,031-386-7752,4,0,6,0,34,Y,kw.domanschool.co.kr,37.40695363,126.9546857,20250725
푸른나무어린이집,경기도,안양시만안구,가정,"경기도 안양시 만안구 연현로79번길 84 405동 104호(석수동, 석수엘지빌리지)",13903,031-474-0633,031-474-0633,3,0,4,6,20,N,,37.42838481,126.9011635,20250725
꿈꾸는어린이집,경기도,안양시만안구,가정,"경기도 안양시 만안구 연현로1번길 76 110동 101호(석수동, 석수엘지빌리지)",13903,031-471-7959,031-341-0696,3,0,4,0,20,N,cafe.naver.com/lspch,37.427013,126.901436,20250725
베이비스타어린이집,경기도,안양시만안구,가정,"경기도 안양시 만안구 안양천서로 245 26동 108호(안양동, 진흥)",,031-441-8211,--,3,0,0,0,18,Y,,37.39830596,126.9277948,20250725
다솔어린이집,경기도,안양시동안구,민간,경기 안양시 동안구 호계2동 924-26 ,14078,031-429-2442,--,3,1,0,0,39, ,,,,20250725
예원어린이집,경기도,안양시만안구,가정,"경기도 안양시 만안구 박달로 453 111동 106호(박달동, 한라비발디)",13979,031-464-9659,031-464-9659,3,0,3,0,19,N,,37.40300093,126.9018301,20250725
작은하늘어린이집,경기도,안양시만안구,가정,경기 안양시 동안구 비산2동  572  한화꿈에그린@ 109동 101호 ,13955,031-471-7281,--,0,0,0,0,19, ,,,,20250725
고운꿈어린이집,경기도,안양시만안구,가정,"경기도 안양시 만안구 안양천서로 311 102동 103호(안양동, 삼성래미안아파트)",13994,031-464-4748,031-464-4748,3,0,4,7,18,N,,37.40221652,126.9241214,20250725
화인어린이집,경기도,안양시동안구,가정,경기도 안양시 동안구 안양천동로 162 현대홈타운아파트 107-104 시설전용 (비산동),14039,031-449-1700,031-449-1700,3,0,4,0,17,N,,37.39400376,126.9405285,20250725
꿈땅어린이집,경기도,안양시동안구,가정,"경기도 안양시 동안구 귀인로79번길 12 101동 101호(호계동, 엘디범계마을아파트)",14078,031-427-4279,031-427-4279,3,0,4,0,19,Y,,37.38276868,126.9490369,20250725
삼성아이사랑어린이집,경기도,안양시만안구,가정,경기도 안양시 만안구 예술공원로 57 101동 106호,13957,031-471-5373,0504-722-3912,4,0,4,0,19,N,,37.41330754,126.9166177,20250725
어린왕자어린이집,경기도,안양시만안구,민간,경기도 안양시 만안구 양화로 76 (안양동),14004,031-465-6995,031-465-6995,4,0,0,0,36,Y,,37.40027607,126.9127744,20250725
즐거운 애플어린이집,경기도,안양시만안구,민간,경기도 안양시 만안구 양화로 84 (안양동),14004,031-441-5522,--,3,0,4,0,33,Y,,37.40081995,126.912322,20250725
삼성예원어린이집,경기도,안양시만안구,가정,"경기도 안양시 만안구 안양천서로 311 103동 102호(안양동, 삼성래미안아파트)",13994,031-443-4862,--,3,0,4,0,20,N,,37.40178672,126.9243459,20250725
호계샘어린이집,경기도,안양시동안구,민간,경기도 안양시 동안구 경수대로685번길 17 (호계동),14078,031-456-4188,031-456-4189,5,0,8,0,41,Y,,37.38272647,126.9512857,20250725
샘어린이집,경기도,안양시동안구,민간,경기도 안양시 동안구 경수대로 631 2층(호계동),,031-456-4127,031-455-4127,4,0,0,0,39,Y,,37.37863781,126.9543788,20250725
제니스키즈어린이집,경기도,안양시동안구,민간,경기도 안양시 동안구 평의길 55 (평촌동),14063,-9655,031-426-5188,11,3,22,14,178,N,http://www.zenithkids.com,37.39184299,126.9784125,20250725
샘솟는어린이집,경기도,안양시동안구,민간,경기도 안양시 동안구 경수대로556번길 45-14 ,,031-457-2763,--,2,1,3,0,21,N,,37.37391401,126.9599508,20250725
꼬마동이어린이집,경기도,안양시만안구,민간,경기도 안양시 만안구 만안로 453 (석수동),13962,031-472-0703,031-471-1566,5,0,6,12,49,Y,,37.41791547,126.909065,20250725
대림어린이집,경기도,안양시만안구,민간,경기도 안양시 만안구 경수대로 1193 석수대림아파트  관리동1층,13961,031-347-5656,031-347-5656,4,0,7,11,39,N,,37.41487518,126.9140412,20250725
한우리 어린이집,경기도,안양시동안구,민간,"경기도 안양시 동안구 비산로 27 , 29 (비산동)",13925,031-444-2621,031-444-2622,8,2,16,23,145,N,http://www.hanuri21.or.kr,37.40010415,126.9319414,20250725
사랑가득한어린이집,경기도,안양시동안구,가정,"경기도 안양시 동안구 관양로 189-46 102호 (관양동,유정연립)",13948,031-347-1449,031-347-1449,3,0,4,0,20,N,,37.40299202,126.9702224,20250725
샘물그린어린이집,경기도,안양시만안구,민간,경기도 안양시 만안구 문예로 15 (안양동),14092,031-447-0843,031-447-0840,4,0,0,0,41,Y,,37.38466056,126.9296096,20250725
죠이어린이집,경기도,안양시동안구,민간,경기도 안양시 동안구 관악대로213번길 10-4 동아상가 C동 201호,,031-386-0077,031-386-0077,3,1,4,0,26,N,,37.40080867,126.9464922,20250725
자연어린이집,경기도,안양시만안구,민간,경기도 안양시 만안구 석수로 512 ,13902,031-472-0843,031-473-0843,15,6,16,19,150,Y,,37.43351836,126.9006341,20250725
만안플러스어린이집,경기도,안양시만안구,민간,경기도 안양시 만안구 박달로545번길 32 (안양동),13988,031-449-1573,031-449-1574,6,2,6,0,82,Y,*********************,37.40407292,126.9134065,20250725
이삭어린이집,경기도,안양시동안구,민간,경기도 안양시 동안구 귀인로110번길 19 이삭어린이집 (호계동),,031-452-5552,031-452-5552,4,0,0,0,36,N,WWW.issackids.co.kr,37.38154121,126.9523636,20250725
우암키즈어린이집,경기도,안양시동안구,민간,경기도 안양시 동안구 경수대로595번길 7 (호계동),,031-456-0766,031-381-2238,8,2,12,0,91,Y,,37.37527899,126.9558458,20250725
새봄어린이집,경기도,안양시만안구,민간,경기도 안양시 만안구 문예로18번길 26 (안양동),14093,031-464-5449,031-464-5448,10,2,16,24,139,Y,http://cafe.naver.com/saebom5449,37.38354303,126.9306813,20250725
리틀청명어린이집,경기도,안양시만안구,민간,경기도 안양시 만안구 안양로213번길 5 (안양동),14030,031-468-1533,031-468-6547,6,0,8,13,31,N,,37.39202503,126.9263428,20250725
리틀원동방어린이집,경기도,안양시만안구,민간,"경기도 안양시 만안구 삼봉로 61 149동 1호(박달동, 금호타운)",14017,031-447-5915,031-447-5916,3,0,5,0,43,Y,,37.39918458,126.9014013,20250725
서진어린이집,경기도,안양시,직장,경기도 안양시 만안구 전파로44번길 56 서진어린이집 (안양동),14087,031-466-6607,031-466-2675,3,1,0,0,20,N,,37.38783162,126.9377301,20250725
꿈돌이 어린이집,경기도,안양시동안구,가정,경기 안양시 동안구 평촌동 899-7 향촌아파트 106동 101호(살림겸용) ,14071,031-383-3524,--,3,0,0,0,20, ,,,,20250725
둥근어린이집,경기도,안양시동안구,가정,"경기도 안양시 동안구 학의로 20 135동 106호(비산동, 관악청구아파트)",14044,031-387-1983,031-387-1983,4,0,0,0,16,Y,cafe.daum.net/roundmoon1,37.39481088,126.943222,20250725
무궁화어린이집,경기도,안양시동안구,가정,"경기도 안양시 동안구 동안로 6 506동 103호(호계동, 무궁화마을진흥5단지아파트)",14099,031-382-7106,0504-161-7106,3,2,4,6,20,N,,37.38040588,126.9576661,20250725
현대다사랑어린이집,경기도,안양시동안구,가정,"경기도 안양시 동안구 귀인로 193 201동 101호(평촌동, 향촌현대2단지아파트)",14071,031-382-7663,031-382-7663,4,0,4,7,20,N,,37.38673469,126.9603879,20250725
드림어린이집,경기도,안양시동안구,가정,"경기도 안양시 동안구 평촌대로180번길 28 306동 104호(평촌동, 향촌롯데3단지아파트)",14071,031-386-1716,--,4,0,4,6,20,N,,37.38756103,126.9590779,20250725
늘푸른동산어린이집,경기도,안양시동안구,가정,경기도 안양시 동안구 흥안대로456번길 17 대우아파트 108-103호 (전용) (평촌동),14061,031-424-5679,--,4,0,6,0,20,N,,37.39482883,126.9791106,20250725
해피아이어린이집,경기도,안양시동안구,가정,"경기도 안양시 동안구 포도원로27번길 44 102동 103호(호계동, 호계현대아파트)",14128,031-451-3003,--,4,0,4,0,19,N,,37.38591746,126.9489896,20250725
베베키즈어린이집,경기도,안양시동안구,가정,경기도 안양시 동안구 호성로 37 일신건영장미아파트 101동 107호,14127,031-429-6992,--,4,1,4,7,20,Y,,37.364945,126.9592539,20250725
베베맘어린이집,경기도,안양시동안구,가정,경기도 안양시 동안구 경수대로665번길 18 성실연립 103호 (호계동),,031-453-0124,--,3,0,0,0,10,N,,37.38128645,126.9520849,20250725
스마트어린이집,경기도,안양시동안구,가정,"경기도 안양시 동안구 경수대로 458 204동 102호(호계동, 호계현대홈타운2차아파트)",14125,031-342-3927,031-342-3927,5,1,5,10,20,N,,37.36516789,126.9605208,20250725
육아일기어린이집,경기도,안양시동안구,가정,"경기도 안양시 동안구 동안로 11 712동 101호(호계동, 무궁화코오롱아파트)",14100,031-341-7811,--,3,0,4,8,20,N,,37.38005849,126.9563448,20250725
자람어린이집,경기도,안양시동안구,가정,"경기도 안양시 동안구 경수대로707번길 57 101동 104호(호계동, 신도브래뉴아파트)",14078,031-341-8268,031-453-8358,4,0,4,7,19,Y,,37.38356711,126.9486418,20250725
아화오르다어린이집,경기도,안양시만안구,민간,경기도 안양시 만안구 덕천로 115-1 ,14038,031-448-8400,031-448-8411,5,0,0,0,49,Y,,37.39143577,126.9338159,20250725
평촌큰별어린이집,경기도,안양시동안구,가정,"경기도 안양시 동안구 학의로 168 507동 106호(관양동, 공작마을럭키5단지아파트)",14050,031-386-8806,--,3,0,3,0,13,N,,37.40060897,126.9576111,20250725
꿈나무어린이집,경기도,안양시동안구,가정,"경기도 안양시 동안구 부림로 80 611동 103호(평촌동, 초원마을한양6단지아파트)",14069,070-4177-3003,--,3,0,4,7,18,N,,37.39155902,126.9670661,20250725
은가비어린이집,경기도,안양시동안구,가정,"경기도 안양시 동안구 달안로 61 105동 111호(비산동, 샛별마을한양4차1단지아파트)",14043,031-476-0202,031-476-0202,2,0,2,6,11,N,,37.3983082,126.9504395,20250725
리틀샘 어린이집,경기도,안양시동안구,가정,"경기도 안양시 동안구 경수대로685번길 12 301동 108호(호계동, 임광그대가3차아파트)",14078,031-342-3193,031-340-7480,3,0,4,0,20,Y,,37.38329639,126.9511332,20250725
한마음어린이집,경기도,안양시동안구,가정,"경기도 안양시 동안구 경수대로797번길 12 203동 104호(호계동, 한마음임광2차아파트)",14040,031-425-0396,--,3,0,4,7,15,N,,37.39110867,126.9439549,20250725
초원나라어린이집,경기도,안양시동안구,가정,"경기도 안양시 동안구 관평로138번길 53 706동 102호(평촌동, 초원마을부영7단지아파트)",14068,031-388-9474,--,3,0,4,4,13,N,*******************,37.39186204,126.9648548,20250725
비산본어린이집,경기도,안양시동안구,가정,경기도 안양시 동안구 매곡로 25 효성상아빌라1동102호,13917,031-383-2568,031-383-2568,4,0,4,0,19,N,,37.40601223,126.9434566,20250725
보물섬어린이집,경기도,안양시동안구,가정,"경기도 안양시 동안구 부림로 52 503동 103호(평촌동, 초원마을LG5단지아파트)",14069,031-421-7853,031-421-7853,4,0,4,0,19,N,,37.38925695,126.9685529,20250725
무화과나무어린이집,경기도,안양시동안구,가정,"경기도 안양시 동안구 관평로138번길 63 701동 106호(평촌동, 초원마을부영7단지아파트)",14068,031-388-7857,--,4,0,0,0,13,N,,37.39186204,126.9648548,20250725
튼튼어린이집,경기도,안양시만안구,가정,"경기도 안양시 만안구 양화로135번길 80 101동 106호(박달동, 박달1차 한신휴플러스)",13981,031-465-0723,031-465-0723,4,0,4,0,19,N,,37.40461786,126.9051803,20250725
깨비어린이집,경기도,안양시만안구,가정,경기도 안양시 만안구 수리산로 54 ,14034,031-466-0603,031-466-0603,3,0,2,0,20,N,,37.38912955,126.9318724,20250725
즐거운가정어린이집,경기도,안양시만안구,가정,"경기도 안양시 만안구 안양천서로 245 123동 109호(안양동, 진흥)",,031-447-6713,--,3,0,4,0,20,N,,37.39830596,126.9277948,20250725
대우사랑샘어린이집,경기도,안양시만안구,가정,"경기도 안양시 만안구 경수대로1001번길 116 101동 102호(안양동, 대우)",13959,031-472-0233,--,3,0,4,7,18,N,,37.40544186,126.9232813,20250725
아가별어린이집,경기도,안양시만안구,가정,"경기도 안양시 만안구 안양천서로 245 125동 112호(안양동, 진흥)",,031-446-6888,031-446-6888,2,0,3,0,16,N,,37.39830596,126.9277948,20250725
미소어린이집,경기도,안양시만안구,가정,경기도 안양시 만안구 냉천로115번길 25 (안양동),,031-465-8716,031-465-8716,2,0,0,0,15,N,,37.39067276,126.9231967,20250725
참빛키즈어린이집,경기도,안양시동안구,가정,"경기도 안양시 동안구 학의로 146 205동 101호(관양동, 한가람삼성2단지아파트)",14049,031-342-3386,--,4,1,4,8,19,N,,37.39981214,126.955536,20250725
평촌영아어린이집,경기도,안양시동안구,가정,"경기도 안양시 동안구 관평로138번길 53 711동 101호(평촌동, 초원마을부영7단지아파트)",14068,031-382-1448,031-382-1448,3,0,3,6,13,N,,37.39186204,126.9648548,20250725
무지개어린이집,경기도,안양시동안구,민간,경기도 안양시 동안구 관악대로263번길 60-20 ,13935,031-382-3004,031-382-3004,4,0,4,0,39,Y,,37.40480142,126.9525955,20250725
로뎀어린이집,경기도,안양시동안구,가정,"경기도 안양시 동안구 학의로 146 207동 105호(관양동, 한가람삼성2단지아파트)",14049,031-382-2452,--,3,0,0,0,13,Y,,37.39981214,126.955536,20250725
토마토어린이집,경기도,안양시동안구,가정,"경기도 안양시 동안구 임곡로 43 114동 105호(비산동, 그린빌주공아파트)",13916,031-465-2555,--,3,0,0,0,11,N,,37.403835,126.932526,20250725
노래하는나무어린이집,경기도,안양시동안구,가정,경기도 안양시 동안구 경수대로 480 삼익아파트 101-112 (시설전용) (호계동),14124,031-429-2896,031-429-2896,4,0,4,0,19,Y,http://cafe.daum.net/play2037,37.36583419,126.9589289,20250725
이야기숲어린이집,경기도,안양시동안구,가정,"경기도 안양시 동안구 달안로 72 611동 109호(비산동, 샛별마을한양4차6단지아파트)",14046,031-382-5217,--,2,0,0,0,9,N,,37.39593,126.95104,20250725
하람어린이집,경기도,안양시동안구,민간,경기도 안양시 동안구 흥안대로 390 평촌교육문화센터 아가페 1층,14064,031-424-6322,031-421-6322,5,2,8,11,84,Y,,37.38925976,126.9741628,20250725
숲속이삭어린이집,경기도,안양시동안구,민간,경기도 안양시 동안구 경수대로665번길 66 ,14081,031-458-5552,031-445-5553,12,2,25,28,184,Y,,37.37939184,126.9520095,20250725
동그라미어린이집,경기도,안양시동안구,가정,"경기도 안양시 동안구 경수대로 430 116동 101호 (호계동, 호계e편한세상아파트)",14126,070-8770-6582,--,4,0,0,0,20,N,d,37.36299012,126.9628163,20250725
엄마더하기어린이집,경기도,안양시만안구,가정,"경기도 안양시 만안구 석수로 40 3동 105호(석수2동, 럭키아파트)",13970,031-472-8883,--,4,0,4,6,19,N,,37.40899158,126.909249,20250725
초록아이어린이집,경기도,안양시만안구,가정,"경기도 안양시 만안구 안양천서로 245 124동 101호(안양1동, 진흥아파트)",,070-4670-5217,--,5,0,0,0,20,N,,37.39694025,126.9311278,20250725
현대사랑샘어린이집,경기도,안양시만안구,가정,경기도 안양시 만안구 안양로532번길 12 106동 102호,13963,031-342-1099,--,4,0,4,10,20,N,,37.41678968,126.9078975,20250725
수자인어린이집,경기도,안양시만안구,가정,"경기도 안양시 만안구 연현로 79 103동 101호(석수2동, 한양수자인아파트)",13903,031-474-4888,031-474-4888,3,0,4,0,18,N,,37.43099908,126.9018554,20250725
해마루어린이집,경기도,안양시만안구,민간,경기도 안양시 만안구 안양로13번길 86 (안양동),14096,031-466-8333,031-443-8333,1,0,5,0,30,Y,,37.37699018,126.9393486,20250725
키즈숲어린이집,경기도,안양시만안구,민간,경기도 안양시 만안구 장내로89번길 40 (안양동),14002,031-469-0737,031-468-6436,4,0,7,0,36,N,,37.39823031,126.9184997,20250725
아침누리어린이집,경기도,안양시만안구,민간,경기도 안양시 만안구 안양로147번길 22 (안양동),14092,031-469-8004,070-7596-2158,6,2,9,18,73,Y,,37.38707506,126.9294736,20250725
꿈이있는사과나무어린이집,경기도,안양시만안구,민간,경기도 안양시 만안구 수리산로18번길 53-6 ,14092,031-443-8815,031-465-0268,11,1,19,24,130,Y,,37.38543746,126.9304274,20250725
임마누엘어린이집,경기도,안양시동안구,민간,경기도 안양시 동안구 학의로 168 공작럭키아파트단지내 1587번지임마누엘어린이집,14050,031-384-2575,031-384-2575,3,1,4,0,58,N,,37.40060897,126.9576111,20250725
예은어린이집,경기도,안양시동안구,민간,경기 안양시 동안구 호계2동 934-13호 ,,031-455-9246,031-455-9246,0,0,0,0,27, ,,,,20250725
꼬마천사어린이집,경기도,안양시동안구,민간,경기도 안양시 동안구 관양로 269-5 ,13951,031-423-4854,031-423-4854,4,1,5,0,24,Y,,37.39867567,126.9743453,20250725
벧엘어린이집,경기도,안양시만안구,민간,경기도 안양시 만안구 삼덕로37번길 9 (안양동),,031-443-5272,031-466-4136,4,1,8,0,89,Y,,37.39266839,126.9212946,20250725
색동어린이집,경기도,안양시만안구,민간,경기도 안양시 만안구 태평로8번길 44 (안양동),,031-443-1493,031-443-1503,4,0,0,0,53, ,***********************,37.39323545,126.9353455,20250725
베이비사랑어린이집,경기도,안양시만안구,가정,"경기도 안양시 만안구 소곡로20번길 7 106동 103호(안양동, 한솔아파트)",14033,031-466-3153,--,3,0,4,10,19,N,,37.39154774,126.9288567,20250725
햇님아이어린이집,경기도,안양시만안구,가정,"경기도 안양시 만안구 안양천서로 311 114동 101호(안양동, 삼성래미안아파트)",13994,031-464-0808,031-464-0808,4,0,4,8,20,Y,,37.40284503,126.9237406,20250725
현대몬테소리어린이집,경기도,안양시만안구,가정,"경기도 안양시 만안구 창박로 17 201동 106호(안양동, 수리산현대아파트)",14025,031-342-5050,--,3,0,3,0,12,Y,,37.38488554,126.9046836,20250725
예쁜참사랑어린이집,경기도,안양시만안구,가정,"경기도 안양시 만안구 안양천서로 311 101동 101호(안양동, 삼성래미안아파트)",13994,031-464-8420,--,2,0,3,0,12,N,,37.40221652,126.9241214,20250725
아기천사어린이집,경기도,안양시만안구,가정,경기도 안양시 만안구 현충로12번길 3 396-6 아기천사어린이집,14032,031-445-5100,031-472-3478,3,0,0,0,12,N,,37.39277109,126.9292232,20250725
까사데 밤비니몬테소리어린이집,경기도,안양시만안구,가정,"경기도 안양시 만안구 삼봉로 35 3동 101호(박달동, 극동아파트)",14017,031-444-4034,031-444-4034,4,0,4,0,20,Y,,37.39996923,126.9027406,20250725
베이비키즈원어린이집,경기도,안양시만안구,가정,"경기도 안양시 만안구 안양천서로 289 103동 104호(안양동, 주공뜨란채아파트)",13994,031-443-1030,031-349-6301,3,0,0,0,20,N,,37.40029087,126.9257968,20250725
초록나라어린이집,경기도,안양시만안구,가정,"경기도 안양시 만안구 삼막로 12 104동 105호(석수동, 주공그린빌아파트)",13909,031-344-3030,031-472-9616,3,0,4,11,20,N,,37.42064029,126.9103382,20250725
리틀예은 어린이집,경기도,안양시만안구,가정,경기 안양시 만안구 안양7동 144-9 영화 아파트 102호 ,,031-469-4928,031-385-3510,2,0,0,0,13, ,,,,20250725
아이들어린이집,경기도,안양시만안구,가정,"경기도 안양시 만안구 경수대로 1193 111동 103호(석수동, 석수대림)",13961,031-471-8790,--,4,0,4,9,19,N,,37.41487518,126.9140412,20250725
현대해오름어린이집,경기도,안양시만안구,가정,"경기도 안양시 만안구 안양로532번길 12 104동 103호(석수동, 현대)",13963,031-341-6077,031-341-6077,3,0,4,6,20,N,,37.41678003,126.9078817,20250725
하늘꿈터어린이집,경기도,안양시만안구,가정,"경기도 안양시 만안구 충훈로 51 105동 102호(석수3동, 아이파크아파트)",13973,031-471-1264,--,4,0,4,0,19,N,,37.4056846,126.9022504,20250725
아람어린이집,경기도,안양시만안구,가정,"경기도 안양시 만안구 양화로71번길 24 6동 101호(안양3동, 진흥아파트)",14009,031-445-6521,--,4,0,4,0,20,Y,blog.naver.com/love3cc,37.40014143,126.9110669,20250725
꼬망어린이집,경기도,안양시만안구,가정,"경기도 안양시 만안구 삼덕로63번길 32 601동 104호(안양5동, 수리산쌍떼빌2차 아파트)",14027,031-465-1233,031-465-1233,4,0,4,4,14,Y,,37.39340306,126.9176068,20250725
꿈쟁이어린이집,경기도,안양시만안구,가정,"경기도 안양시 만안구 삼덕로 57 101동 111호(안양동, 냉천현대)",14027,031-443-3572,--,4,1,0,0,16,N,*****************,37.39340039,126.9189348,20250725
아기숲어린이집,경기도,안양시만안구,가정,경기도 안양시 만안구 병목안로 61 201동 101호,14003,031-441-4452,--,3,0,0,0,13,N,,37.39554581,126.9152916,20250725
하늘어린이집,경기도,안양시만안구,민간,경기도 안양시 만안구 안양로475번길 64 (석수동),13969,031-472-0011,0504-445-9414,4,1,10,10,53,Y,,37.41066216,126.9070918,20250725
꼬마친구어린이집,경기도,안양시만안구,가정,경기도 안양시 만안구 양화로72번길 53-5 (1층),14005,031-341-8823,--,4,0,0,0,20,N,,37.39999612,126.9159371,20250725
이든샘어린이집,경기도,안양시만안구,가정,경기도 안양시 만안구 성결대학로64번길 22 (1층),14091,031-445-1041,031-445-1041,4,0,4,0,13,Y,,37.38139974,126.9279536,20250725
키즈플레이어린이집,경기도,안양시만안구,가정,경기도 안양시 만안구 안양천서로 311 111동 105호,13994,070-7574-0105,0504-479-2549,4,0,4,7,20,N,,37.40132845,126.9248896,20250725
해밀어린이집,경기도,안양시만안구,가정,"경기도 안양시 만안구 안양천서로 177 206동 102호(안양동,래미안안양메가트리아)",14038,031-465-8382,--,4,0,4,13,20,N,,37.3943549,126.9364293,20250725
사랑샘어린이집,경기도,안양시만안구,가정,"경기도 안양시 만안구 안양천서로 177 211동 103호(안양동,래미안안양메가트리아)",14038,031-447-1917,031-447-1917,4,0,4,7,20,N,,37.3928959,126.9357776,20250725
꿈터어린이집,경기도,안양시동안구,민간,경기도 안양시 동안구 인덕원로 29-10 ,13950,031-423-7100,031-423-7100,6,1,7,0,32,N,,37.40255955,126.973966,20250725
아이와뜰어린이집,경기도,안양시동안구,민간,경기도 안양시 동안구 경수대로544번길 75 (호계동),,031-457-7770,031-457-6770,5,0,6,0,51,Y,,37.37261217,126.961922,20250725
뿌리깊은나무어린이집,경기도,안양시동안구,민간,경기도 안양시 동안구 경수대로623번길 25-1 ,,031-429-5459,031-429-5459,8,2,7,0,74,Y,www.cafe.daum.net/uagood,37.37724491,126.9537839,20250725
임광어린이집,경기도,안양시동안구,민간,경기도 안양시 동안구 전파로115번길 22 (호계동),14040,031-452-0552,031-452-0552,7,2,7,13,68,Y,,37.39011181,126.9448421,20250725
또래어린이집,경기도,안양시만안구,민간,경기도 안양시 만안구 양화로37번길 23 (안양동),14011,031-449-7714,031-449-7714,3,0,0,0,32,Y,다음카페안양또래어린이집,37.3965391,126.9124163,20250725
삐아제어린이집,경기도,안양시동안구,민간,경기도 안양시 동안구 임곡로 43 더포레스트힐 관리동 1층,13916,031-444-2297,031-444-2297,5,0,6,13,39,Y,,37.40601137,126.9329272,20250725
늘푸른어린이집,경기도,안양시동안구,민간,"경기도 안양시 동안구 학의로 390 75동 2호(평촌동, 인덕원푸른마을대우아파트)",14061,031-424-5677,031-424-5679,4,0,8,13,40,N,네이버카페 늘푸른어린이집,37.39474073,126.9800337,20250725
자연을 닮은 어린이집,경기도,안양시만안구,가정,"경기도 안양시 만안구 양화로135번길 45 106동 101호(박달동, 벽산아파트)",13983,031-445-3386,031-445-3386,3,0,4,0,18,N,,37.4028251,126.9060627,20250725
파란꿈어린이집,경기도,안양시동안구,민간,경기도 안양시 동안구 일동로 17 성원상가 202호,13934,031-384-1887,--,5,0,5,0,34,Y,,37.40675239,126.952245,20250725
정다운어린이집,경기도,안양시,국공립,경기도 안양시 만안구 안양로532번길 13-8 ,13962,031-473-0524,031-473-0525,6,2,14,15,77,N,,37.4172855,126.9077818,20250725
참사랑 어린이집,경기도,안양시동안구,가정,"경기도 안양시 동안구 부림로 68 602동 105호(평촌동, 초원마을한양6단지아파트)(살림겸용)",14069,031-421-0501,--,3,0,0,0,17,N,,37.39113075,126.967783,20250725
원몬테소리어린이집,경기도,안양시동안구,가정,경기도 안양시 동안구 흥안대로414번길 20 영풍아파트 101동109호 (평촌동),14064,031-425-3289,031-425-3289,3,0,4,0,19,N,,37.39074307,126.9745923,20250725
파랑꿈어린이집,경기도,안양시동안구,가정,"경기도 안양시 동안구 학의로 390 105동 101호(평촌동, 인덕원푸른마을대우아파트)",14061,031-426-9942,031-426-9942,4,0,4,0,19,N,*****************,37.39482883,126.9791106,20250725
목련어린이집,경기도,안양시동안구,가정,"경기도 안양시 동안구 평촌대로211번길 21 307동 106호(호계동, 목련마을우성3단지아파트)",14075,031-342-1164,031-342-1164,3,0,3,6,15,N,,37.38924669,126.9553743,20250725
예랑나랑어린이집,경기도,안양시동안구,가정,경기도 안양시 동안구 흥안대로414번길 39 205동 101호(평촌동  인덕원대림2차아파트),14063,031-423-7752,--,3,0,4,0,19,N,,37.39156846,126.9764074,20250725
그린나라어린이집,경기도,안양시동안구,민간,경기도 안양시 동안구 달안로 124 한가람신라아파트 단지내,14052,031-381-7779,031-381-7779,5,1,7,12,37,N,,37.39696958,126.9567918,20250725
비산꼬마숲어린이집,경기도,안양시동안구,민간,경기도 안양시 동안구 비산로16번길 83 (비산동),,031-442-7250,070-7004-0177,4,1,4,0,23,Y,www.littleforest.co.kr,37.40352312,126.9332787,20250725
꿈에그린어린이집,경기도,안양시동안구,민간,경기도 안양시 동안구 경수대로883번길 33 꿈에그린아파트관리동,13955,031-446-4300,--,3,0,4,7,25,N,club.cyworld.com/anyangdreamapt-kids ,37.39704986,126.9413926,20250725
메이플꿈나무어린이집,경기도,안양시만안구,가정,경기도 안양시 만안구 충훈로 92 코오롱하늘채아파트 관리사무소1층,13972,031-343-6399,--,6,0,8,1,16,Y,,37.40848845,126.8980642,20250725
뜨란채 또래 어린이집,경기도,안양시만안구,가정,경기 안양시 만안구 안양1동  1380 주공뜨란채아파트 102동 104호 ,13994,031-464-7235,--,3,0,0,0,20, ,,,,20250725
은행나무 어린이집,경기도,안양시만안구,가정,경기도 안양시 만안구 병목안로 176 장은한양아파트105호(안양동),14024,031-442-7942,031-442-7942,3,0,4,0,13,N,*********************,37.38826418,126.9087416,20250725
아이자람석수어린이집,경기도,안양시만안구,가정,"경기도 안양시 만안구 삼막로 12 107동104호(석수동, 그린빌주공아파트)",13909,031-471-1486,--,3,0,4,0,19,N,,37.42130025,126.9103456,20250725
꿈꾸는두산어린이집,경기도,안양시만안구,민간,"경기도 안양시 만안구 연현로79번길 20 관리동(석수동,두산위브아파트)",13902,031-471-7710,031-8068-7140,6,5,8,12,65,Y,,37.43101672,126.901417,20250725
석수샘어린이집,경기도,안양시만안구,가정,경기도 안양시 만안구 와룡로 39 (석수동),13971,031-471-3574,031-471-3574,3,0,4,0,20,Y,,37.40777428,126.8972778,20250725
미소뜰어린이집,경기도,안양시만안구,가정,"경기도 안양시 만안구 연현로79번길 105 110동101호(석수동,석수엘지빌리지)",13903,031-472-6791,031-472-6791,3,0,4,8,20,N,,37.42612795,126.9036921,20250725
해랑어린이집,경기도,안양시만안구,가정,"경기도 안양시 만안구 만안로91번길 13 103호(안양동,삼익아파트)",14033,031-472-0721,031-444-0721,3,0,4,5,14,N,,37.39093983,126.9316935,20250725
꿈의어린이집,경기도,안양시만안구,민간,경기도 안양시 만안구 박달우회로 158 (안양동),13985,031-466-1400,--,7,2,15,18,108,Y,,37.4080062,126.9120198,20250725
하울어린이집,경기도,안양시만안구,가정,경기도 안양시 만안구 성결대학로23번길 56 ,,031-341-5818,031-341-5818,4,0,4,0,16,N,http://cafe.com/naver.haulkidhome,37.38117198,126.9302889,20250725
색종이어린이집,경기도,안양시만안구,가정,경기도 안양시 만안구 덕천로127번길 121 한승미메이드101-104,14037,031-429-5851,031-429-5851,3,0,0,0,15,N,,37.39569962,126.9297376,20250725
리틀자람어린이집,경기도,안양시만안구,가정,경기도 안양시 만안구 예술공원로63번길 16 (1층),13957,031-474-4342,--,4,0,0,0,19,N,,37.41406398,126.9160475,20250725
도담어린이집,경기도,안양시동안구,가정,"경기도 안양시 동안구 달안로 110 510동 106호(관양동, 한가람세경5단지아파트)",14052,031-381-8671,--,3,0,3,5,14,N,,37.39626578,126.9547438,20250725
큰꿈숲어린이집,경기도,안양시동안구,가정,"경기도 안양시 동안구 귀인로79번길 12 101동 101호(호계동,엘디범계마을아파트)",14078,031-458-0908,--,3,1,4,0,19,N,********************,37.38286041,126.9489405,20250725
색종이어린이집,경기도,안양시동안구,가정,"경기도 안양시 동안구 경수대로707번길 52 101동 102호(호계동, 일신아파트)",14077,031-429-5851,--,3,1,0,0,10,N,,37.37667652,126.9518712,20250725
밤비니어린이집,경기도,안양시동안구,가정,"경기도 안양시 동안구 동안로 35 109동 105호(호계동, 무궁화마을효성1단지아파트)",14100,031-381-0250,031-381-0250,3,2,4,6,20,N,,37.38226283,126.9546898,20250725
사임당어린이집,경기도,안양시동안구,가정,"경기도 안양시 동안구 관평로138번길 12 102동 103호(평촌동, 초원마을성원1단지아파트)",14070,031-381-2231,031-385-1597,4,0,4,6,20,N,http://www.aga24.co.kr평촌점,37.38903484,126.9633488,20250725
미래(은물)어린이집,경기도,안양시동안구,가정,"경기도 안양시 동안구 학의로 390 110동 104호(평촌동, 인덕원푸른마을대우아파트)",14061,031-421-5988,031-421-5988,2,0,3,0,20,N,,37.39482883,126.9791106,20250725
이레아트빌어린이집,경기도,안양시동안구,가정,경기도 안양시 동안구 갈산로 78 (전용) (호계동),14107,031-458-1902,031-454-1902,3,0,0,0,20,Y,,37.37881964,126.9598763,20250725
우리별어린이집,경기도,안양시동안구,가정,"경기도 안양시 동안구 동안로 102 202동 103호(호계동, 목련마을대우선경2단지아파트)",14075,031-383-9828,--,3,0,3,0,16,N,,37.38887679,126.9539276,20250725
우리별베이비어린이집,경기도,안양시동안구,가정,"경기도 안양시 동안구 동안로 101 107동 104호(호계동, 목련선경아파트)",14074,031-476-9823,--,3,0,3,0,20,N,,37.38779604,126.9514104,20250725
꿈이있는어린이집,경기도,안양시,국공립,경기 안양시 만안구 석수3동 621-5 ,13972,031-472-9176,031-472-9176,6,0,0,0,92, ,www.dream2.kid,,,20250725
이화뜰어린이집,경기도,안양시,민간,경기 안양시 만안구 안양5동 618-100 ,14031,031-468-6500,031-445-1004,3,0,0,0,22, ,,,,20250725
신촌어린이집,경기도,안양시,국공립,경기도 안양시 동안구 동안로 28 신촌어린이집,14099,031-386-5858,031-386-5859,11,1,16,42,185,N,,37.38178342,126.956318,20250725
동편어린이집,경기도,안양시,국공립,경기도 안양시 동안구 동편로 120 (관양동),13928,031-425-2882,031-425-2882,4,1,8,11,52,N,https://blog.naver.com/junhsh7262,37.41128103,126.9687789,20250725
안일어린이집,경기도,안양시,국공립,경기도 안양시 만안구 장내로 170 안양1동주민센터,13995,031-449-0217,031-449-0126,4,1,6,11,45,N,,37.39910176,126.9258992,20250725
이룸어린이집,경기도,안양시,국공립,경기도 안양시 만안구 삼봉로 66 육군관사 브라운스톤아파트,14016,031-441-2002,031-441-2052,6,1,11,12,62,N,http://cafe.daum.net/eeromchild,37.39867179,126.8988219,20250725
맑은샘어린이집,경기도,안양시,직장,경기도 안양시 만안구 냉천로 134 ,14030,031-468-0022,***-***-****,5,0,13,12,49,N,,37.39274266,126.9235566,20250725
잘만커라어린이집,경기도,안양시,직장,경기도 안양시 만안구 일직로 88 .,13901,070-4941-6280,--,4,0,0,0,49, ,www.puruni.com//zm,37.42005403,126.8909485,20250725
LS어린이집,경기도,안양시,직장,경기도 안양시 동안구 엘에스로116번길 26 ,14118,070-8671-4651,070-7500-5120,4,2,17,17,69,N,,37.37283698,126.9500492,20250725
삼막어린이집,경기도,안양시,국공립,경기도 안양시 만안구 삼막로24번길 113 ,13910,031-473-5253,031-473-5253,3,2,15,10,46,N,*******************,37.42538229,126.9146118,20250725
안양법원어린이집,경기도,안양시,직장,경기도 안양시 동안구 관평로212번길 69 ,14051,031-8086-4580,031-8086-4585,5,1,16,8,55,N,,37.39721422,126.9623136,20250725
서조어린이집,경기도,안양시,직장,경기도 안양시 만안구 삼봉로 92 ,14018,031-465-9965,070-4203-9966,5,1,16,17,78,N,,37.3967923,126.8980353,20250725
꽃가람발도르프어린이집,경기도,안양시,협동,경기도 안양시 동안구 동편로68번길 12 1층,13928,031-425-1833,--,3,0,0,4,20,N,,37.41012167,126.9734964,20250725
만안구청어린이집,경기도,안양시,직장,경기도 안양시 만안구 냉천로 39 ,14091,031-465-2017,031-466-2017,5,1,16,12,42,N,,37.38473664,126.9271577,20250725
작은둥지발도르프어린이집,경기도,안양시,협동,경기도 안양시 동안구 관악대로287번길 76-9 1층,13933,031-384-6218,--,2,0,0,3,17,N,,37.406454,126.9553146,20250725
평촌더샵아이파크어린이집,경기도,안양시,국공립,경기도 안양시 동안구 경수대로610번길 36 평촌더샵아이파크아파트 관리동,14109,031-427-7177,031-427-7178,6,2,14,17,76,N,https://cafe.naver.com/pti7177,37.37640809,126.9578869,20250725
평촌어바인퍼스트큰솔어린이집,경기도,안양시,국공립,경기도 안양시 동안구 경수대로 581 평촌어바인퍼스트아파트 1단지,14116,031-456-0117,031-456-0117,5,1,11,13,67,N,,37.37264129,126.9564439,20250725
명지어린이집,경기도,안양시,협동,경기도 안양시 만안구 석수로166번길 27 ,13975,070-8875-0316,031-471-0218,8,2,0,8,49,Y,,37.40555529,126.8975001,20250725
평촌자이아이파크 숲속애어린이집,경기도,안양시,국공립,경기도 안양시 동안구 비산로 22 평촌자이아이파크 아파트,13924,031-447-2022,031-447-2023,5,1,11,20,66,N,,37.40245686,126.9337392,20250725
꿈내리어린이집,경기도,안양시동안구,가정,"경기도 안양시 동안구 학의로 120 306동 101호(관양동, 한가람한양아파트)",14049,031-383-3510,031-388-3510,3,3,4,6,19,N,꿈내리어린이집,37.39924272,126.953094,20250725
우리들 어린이집,경기도,안양시동안구,가정,"경기도 안양시 동안구 관악대로404번길 24 101호 (관양동,남광아파트)",13947,031-422-2644,--,4,0,4,0,20,N,,37.40346702,126.9674133,20250725
아뜰어린이집,경기도,안양시동안구,가정,"경기도 안양시 동안구 경수대로 462 207동 102호(호계동, 호계현대홈타운2차아파트)",14125,031-344-6192,031-344-6192,3,0,4,0,20,N,,37.36500894,126.9596769,20250725
키즈서머힐어린이집,경기도,안양시동안구,가정,"경기도 안양시 동안구 학의로 20 132동 101호(비산동, 관악아파트)",14044,031-388-6400,031-388-6400,3,0,0,0,20,N,,37.39481088,126.943222,20250725
아기꿈어린이집,경기도,안양시동안구,가정,"경기도 안양시 동안구 귀인로98번길 13 101동 101호(호계동, 흥화브라운빌아파트)",14081,031-349-0088,--,3,0,4,9,14,N,,37.38179366,126.951213,20250725
스마일어린이집,경기도,안양시동안구,가정,"경기도 안양시 동안구 학의로 20 133동 103호(비산동, 관악타운)",14044,031-426-2340,031-426-7790,4,0,0,0,20,N,,37.39545957,126.9415056,20250725
유림어린이집,경기도,안양시동안구,가정,경기도 안양시 동안구 달안로 61 한양샛별아파트 104동 112호 (전용) (비산동),14043,031-382-7432,031-382-7432,2,2,2,5,11,N,,37.39692064,126.9484058,20250725
꿈과사랑의하은어린이집,경기도,안양시동안구,가정,"경기도 안양시 동안구 경수대로 462 216동 104호(호계동, 호계현대홈타운2차아파트)",14125,031-457-1854,031-457-1854,4,0,4,7,20,N,,37.36516789,126.9605208,20250725
키즈아이와뜰어린이집,경기도,안양시동안구,가정,경기도 안양시 동안구 경수대로544번길 82-1 (전용) (호계동),,031-457-7776,031-457-6770,3,0,0,0,9,N,,37.37243167,126.962402,20250725
아이별어린이집,경기도,안양시동안구,가정,"경기도 안양시 동안구 경수대로 430 108동 103호(호계동, 호계대림E편한세상아파트)",14126,031-459-1157,031-459-1157,4,0,4,9,20,Y,,37.36741359,126.9588077,20250725
청포도어린이집,경기도,안양시동안구,가정,경기도 안양시 동안구 경수대로609번길 26 HHI브라운빌아파트 201동 107호(호계동),14114,031-455-7940,031-427-0050,3,0,4,0,20,N,,37.37628127,126.9536359,20250725
숲속친구어린이집,경기도,안양시동안구,가정,"경기도 안양시 동안구 달안로 61 102동 102호(비산동, 샛별마을한양4차1단지아파트)",14043,031-381-7974,031-381-7974,2,0,2,0,9,N,,37.396515,126.94896,20250725
누리봄어린이집,경기도,안양시동안구,가정,"경기도 안양시 동안구 동안로 268 18동 109호 시설전용 (비산동,뉴타운아파트)",13919,031-342-8101,--,3,1,0,0,13,N,,37.40079143,126.9457708,20250725
센텀숲어린이집,경기도,안양시동안구,가정,경기도 안양시 동안구 갈산로 15 센텀퍼스트 110동 104호,14111,031-429-2909,--,4,0,4,6,18,N,kcs2908,37.3733587,126.9595341,20250725
엄마뽀뽀어린이집,경기도,안양시동안구,가정,경기도 안양시 동안구 갈산로 15 센텀퍼스트 120동 102호,14111,070-4038-5705,--,4,0,4,6,18,N,,37.37443072,126.9589436,20250725
아이자람어린이집,경기도,안양시동안구,가정,"경기도 안양시 동안구 부림로 48 504동 103호(평촌동, 초원마을LG5단지아파트)",14069,031-422-7995,031-422-7995,3,0,4,8,19,N,www.cyword.com/thinktree2,37.38925695,126.9685529,20250725
해피트리어린이집,경기도,안양시동안구,가정,"경기도 안양시 동안구 관악대로360번길 29-10 101동 103호(관양동, 신일해피트리)",13946,031-341-2644,--,3,0,0,0,19,N,,37.40244362,126.963669,20250725
마미수어린이집,경기도,안양시동안구,민간,경기도 안양시 동안구 경수대로539번길 26-6 ,,031-452-7772,--,6,0,7,0,30,Y,,37.37087796,126.9563291,20250725
해맑음어린이집,경기도,안양시동안구,가정,"경기도 안양시 동안구 귀인로172번길 22 307동 102호(호계동, 경남아파트)",14099,031-382-5156,031-382-5156,3,0,4,7,20,N,,37.38359816,126.9575893,20250725
연현어린이집,경기도,안양시만안구,가정,"경기도 안양시 만안구 연현로1번길 76 403동 102호(석수동, 석수엘지빌리지)",13903,031-471-5325,031-471-3204,3,1,4,7,19,N,http://cafe.daum.net/anyangchildcare,37.427013,126.901436,20250725
아띠 어린이집,경기도,안양시만안구,가정,"경기도 안양시 만안구 안양천서로 245 121동 103호(안양동, 진흥)",,031-441-2475,031-441-2475,3,0,0,0,16,N,,37.39830596,126.9277948,20250725
꼬마친구어린이집,경기도,안양시만안구,가정,경기도 안양시 만안구 양화로72번길 53-5 (1층),14005,031-341-8823,--,4,0,8,0,20,N,http://cafe.daum.net/ccomap,37.39999612,126.9159371,20250725
해와솔어린이집,경기도,안양시만안구,가정,"경기도 안양시 만안구 양화로147번길 7 101동 106호(박달동, 동원베네스트)",13980,031-441-3116,0504-180-5867,3,0,4,8,20,Y,blog.naver.com/mjk4888,37.40502495,126.9082783,20250725
임마누엘가정어린이집,경기도,안양시만안구,가정,"경기도 안양시 만안구 안양천서로 289 103동 104호(안양1동, 주공뜨란채아파트)",13994,031-447-9910,031-443-9910,3,0,4,13,20,N,,37.40049375,126.9271989,20250725
세라어린이집,경기도,안양시만안구,가정,"경기도 안양시 만안구 예술공원로92번길 13 B동 103호(안양동, 삼영1차아파트)",,031-349-6070,031-471-9996,3,0,0,0,11,N,,37.4165496,126.9184928,20250725
해맑은어린이집,경기도,안양시만안구,가정,경기도 안양시 만안구 삼덕로63번길 7 다해그린힐 101호 해맑은 어린이집,14027,031-443-5429,031-443-5429,3,0,0,0,19,Y,,37.40411946,126.9158263,20250725
꿈별어린이집,경기도,안양시만안구,가정,"경기도 안양시 만안구 연현로79번길 57 301동 103호(석수동, 석수LG빌리지아파트)",13903,031-472-4603,031-472-4603,3,0,4,0,18,N,http://cafe.naver.com/dream7star,37.429848,126.901024,20250725
동화속어린이집,경기도,안양시만안구,가정,"경기도 안양시 만안구 박달로545번길 66-10 102호(안양동, 공원아파트)",13988,031-447-9363,--,3,0,4,6,19,N,,37.4055579,126.913411,20250725
새한나어린이집,경기도,안양시만안구,가정,경기도 안양시 만안구 현충로16번길 26 개나리주택105호 (안양동),14032,031-443-5426,031-469-5426,3,0,0,0,13,N,,37.39339785,126.9283854,20250725
평촌어바인퍼스트아침해어린이집,경기도,안양시동안구,민간,경기도 안양시 동안구 흥안대로81번길 66 관리동,14116,***-****-****,--,5,1,0,0,45, ,,37.56647,126.977963,20250725
리틀명지어린이집,경기도,안양시만안구,가정,경기도 안양시 만안구 양화로72번길 19-14 로얄맨션 102호,14005,031-445-0110,--,2,0,0,0,15,N,,37.40036004,126.9142154,20250725
꿈동아어린이집,경기도,안양시만안구,가정,"경기도 안양시 만안구 전파로 63 B동 109호(안양동, 대동아아파트)",,031-469-3716,031-469-3716,3,0,0,0,11,N,,37.39148864,126.9398965,20250725
하나어린이집,경기도,안양시만안구,가정,"경기도 안양시 만안구 안양로384번길 35 101동 105호(안양동, 이너스내안에)",13990,031-465-7377,031-465-7377,3,0,4,0,20,N,,37.40563616,126.9180149,20250725
하늘 숲 어린이집,경기도,안양시만안구,민간,경기도 안양시 만안구 박달로498번길 18 (박달동),14008,031-441-5700,031-442-3314,7,1,12,19,116,Y,키즈노트,37.40055662,126.9079862,20250725
강아지풀어린이집,경기도,안양시만안구,가정,"경기도 안양시 만안구 안양로532번길 12 107동 102호(석수동, 현대)",13963,031-344-1900,031-471-1909,3,0,4,0,20,N,http://blog.naver.com/7kmk1004,37.41686736,126.9081881,20250725
상등어린이집,경기도,안양시만안구,가정,"경기도 안양시 만안구 경수대로 1193 105동 104호(석수동, 석수대림)",13961,031-448-1030,031-448-1030,3,0,4,0,20,N,********************,37.41487518,126.9140412,20250725
평촌두산위브리버뷰 해든어린이집,경기도,안양시,국공립,경기도 안양시 동안구 엘에스로45번길 30 평촌두산위브리버뷰 아파트,14121,031-429-8092,--,4,2,13,12,39,N,,37.3674504,126.953873,20250725
아르테자이 새론어린이집,경기도,안양시,국공립,경기도 안양시 만안구 경수대로1166번길 9 1층,13914,031-471-2965,--,5,1,12,13,51,N,,37.4157821,126.9183544,20250725
평촌엘프라우드 원어린이집,경기도,안양시,국공립,경기도 안양시 동안구 매곡로 23 1층(비산동),13917,031-381-5111,--,6,0,13,13,53,N,,37.56647,126.977963,20250725
평촌트리지아 하나어린이집,경기도,안양시,국공립,경기도 안양시 동안구 귀인로98번길 12 1층,14081,031-453-8199,031-453-8198,4,0,16,13,64,N,,37.38125224,126.9493029,20250725
평촌트리지아 라온어린이집,경기도,안양시,국공립,경기도 안양시 동안구 귀인로 110 ,14081,031-477-7760,--,4,0,16,12,38,N,,37.56647,126.977963,20250725
별하어린이집,경기도,안양시,국공립,"경기도 안양시 만안구 안양천서로 249 (안양동, 안양역푸르지오더샵)",13995,031-469-5959,--,7,0,18,15,85,N,,37.39865696,126.9282101,20250725
어반포레어린이집,경기도,안양시,국공립,경기도 안양시 만안구 냉천로 125 (안양동),14029,031-465-2007,031-465-2008,4,1,10,11,68,N,,37.39087006,126.923126,20250725
꿈이든어린이집,경기도,안양시,국공립,경기도 안양시 동안구 시민대로 124 1층,14077,031-429-0602,031-429-0604,5,1,11,10,63,N,,37.38697292,126.9474359,20250725
예쁜아이어린이집,경기도,안양시만안구,가정,"경기도 안양시 만안구 안양천서로 289 106동 101호(안양동, 주공뜨란채)",13994,031-444-5545,031-444-5545,3,0,4,0,17,N,,37.39830596,126.9277948,20250725
평강어린이집,경기도,안양시만안구,가정,"경기도 안양시 만안구 안양천서로 311 113동 104호(안양동, 삼성래미안아파트)",13994,031-464-5759,031-360-5759,3,0,4,7,19,N,,37.40221652,126.9241214,20250725
해바라기어린이집,경기도,안양시만안구,가정,경기도 안양시 만안구 오리로34번길 70 1층,13976,031-464-3065,031-464-3065,4,0,4,6,20,N,***********************,37.40885127,126.8857599,20250725
행복한 가정 어린이집,경기도,안양시만안구,가정,"경기도 안양시 만안구 안양로532번길 12 103동 104호(석수동, 현대)",13963,031-472-0407,031-474-2141,3,0,5,0,19,Y,,37.41678003,126.9078817,20250725
선교어린이집,경기도,안양시만안구,가정,"경기도 안양시 만안구 화창로 98 101동 108호(석수동, 영풍)",13905,031-473-8262,031-473-8262,4,0,0,0,19,N,,37.41707379,126.9073951,20250725
헨젤어린이집,경기도,안양시만안구,가정,"경기도 안양시 만안구 안양로532번길 12 101동 111호(석수동, 현대)",13963,031-341-7608,031-471-3019,3,0,4,0,20,N,,37.41678003,126.9078817,20250725
한나 어린이집,경기도,안양시만안구,가정,"경기도 안양시 만안구 소곡로20번길 7 106동 102호(안양동, 한솔아파트)",14033,031-469-5426,031-469-5426,3,0,4,8,20,N,,37.3914857,126.9289705,20250725
갈대상자어린이집,경기도,안양시만안구,가정,"경기도 안양시 만안구 병목안로 220 103동 103호(안양동, 흥화브라운빌아파트)",14025,031-447-3366,--,4,0,4,6,19,N,https://www.instagram.com/galdaebox_anyang,37.38490608,126.9061242,20250725
만안꼬꼬마어린이집,경기도,안양시만안구,가정,"경기도 안양시 만안구 연현로79번길 56 303동 102호(석수동, 석수LG빌리지아파트)",13903,031-472-1171,031-472-1171,3,0,4,0,20,N,,37.429848,126.901024,20250725
도담도담어린이집,경기도,안양시동안구,가정,경기도 안양시 동안구 동안로 283 삼호뉴타운아파트 16동 109호,,031-347-3500,--,4,0,4,0,19,N,,37.40324865,126.9447252,20250725
동문어린이집,경기도,안양시동안구,가정,경기도 안양시 동안구 관악대로275번길 53 동문빌라다동101호 시설전용 (비산동),13935,031-386-5085,031-388-2020,4,0,5,0,18,N,***************,37.40510006,126.9529438,20250725
아이짱어린이집,경기도,안양시동안구,가정,"경기도 안양시 동안구 달안로 10 106동 105호(비산동, 은하수마을청구1단지아파트)",14045,031-388-4262,0504-292-3196,3,0,4,0,20,N,,37.39162517,126.9461984,20250725
아이맘어린이집,경기도,안양시동안구,가정,"경기도 안양시 동안구 경수대로 430 110동 102호(호계동, 호계대림E편한세상아파트)",14126,031-344-2009,031-344-2009,3,2,4,8,20,N,,37.37620037,126.9511157,20250725
평촌도만어린이집,경기도,안양시동안구,가정,"경기도 안양시 동안구 학의로 390 115동 104호(평촌동, 인덕원푸른마을대우아파트)",14061,031-461-8092,031-461-8092,3,0,4,0,16,N,,37.39482883,126.9791106,20250725
행복가득어린이집,경기도,안양시동안구,가정,"경기도 안양시 동안구 동안로 280 11동 109호(비산동, 뉴타운아파트)",13919,031-381-9447,--,3,0,4,0,19,N,,37.40138004,126.9469176,20250725
꼬마별어린이집,경기도,안양시동안구,가정,"경기도 안양시 동안구 관악대로106번길 29 104동 102호(비산동, 비산롯데캐슬)",13954,031-387-2121,--,3,0,4,6,15,N,,37.39832099,126.9389498,20250725
리베어린이집,경기도,안양시동안구,가정,"경기도 안양시 동안구 관평로138번길 13 804동 107호(평촌동, 초원마을세경8단지아파트)",14068,031-317-2558,--,3,0,3,0,11,N,,37.39029133,126.9628821,20250725
꿈예랑어린이집,경기도,안양시동안구,가정,"경기도 안양시 동안구 달안로 110 507동 106호(관양동, 한가람세경5단지아파트)",14052,031-381-1117,0508-918-3569,3,0,3,6,13,N,,37.39626578,126.9547438,20250725
통통이 어린이집,경기도,안양시동안구,가정,"경기도 안양시 동안구 임곡로 43 105동 101호(비산동, 그린빌주공아파트)",13916,031-385-7063,031-385-7063,4,0,4,0,19,N,,37.40601137,126.9329272,20250725
꿈동산어린이집,경기도,안양시동안구,민간,경기 안양시 동안구 관양2동 1484-13번지 301호 ,13950,031-424-5864,--,0,0,0,0,29, ,,,,20250725
다솜어린이집,경기도,안양시동안구,가정,"경기도 안양시 동안구 동안로 203 306동 103호(비산동, 관악성원아파트)",14044,031-383-2023,--,3,0,0,0,11,N,,37.39363172,126.947198,20250725
한빛어린이집,경기도,안양시동안구,민간,경기도 안양시 동안구 엘에스로53번길 13 (호계동),14121,031-427-0879,031-427-0879,4,1,0,0,27,Y,,37.36804744,126.9535436,20250725
엄마품어린이집,경기도,안양시동안구,가정,"경기도 안양시 동안구 학의로 20 113동 104호(비산동, 관악)",14044,031-382-0052,--,4,2,4,8,20,N,,37.39481088,126.943222,20250725
일곱빛깔어린이집,경기도,안양시동안구,가정,경기도 안양시 동안구 관악대로263번길 61 동문빌라 가-101 (전용) (비산동),13935,031-382-9674,--,3,0,3,0,16,Y,http://town.cyworld.com/color7,37.40513666,126.9514817,20250725
바다의별어린이집,경기도,안양시동안구,민간,경기도 안양시 동안구 부림로 78 아보육시설동(평촌동 초원아파트),14069,031-422-6002,--,4,2,4,0,27,Y,,37.39113075,126.967783,20250725
움트리어린이집,경기도,안양시만안구,민간,경기도 안양시 만안구 창박로55번길 12 (안양동),14025,031-442-0090,031-442-0092,12,1,24,22,203,Y,,37.38351601,126.900905,20250725
새소망어린이집,경기도,안양시만안구,가정,"경기도 안양시 만안구 장내로 76 505동 104호(안양동, 수리산성원쌍떼빌1차아파트)",14027,031-447-9610,031-447-9610,3,0,5,7,19,N,,37.3941222,126.9169781,20250725
사랑나무어린이집,경기도,안양시만안구,가정,경기도 안양시 만안구 안양로406번길 20 (안양동),13990,031-441-7044,031-441-7044,3,0,0,0,20,Y,,37.40737501,126.9157319,20250725
뉴수퍼키즈어린이집,경기도,안양시만안구,민간,경기도 안양시 만안구 안양로329번길 37 ,14006,031-448-2105,031-448-2105,6,0,5,0,26,Y,,37.4007524,126.9172234,20250725
핌 아이 어린이집,경기도,안양시만안구,가정,"경기도 안양시 만안구 양화로222번길 15 1층(석수동, 황산빌라)",13968,031-471-1290,031-471-1290,4,0,4,5,10,Y,,37.41225405,126.9069185,20250725
뉴햇빛플러스어린이집,경기도,안양시만안구,가정,"경기도 안양시 만안구 경수대로 1193 106동 103호(석수동, 석수대림)",13961,031-344-0579,031-344-0579,3,0,0,0,19,N,,37.41487518,126.9140412,20250725
꼬마또래어린이집,경기도,안양시만안구,가정,"경기도 안양시 만안구 삼성산길 8 102동 104호(석수동, 석수역푸르지오아파트)",13907,031-472-3579,031-472-3759,3,0,6,0,20,N,,37.43311951,126.9046478,20250725
하늘수레어린이집,경기도,안양시만안구,가정,"경기도 안양시 만안구 삼성산길 8 104동 103호(석수동, 석수역푸르지오아파트)",13907,031-349-4004,031-473-8003,3,0,4,0,20,N,,37.43311951,126.9046478,20250725
금별어린이집,경기도,안양시만안구,민간,경기도 안양시 만안구 안양로214번길 43 (안양동),14032,031-469-7071,031-469-7072,6,1,8,0,42,Y,http://cafe.naver.com/goldstarchild,37.39355478,126.9287005,20250725
예림어린이집,경기도,안양시만안구,가정,경기도 안양시 만안구 충훈로 51 석수아이파크 106동 103호(석수동),13973,031-472-3261,031-473-3261,4,0,4,7,20,Y,https://blog.naver.com/a1472258,37.40730258,126.9008625,20250725
숲속어린이집,경기도,안양시만안구,가정,경기도 안양시 만안구 충훈로 52 석수아이파크 109동 104호(석수동),13973,031-348-8801,031-348-8801,3,0,4,0,20,N,,37.40730258,126.9008625,20250725
엔젤스쿨어린이집,경기도,안양시만안구,가정,경기 안양시 만안구 안양8동  402-55 (1층) ,14091,031-349-6525,031-349-6525,3,0,0,0,13, ,,37.38142673,126.9280262,20250725
포도나무어린이집,경기도,안양시만안구,가정,경기도 안양시 만안구 문예로 27 우양파크빌아파트102 호(안양동),14092,031-443-9530,--,3,0,4,6,19,Y,,37.3852223,126.9307478,20250725
예쁜햇살어린이집,경기도,안양시만안구,가정,"경기도 안양시 만안구 충훈로 92 104동 102호(석수동, 코오롱하늘채)",13972,031-474-9828,--,4,0,4,7,20,Y,,37.40848845,126.8980642,20250725
하늘채어린이집,경기도,안양시만안구,가정,"경기도 안양시 만안구 충훈로 92 103동 103호(석수동, 코오롱하늘채)",13972,031-349-7976,031-349-7976,4,2,4,0,20,N,,37.40848845,126.8980642,20250725
아이파크자연어린이집,경기도,안양시만안구,민간,경기도 안양시 만안구 충훈로 71 ,13973,031-473-7842,031-473-7842,3,0,5,9,47,Y,,37.40690092,126.9007882,20250725
시온어린이집,경기도,안양시만안구,가정,"경기도 안양시 만안구 연현로79번길 20 102동 103호(석수동, 석수두산위브)",13902,031-472-5914,--,3,0,4,7,16,N,*******************,37.43259536,126.9013741,20250725
파란꿈나무어린이집,경기도,안양시만안구,가정,"경기도 안양시 만안구 석수로 40 7동 103호(석수동, 럭키)",13970,031-468-1225,031-468-1225,3,0,4,0,16,N,,37.4093134,126.9079246,20250725
예쁜뜰어린이집,경기도,안양시만안구,가정,"경기도 안양시 만안구 경수대로 1193 110동 101호(석수동, 석수대림)",13961,031-473-4547,031-473-4547,4,4,8,0,20,N,http://cafe.daum.net/prettygarden-i,37.41487518,126.9140412,20250725
꿈자람어린이집,경기도,안양시만안구,가정,"경기도 안양시 만안구 병목안로 81 102동 102호(안양동, 성원1차아파트)",14021,031-443-0077,031-443-0077,4,0,4,8,20,N,,37.39502668,126.914251,20250725
재롱 어린이집,경기도,안양시만안구,가정,"경기도 안양시 만안구 능곡로 36 2동 112호(안양동, 우성1차아파트)",14022,031-448-8535,031-448-8535,2,0,3,0,12,N,,37.39144113,126.9136159,20250725
해피키즈어린이집,경기도,안양시만안구,가정,"경기도 안양시 만안구 박달로 451 111동 101호(박달동, 한라비발디)",13979,031-341-2772,031-341-2772,3,0,4,8,20,N,,37.40300093,126.9018301,20250725
참사랑가베어린이집,경기도,안양시만안구,가정,"경기도 안양시 만안구 박달로 420 2동 102호(박달동, 신안아파트)",14016,031-464-7866,0504-435-1741,4,1,4,8,20,N,https://blog.naver.com/truelovegabe,37.4009648,126.8997252,20250725
금호가베어린이집,경기도,안양시만안구,가정,"경기도 안양시 만안구 삼봉로 61 102동 102호(박달동, 금호타운)",14017,070-8262-1906,--,3,0,4,8,20,Y,*********************,37.39918458,126.9014013,20250725
백합어린이집,경기도,안양시만안구,가정,경기도 안양시 만안구 문예로6번길 36 (안양동) 1층,14093,031-448-7749,031-448-7749,4,0,4,0,18,N,,37.38251628,126.9306326,20250725
키즈하늘수레어린이집,경기도,안양시만안구,가정,"경기도 안양시 만안구 연현로79번길 56 409동 108호(석수동, 석수엘지빌리지)",13903,031-349-7114,031-341-8266,4,0,4,9,19,N,,37.42701189,126.9014365,20250725
바른사랑어린이집,경기도,안양시만안구,가정,"경기도 안양시 만안구 석수로 40 2동 105호(석수동, 럭키)",13970,031-472-2717,031-472-6493,4,0,4,0,20,N,http://www.cyworld.nate.com/sarang2717,37.4093134,126.9079246,20250725
베이비클래스어린이집,경기도,안양시동안구,가정,경기도 안양시 동안구 관평로212번길 21 공작부영아파트 314동101호(살림겸용) (관양동),14051,031-341-8835,031-341-8835,3,0,3,0,13,N,,37.39749843,126.9592376,20250725
별사랑어린이집,경기도,안양시동안구,가정,"경기도 안양시 동안구 달안로 153 204동 102호(관양동, 공작성일아파트)",14050,031-387-8588,050-4343-3599,4,0,4,6,19,N,http://naver.me/5RR31ww0,37.39926036,126.9582554,20250725
아이숲어린이집,경기도,안양시동안구,가정,"경기도 안양시 동안구 달안로 153 203동 106호(관양동, 공작성일아파트)",14050,031-476-9111,031-476-9111,4,0,4,5,16,N,,37.3997629,126.958687,20250725
우성삐아제어린이집,경기도,안양시동안구,가정,경기도 안양시 동안구 임곡로 43 임곡주공그린아파트 114동 105호,13916,031-441-2270,--,3,0,4,0,12,Y,,37.4059322,126.9331178,20250725
숲속몬테소리어린이집,경기도,안양시동안구,가정,"경기도 안양시 동안구 관악대로 133 123동 105호(비산동, 삼성래미안)",13922,031-442-2883,--,3,0,3,0,20,N,,37.399414,126.93866,20250725
이레어린이집,경기도,안양시동안구,가정,경기도 안양시 동안구 관평로212번길 21 공작부영아파트 313동103호 (전용) (관양동),14051,031-385-6458,--,4,0,4,7,16,N,,37.39749843,126.9592376,20250725
딸기어린이집,경기도,안양시동안구,가정,"경기도 안양시 동안구 시민대로122번길 38 101호(호계동, 신라아파트)",,031-454-3005,031-454-3005,2,0,2,0,9,N,,37.38782368,126.9481646,20250725
예뜰어린이집,경기도,안양시동안구,가정,"경기도 안양시 동안구 동편로 135 403동103호(관양동, 휴먼시아아파트)",13930,031-421-5500,031-426-5588,5,0,4,0,20,N,cafe.naver.com/yeddel,37.40981394,126.9678895,20250725
베베슐레어린이집,경기도,안양시동안구,가정,"경기도 안양시 동안구 경수대로 462 205동102호(호계동, 호계2차현대홈타운)",14125,031-427-9319,--,4,0,4,8,20,N,,37.3640957,126.9602285,20250725
동편아이샘어린이집,경기도,안양시동안구,가정,"경기도 안양시 동안구 동편로 135 402동102호(관양동, 동편마을)",13930,031-421-2728,031-421-2728,4,0,4,5,13,N,*******************,37.40989141,126.9680016,20250725
산들어린이집,경기도,안양시동안구,가정,"경기도 안양시 동안구 동안로 35 106동106호(호계동, 무궁화아파트)",14100,031-381-1123,--,3,0,0,0,13,N,,37.38207858,126.9562848,20250725
아름드리어린이집,경기도,안양시동안구,가정,"경기도 안양시 동안구 학의로 98 206동101호(비산동, 샛별아파트)",14043,031-346-2303,--,3,0,4,0,16,N,,37.39876974,126.9493314,20250725
휘솔어린이집,경기도,안양시동안구,가정,"경기도 안양시 동안구 달안로 78 612동109호 (비산동, 샛별아파트)",14046,031-388-1631,--,3,0,2,0,8,N,,37.39637017,126.9510361,20250725
영영아어린이집,경기도,안양시동안구,가정,"경기도 안양시 동안구 동편로 110 318동101호(관양동, 휴먼시아아파트)",13928,031-423-0203,--,3,0,4,0,20,N,,37.41234978,126.969478,20250725
꼬망세하바어린이집,경기도,안양시동안구,민간,"경기도 안양시 동안구 동편로 110 (관양동, 휴먼시아3단지아파트관리동)",13928,031-424-3556,0505-380-0123,6,1,8,12,55,N,,37.41234978,126.969478,20250725
참그루어린이집,경기도,안양시동안구,가정,경기도 안양시 동안구 평촌대로253번길 18 614동103호,14046,031-388-3335,--,3,0,3,0,11,Y,,37.39451439,126.9517556,20250725
애플트리어린이집,경기도,안양시동안구,가정,"경기도 안양시 동안구 동편로 110 314동101호(관양동, 휴먼시아아파트)",13928,031-422-8686,--,4,0,0,0,20,N,,37.41234978,126.969478,20250725
햇살나무어린이집,경기도,안양시동안구,가정,"경기도 안양시 동안구 동편로 110 302동102호(관양동, 휴먼시아아파트)",13928,031-342-7719,031-342-7719,4,0,4,0,19,N,,37.41234978,126.969478,20250725
공작어린이집,경기도,안양시동안구,가정,"경기도 안양시 동안구 관평로212번길 21 312동102호(관양동, 공작아파트)",14051,031-347-0104,--,3,0,4,6,14,N,,37.39619695,126.9596869,20250725
리틀칼리지어린이집,경기도,안양시동안구,가정,"경기도 안양시 동안구 경수대로883번길 46 109호(비산동, 강남6차아파트)",13955,070-4207-1884,--,4,0,0,0,17,N,,37.39702962,126.9361194,20250725
베베어린이집,경기도,안양시만안구,가정,"경기도 안양시 만안구 안양천서로 177 208동 101호(안양동,래미안안양메가트리아)",14038,031-447-6961,031-447-6961,4,0,4,0,20,N,,37.39375289,126.9376853,20250725
행복나무어린이집,경기도,안양시만안구,가정,"경기도 안양시 만안구 안양천서로 177 101동 103호(안양동,래미안안양메가트리아)",14038,031-346-1270,031-346-1270,4,0,5,8,20,N,,37.39582924,126.9326525,20250725
솔숲어린이집,경기도,안양시만안구,민간,경기도 안양시 만안구 창박로 15-15 ,14025,031-444-7144,0504-080-3495,8,1,10,0,64,Y,*******************,37.38454985,126.9051534,20250725
에듀파크어린이집,경기도,안양시만안구,민간,"경기도 안양시 만안구 충훈로 14 104동 1층 (박달동, 한양수자인에듀파크아파트)",13982,031-465-7940,--,4,1,5,11,35,Y,,37.40300695,126.9047377,20250725
밝은빛어린이집,경기도,안양시만안구,가정,"경기도 안양시 만안구 소곡로 78 104동 101호(안양동, 씨엘포레자이)",14090,031-448-9888,0508-905-0730,3,0,4,10,20,N,,37.38725001,126.9228417,20250725
키즈캐슬어린이집,경기도,안양시만안구,민간,"경기도 안양시 만안구 박달로 344 관리동1층(박달동,대림한숲타운아파트)",14014,***-****-****,--,4,1,5,11,43,Y,,37.40400129,126.8927134,20250725
하늘땅어린이집,경기도,안양시만안구,가정,경기도 안양시 만안구 안양천서로 249 108동103호,13995,031-465-0773,--,3,0,5,4,18, ,,37.39838238,126.9267492,20250725
연두어린이집,경기도,안양시만안구,가정,경기도 안양시 만안구 냉천로125번길 21 안양어반포레 자연이편한세상 302동105호,,031-465-8160,--,3,0,4,4,20,N,,37.56647,126.977963,20250725
예당 어린이집,경기도,안양시동안구,가정,경기도 안양시 동안구 비산로74번길 17-4 (전용) (비산동),,031-469-5190,--,4,0,0,0,12,N,,37.40325057,126.9339298,20250725
하영어린이집,경기도,안양시동안구,가정,"경기도 안양시 동안구 동안로 271 7동 106호(비산동, 뉴타운아파트)",13920,031-383-8708,031-383-8708,4,0,0,0,20,N,,37.40665582,126.9509714,20250725
은하수어린이집,경기도,안양시동안구,가정,"경기도 안양시 동안구 달안로 40 305동 103호(비산동, 은하수마을신성3단지아파트)",14045,031-382-6533,0504-467-1461,3,0,4,0,19,N,cafe.daum.net/enhasoo6533,37.3946915,126.9483769,20250725
디즈니어린이집,경기도,안양시동안구,가정,"경기도 안양시 동안구 관평로138번길 53 707동 102호(평촌동, 초원마을부영7단지아파트)",14068,031-388-9175,--,3,3,4,0,16,N,,37.39186204,126.9648548,20250725
꼬마샛별어린이집,경기도,안양시동안구,가정,"경기도 안양시 동안구 달안로 117 105동 101호(관양동, 한가람두산1단지아파트)",14049,031-341-8331,031-341-8331,4,1,4,8,20,N,다음카페  꼬마샛별어린이집,37.39838637,126.9560121,20250725
송이어린이집,경기도,안양시동안구,가정,"경기도 안양시 동안구 흥안대로414번길 39 201동 101호(평촌동, 인덕원대림2차아파트)",14063,031-421-8488,--,3,0,4,0,19,N,,37.39148199,126.9769911,20250725
꼬망꼬망어린이집,경기도,안양시만안구,가정,"경기도 안양시 만안구 안양천서로 177 204동 102호(안양동,래미안메가트리아)",14038,031-442-2525,031-441-2526,4,0,4,8,20,N,,37.39311837,126.9348005,20250725
큐피트어린이집,경기도,안양시동안구,가정,"경기도 안양시 동안구 관악대로 133 116동 101호(비산동, 삼성래미안)",13922,031-446-6464,031-446-6464,4,12,4,0,19,N,,37.399414,126.93866,20250725
리틀큐피트어린이집,경기도,안양시동안구,가정,"경기도 안양시 동안구 관악대로 121 114동102호(비산동, 삼성래미안)",13922,031-443-2340,031-443-2340,4,0,4,7,20,N,cafe.naver.com/little_cupid,37.3991136,126.9376535,20250725
이레키즈아트어린이집,경기도,안양시동안구,민간,경기도 안양시 동안구 갈산로 78 (호계동),14107,031-458-1902,031-454-1908,7,2,11,15,56,N,,37.37883985,126.9598907,20250725
꿈빛나무어린이집,경기도,안양시동안구,가정,"경기도 안양시 동안구 관양로 197 가동104호(관양동, 대도아파트)",13948,031-348-3233,--,4,0,4,0,17,Y,,37.40296124,126.9695317,20250725
고운별어린이집,경기도,안양시동안구,가정,"경기도 안양시 동안구 임곡로 43 104동103호(비산동, 그린빌주공아파트)",13916,031-466-1866,031-466-1866,3,0,4,0,17,N,http://cafe.daum.net/4661866,37.40531736,126.9333111,20250725
세빈어린이집,경기도,안양시동안구,가정,경기도 안양시 동안구 평촌대로427번길 60-36 (비산동),13915,031-341-6067,--,6,0,0,0,20,N,,37.41024105,126.9484605,20250725
솔향기어린이집,경기도,안양시동안구,가정,"경기도 안양시 동안구 관평로138번길 63 713동109호(평촌동, 초원부영아파트)",14068,031-383-3650,--,3,0,3,0,11,N,,37.39093519,126.9659416,20250725
행복나라어린이집,경기도,안양시동안구,가정,"경기도 안양시 동안구 관평로212번길 21 308동106호(관양동, 공작아파트)",14051,031-388-5004,031-388-5004,3,0,3,0,13,N,,37.39858255,126.9588905,20250725
꼬마나무어린이집,경기도,안양시동안구,가정,경기도 안양시 동안구 평촌대로179번길 30 503동 105호,14075,070-7572-3372,--,2,0,2,0,9,N,,37.38770415,126.9552922,20250725
나무내음어린이집,경기도,안양시동안구,가정,"경기도 안양시 동안구 관악대로 171 104동 102호(비산동,비산이편한세상)",13926,031-384-1919,--,4,0,4,0,20,N,http://cafe.naver.com/namunamu1919,37.39964967,126.942794,20250725
더조은아이어린이집,경기도,안양시동안구,가정,"경기도 안양시 동안구 동안로 101 102동 102호 (호계동, 목련아파트)",14074,031-381-7808,--,5,0,5,7,20,N,,37.38725202,126.9513313,20250725
꽃가람발도르프어린이집,경기도,안양시동안구,가정,경기도 안양시 동안구 동편로68번길 12 ,13928,031-422-1885,--,3,0,0,0,20,N,,37.4101235,126.9735091,20250725
사랑가득어린이집,경기도,안양시동안구,가정,"경기도 안양시 동안구 관평로 68 709동 102호(평촌동,한신아파트)",14102,031-347-0775,--,4,0,0,0,20,Y,,37.38403883,126.9657458,20250725
호계성심어린이집,경기도,안양시동안구,가정,"경기도 안양시 동안구 흥안대로93번길 66 102호 (호계동,성심아파트)",,031-451-1400,031-456-8787,4,0,0,0,19,N,,37.3725921,126.9548093,20250725
레인보우키즈어린이집,경기도,안양시동안구,민간,경기도 안양시 동안구 경수대로610번길 39 ,14108,031-429-6393,070-8677-6393,8,1,9,17,85,Y,,37.37771454,126.957579,20250725
푸른꿈어린이집,경기도,안양시동안구,가정,"경기도 안양시 동안구 관평로 138 805-105(평촌동, 초원세경아파트)",14068,031-387-5634,--,3,0,0,0,11,N,,37.38878402,126.9614842,20250725
나눔 어린이집,경기도,안양시동안구,가정,경기도 안양시 동안구 흥안대로414번길 5 삼아아파트 102호,14063,031-424-8789,--,4,0,0,0,15,N,,37.39142594,126.9747583,20250725
아름 어린이집,경기도,안양시동안구,가정,경기도 안양시 동안구 관평로138번길 13 803동 106호,14068,031-381-8228,031-381-8228,3,0,4,6,12,N,,37.3903599,126.9629748,20250725
아이곤지어린이집,경기도,안양시동안구,가정,"경기도 안양시 동안구 달안로 40 305동 101호(비산동, 은하수마을신성3단지아파트)",14045,031-382-2345,031-382-2345,3,0,4,6,19,N,,37.39401937,126.948453,20250725
푸르지오영재어린이집,경기도,안양시동안구,가정,"경기도 안양시 동안구 학의로 390 103동 102호(평촌동, 인덕원푸른마을대우아파트)",14061,031-423-6644,--,3,1,4,0,20,N,http://cafe.naver.com/prujioh,37.39482883,126.9791106,20250725
해리어린이집,경기도,안양시동안구,가정,"경기도 안양시 동안구 임곡로 43 107동 104호(비산동,더포레스트힐)",13916,031-466-1133,031-466-0233,4,1,4,6,15,Y,,37.40798325,126.9353326,20250725
아기별어린이집,경기도,안양시동안구,가정,"경기도 안양시 동안구 관악대로 135 127동 104호(비산동, 삼성래미안)",13922,031-466-5770,031-466-5770,4,0,4,7,20,N,,37.399685,126.93951,20250725
우리어린이집,경기도,안양시동안구,가정,경기도 안양시 동안구 관악대로106번길 29 롯데낙천대아파트 108-101 (전용) (비산동),13954,031-386-1884,070-7623-3086,3,0,4,9,20,N,,37.39832099,126.9389498,20250725
솔앤별어린이집,경기도,안양시동안구,가정,경기도 안양시 동안구 평촌대로401번길 48 (전용) (비산동),13918,031-476-9444,031-476-9444,3,0,4,0,17,N,****************,37.40683708,126.9472369,20250725
한사랑어린이집,경기도,안양시동안구,가정,"경기도 안양시 동안구 달안로 98 505동 104호(관양동, 한가람세경5단지아파트)",14052,031-341-8819,031-383-8820,3,0,3,7,14,N,,37.39626578,126.9547438,20250725
호계아이어린이집,경기도,안양시동안구,가정,경기도 안양시 동안구 경수대로 498 서부인터빌101동103호(호계동),14124,031-477-2318,031-453-7463,3,0,4,10,20,N,htte://cafe.daum.net/hogai,37.36685146,126.9587206,20250725
아이조아어린이집,경기도,안양시동안구,가정,"경기도 안양시 동안구 경수대로 430 107동 101호(호계동, 호계대림E편한세상아파트)",14126,031-342-2009,--,3,0,4,0,20,N,,37.37553178,126.9502015,20250725
행복한어린이집,경기도,안양시동안구,가정,경기도 안양시 동안구 비산로 60-1 시설전용 (비산동),,031-442-3561,--,3,0,0,0,11,Y,,37.40164841,126.9320234,20250725
자연어린이집,경기도,안양시동안구,가정,경기 안양시 동안구 호계2동 호계임광그대가3차아파트 301-107(살림겸용) ,14078,031-453-7862,--,3,1,0,0,11, ,,,,20250725
초록마을어린이집,경기도,안양시동안구,가정,"경기도 안양시 동안구 임곡로 43 112동 101호(비산동, 그린빌주공아파트)",13916,031-465-4600,031-465-4600,3,0,4,0,19,N,,37.40601137,126.9329272,20250725
다하어린이집,경기도,안양시동안구,가정,"경기도 안양시 동안구 흥안대로456번길 62 103동 104호(평촌동, 삼성래미안)",14062,031-425-1770,--,3,0,4,0,19,N,,37.39298858,126.9789729,20250725
미소지움 어린이집,경기도,안양시동안구,가정,"경기도 안양시 동안구 경수대로707번길 39 103동 106호(호계동, 신성호계미소지움아파트)",14078,031-477-2226,031-477-2226,4,0,4,0,18,N,,37.38323105,126.9495589,20250725
천사어린이집,경기도,안양시동안구,가정,"경기도 안양시 동안구 경수대로623번길 46 102동 101호(호계동, 럭키호계아파트)",14113,031-453-9371,031-453-9371,4,0,4,8,19,N,,37.37600438,126.951368,20250725
명랑어린이집,경기도,안양시동안구,가정,"경기도 안양시 동안구 관평로212번길 21 310동108호 (관양동,공작부영아파트)",14051,031-451-3325,-3776,3,0,3,0,13,N,,37.39749843,126.9592376,20250725
사랑누리어린이집,경기도,안양시동안구,가정,경기도 안양시 동안구 관평로138번길 13 801동 106호,14068,031-381-2137,031-381-2137,3,0,3,5,12,N,,37.39050612,126.9623678,20250725
리틀파랑새어린이집,경기도,안양시동안구,가정,"경기도 안양시 동안구 비산로22번길 52-1 103호(비산동, 태양연립)",,031-441-0110,--,3,0,0,0,11,N,,37.40228625,126.9331422,20250725
초원부영어린이집,경기도,안양시동안구,가정,"경기도 안양시 동안구 관평로138번길 63 701동107호(평촌동, 초원부영아파트)",14068,031-344-6699,031-344-6699,4,0,4,7,13,N,,37.39064127,126.9650516,20250725
즐거운빅스맘어린이집,경기도,안양시동안구,민간,"경기도 안양시 동안구 관악대로276번길 16 (비산동, A동)",13944,031-382-2004,070-8623-1384,4,0,6,0,42,Y,http://www.bigsmom.com/288,37.40149984,126.9536619,20250725
튼튼어린이집,경기도,안양시동안구,가정,"경기도 안양시 동안구 동안로 209 307-101(비산동, 관악성원아파트)",14044,031-384-0369,031-384-0369,3,0,3,0,13,N,,37.39600467,126.9476484,20250725
하버드어린이집,경기도,안양시동안구,민간,경기도 안양시 동안구 관악대로330번길 9-5 ,13945,031-387-4100,031-387-4007,10,2,18,28,162,Y,,37.40300346,126.9601218,20250725
리라어린이집,경기도,안양시동안구,민간,경기도 안양시 동안구 귀인로 91 (호계동),14078,031-454-2124,031-429-2124,11,2,29,29,157,Y,,37.38223644,126.9499707,20250725
새봄숲키즈어린이집,경기도,안양시동안구,민간,경기도 안양시 동안구 평촌대로427번길 60-9 (비산동),13915,031-476-0008,031-476-0111,13,2,14,33,235,Y,http://saebomkids.net/,37.40923686,126.9467585,20250725
조은어린이집,경기도,안양시동안구,가정,"경기도 안양시 동안구 학의로 20 125동102호(비산동,관악타운)",14044,031-381-5805,--,4,1,4,8,17,N,,37.39545957,126.9415056,20250725
아람키즈어린이집,경기도,안양시동안구,가정,"경기도 안양시 동안구 경수대로707번길 39 104동101호(호계동,신성미소지움)",14078,031-427-2237,031-427-2237,3,0,0,0,17, ,,37.3837823,126.9492741,20250725
단비어린이집,경기도,안양시동안구,가정,"경기도 안양시 동안구 귀인로 237 209동101호(평촌동,초원대림아파트)",14070,031-422-4468,031-422-4468,3,0,4,8,19,N,,37.38702793,126.9645026,20250725
사랑해 어린이집,경기도,안양시동안구,가정,경기도 안양시 동안구 달안로 153 206동 103호(관양동 공작아파트),14050,031-386-0763,031-341-4222,3,0,4,7,19,N,,37.39967303,126.9593601,20250725
기쁨어린이집,경기도,안양시동안구,가정,경기도 안양시 동안구 달안로 62 605동 112호,14046,031-388-4147,031-388-4147,2,0,2,0,10,N,,37.39458864,126.9523205,20250725
에버그린어린이집,경기도,안양시동안구,민간,경기도 안양시 동안구 임곡로 78 ,13916,031-469-4609,031-469-4607,14,7,18,33,205,N,www.evergreen2009.co.kr,37.40617064,126.934133,20250725
더샵어린이집,경기도,안양시동안구,민간,경기도 안양시 동안구 시민대로327번길 55 ,14055,031-424-4820,070-8233-4820,6,0,15,15,47,N,,37.40010671,126.9629785,20250725
상록키즈어린이집,경기도,안양시동안구,민간,경기도 안양시 동안구 부림로 52 (초원LG아파트),14069,031-425-1717,031-421-5254,7,2,16,9,67,N,sangrokkids.kidis.co.kr,37.38976462,126.9686975,20250725
사랑나무어린이집,경기도,안양시동안구,가정,"경기도 안양시 동안구 경수대로 581 114동 104호 (호계동,어바인퍼스트아파트)",14116,031-455-3874,031-455-3873,4,1,11,7,20,N,http://blog.naver.com/nnamch,37.3742395,126.9567462,20250725
어바인다온어린이집,경기도,안양시동안구,가정,"경기도 안양시 동안구 경수대로 583 211동 105호(호계동, 어바인퍼스트아파트)",14114,031-427-9336,--,3,1,3,5,15,N,,37.37593159,126.9546101,20250725
세종어린이집,경기도,안양시동안구,가정,경기 안양시 동안구 호계1동 957-42 광성 102호 ,14116,031-457-5039,031-477-9835,0,0,0,0,20, ,,,,20250725
봄빛어린이집,경기도,안양시동안구,가정,"경기도 안양시 동안구 임곡로 43 107동 106호(비산동, 그린빌주공아파트)",13916,031-465-2553,--,3,1,4,0,20,Y,,37.403835,126.932526,20250725
꿈초롱어린이집,경기도,안양시동안구,가정,"경기도 안양시 동안구 부림로 55 304동 101호(평촌동, 초원마을대원3단지아파트)",14070,031-346-2355,031-346-2355,3,0,4,7,17,N,,37.38876393,126.9666653,20250725
아이좋은빅스맘어린이집,경기도,안양시동안구,가정,"경기도 안양시 동안구 임곡로 16 206동 101호((비산동,임곡휴먼시아)",13924,031-444-4405,0504-030-8587,4,0,4,0,19,N,https://blog.naver.com/white8587,37.40180995,126.9315535,20250725
예솔어린이집,경기도,안양시동안구,가정,"경기도 안양시 동안구 관평로138번길 63 705동 106호(평촌동, 초원마을부영7단지아파트)",14068,031-387-0190,031-387-0190,4,0,4,5,16,N,,37.39186204,126.9648548,20250725
문화베이비어린이집,경기도,안양시동안구,가정,"경기도 안양시 동안구 달안로 124 404동 102호(관양동, 한가람신라4단지아파트)",14052,031-381-5398,0505-380-5398,3,0,3,0,13,N,,37.39696958,126.9567918,20250725
영재어린이집,경기도,안양시동안구,가정,경기도 안양시 동안구 일동로126번길 20 102호,13931,031-423-8825,031-423-8825,3,3,4,5,12,Y,,37.40712489,126.9620559,20250725
예송어린이집,경기도,안양시동안구,가정,"경기도 안양시 동안구 학의로 390 112동 106호(평촌동, 인덕원푸른마을대우아파트)",14061,031-424-7597,031-424-7597,4,0,4,0,20,N,,37.39482883,126.9791106,20250725
예아랑어린이집,경기도,안양시동안구,가정,경기도 안양시 동안구 경수대로797번길 12 한마음임광아파트 101동104호 시설전용 (호계동),14040,031-429-2859,031-429-2854,4,0,4,0,19,N,블로그*******************,37.39110867,126.9439549,20250725
분홍탑어린이집,경기도,안양시동안구,가정,"경기도 안양시 동안구 학의로 168 505동 102호(관양동, 공작마을럭키5단지아파트)",14050,031-383-5539,031-383-5539,2,0,0,0,11,N,,37.39871488,126.9594455,20250725
아이들세상어린이집,경기도,안양시동안구,가정,"경기도 안양시 동안구 흥안대로434번길 24 204동 102호(평촌동, 인덕원대림2차아파트)",14063,031-426-0155,031-426-0155,4,2,4,8,20,N,다음 -평촌아이들세상어린이집,37.39148199,126.9769911,20250725
큰사랑어린이집,경기도,안양시동안구,가정,"경기도 안양시 동안구 경수대로733번길 15 102동 104호(호계동, 호계현대홈타운1차아파트)",14077,031-453-9947,0504-404-9940,4,2,4,8,20,N,,37.38591746,126.9489896,20250725
빨강토마토어린이집,경기도,안양시동안구,가정,"경기도 안양시 동안구 경수대로 458 211동 103호(호계동, 호계현대홈타운2차아파트)",14125,031-342-8598,--,3,0,4,0,20,N,cafe.naver.com/pinktomato,37.36516789,126.9605208,20250725
노란민들레 어린이집,경기도,안양시동안구,가정,"경기도 안양시 동안구 경수대로 458 220동 101호(호계동, 호계현대홈타운2차아파트)",14125,031-347-8598,--,3,0,4,8,20,Y,,37.36619936,126.9608489,20250725
소망어린이집,경기도,안양시,법인·단체등,경기도 안양시 동안구 평촌대로 403 (비산동),13918,031-388-6336,031-388-6339,5,1,5,8,54,N,,37.40686978,126.9496977,20250725
박달어린이집,경기도,안양시,국공립,경기도 안양시 만안구 박달로472번길 46 복지회관 1층 박달어린이집 (박달동),14016,031-444-3049,031-444-3048,4,1,7,11,60,N,,37.40170548,126.9031457,20250725
만안어린이집,경기도,안양시만안구,민간,경기도 안양시 만안구 안양로395번길 11 (안양동),13988,031-449-1572,031-449-1573,2,0,0,0,31, ,,37.40581409,126.9146204,20250725
자람몬테소리어린이집,경기도,안양시만안구,민간,경기도 안양시 만안구 예술공원로63번길 13-1 1층,13957,031-472-4342,031-360-4341,4,0,6,10,35,Y,키즈노트,37.41327522,126.9154492,20250725
분홍어린이집,경기도,안양시동안구,민간,경기도 안양시 동안구 관악대로388번길 11 분홍어린이집 (관양동),13947,031-422-7179,031-422-7179,4,1,0,0,62,Y,,37.40427336,126.9662066,20250725
은성어린이집,경기도,안양시동안구,민간,경기도 안양시 동안구 경수대로 430 단지내 노유자 시설 은성어린이집,14126,031-452-5050,031-452-1118,4,0,6,10,45,N,,37.36323128,126.9608027,20250725
뜨란채어린이집,경기도,안양시만안구,민간,경기도 안양시 만안구 안양천서로 289 주공뜨란채관리동,13994,031-441-9090,031-441-9090,3,0,4,12,26,N,,37.40029087,126.9257968,20250725
선범어린이집,경기도,안양시만안구,민간,경기도 안양시 만안구 석수로16번길 32-18 ,13970,031-472-6958,031-472-6958,4,0,0,0,38,Y,http://cafe.daum.net/j5377j,37.4107158,126.9104052,20250725
동안양어린이집,경기도,안양시,법인·단체등,경기 안양시 동안구 비산3동 1047-7 ,13935,031-388-3949,031-388-3949,4,0,0,0,43, ,,,,20250725
청명어린이집,경기도,안양시만안구,민간,경기도 안양시 만안구 안양로 209 (안양동),14030,031-466-5404,031-468-6547,10,1,16,25,145,Y,,37.39201972,126.9266512,20250725
학림어린이집,경기도,안양시만안구,민간,경기도 안양시 만안구 양화로 90 2층 학림어린이집,14004,031-441-7766,031-441-7766,5,0,5,0,39,Y,blog.naver.com/haklim7766,37.40118127,126.9117235,20250725
노총샛별어린이집,경기도,안양시만안구,민간,경기도 안양시 만안구 안양로 3 한국노총 (안양동),14096,031-441-8700,031-468-5545,9,1,11,18,99,Y,,37.37703899,126.9400405,20250725
동심어린이집,경기도,안양시동안구,가정,경기도 안양시 동안구 흥안대로155번길 100-1 (전용) (호계동),,031-455-1670,031-455-1670,2,0,0,0,13,N,,37.37671273,126.9597484,20250725
현대한사랑어린이집,경기도,안양시동안구,가정,"경기도 안양시 동안구 귀인로 213 110동 103호 (평촌동, 향촌현대아파트)",14071,031-386-1396,--,4,0,4,0,19,N,,37.38650088,126.9617657,20250725
중앙어린이집,경기도,안양시동안구,민간,경기도 안양시 동안구 관평로138번길 13 평촌중앙교회 내 중앙어린이집,14068,031-385-3000,031-381-0676,4,0,8,0,47,Y,https://cafe.naver.com/jungangchild,37.39029133,126.9628821,20250725
송원어린이집,경기도,안양시만안구,민간,경기도 안양시 만안구 박달로472번길 57 (박달동),14016,031-444-6017,031-448-6017,11,1,13,16,99,Y,키즈노트,37.40121847,126.9032679,20250725
하은별 어린이집,경기도,안양시만안구,가정,경기도 안양시 만안구 연현로 109 두산위브아파트 104동 102호,13902,031-474-3456,031-474-3456,3,0,4,5,15,N,,37.43259536,126.9013741,20250725
삼성래미안어린이집,경기도,안양시만안구,민간,경기도 안양시 만안구 안양천서로 311 관리동1층,13994,031-464-3500,070-7596-3500,4,4,4,12,31,N,,37.40372205,126.923199,20250725
세모네모어린이집,경기도,안양시만안구,가정,경기도 안양시 만안구 석수로178번길 25 (석수동),13975,031-472-3558,031-472-3559,4,1,5,0,20,Y,,37.40667139,126.8970404,20250725
그린어린이집,경기도,안양시만안구,민간,경기 안양시 만안구 안양3동 695-1 ,14005,031-466-4794,--,1,0,0,0,39, ,,,,20250725
초록어린이집,경기도,안양시동안구,가정,"경기도 안양시 동안구 관평로 122 206동 104호(평촌동, 초원마을대림2단지아파트)",14070,031-384-9422,--,3,0,4,7,20,N,**********************,37.38766383,126.9645263,20250725
우주어린이집,경기도,안양시동안구,가정,경기 안양시 동안구 호계2동 928-10번지 ,14081,031-453-7909,031-453-7909,2,1,0,0,6, ,,,,20250725
아이편한어린이집,경기도,안양시동안구,가정,"경기도 안양시 동안구 경수대로 430 104동 104호(호계동, 호계대림E편한세상아파트)",14126,031-427-8487,031-427-8487,3,0,4,0,20,N,,37.36741359,126.9588077,20250725
미키와친구들어린이집,경기도,안양시동안구,가정,"경기도 안양시 동안구 학의로 98 201동 103호(비산동, 샛별마을한양4차2단지아파트)",14043,031-385-9528,031-382-9528,4,0,3,0,20,N,,37.39914,126.9508,20250725
햇님어린이집,경기도,안양시동안구,가정,"경기도 안양시 동안구 달안로 62 605동 112호 (비산동,한양샛별아파트)",14046,031-388-4140,031-382-4140,2,0,2,6,11,N,,37.39493877,126.9492711,20250725
아이누리어린이집,경기도,안양시동안구,가정,"경기도 안양시 동안구 학의로 390 102동 101호(평촌동, 인덕원푸른마을대우아파트)",14061,031-422-6236,--,4,0,4,7,19,N,,37.39580588,126.9783056,20250725
늘봄어린이집,경기도,안양시동안구,가정,"경기도 안양시 동안구 학의로 98 203동 102호(비산동, 샛별마을한양4차2단지아파트)",14043,031-384-0176,031-384-0176,3,0,4,0,20,N,,37.39810224,126.9513922,20250725
아기사랑 어린이집,경기도,안양시동안구,가정,경기도 안양시 동안구 관평로212번길 21 공작부영아파트 311동105호(살림겸용) (관양동),14051,031-476-3339,--,3,0,4,0,16,N,네이버카페(평촌아기사랑어린이집),37.39749843,126.9592376,20250725
협심어린이집,경기도,안양시,국공립,경기도 안양시 만안구 능곡로 21 (안양동),14022,031-449-4701,031-447-4235,7,1,16,16,80,N,협심어린이집.com,37.39309922,126.9141217,20250725
신안양어린이집,경기도,안양시,국공립,경기도 안양시 만안구 경수대로 1159 다목적복지회관내 (안양동),13958,031-474-7565,031-474-7566,7,2,24,20,93,N,,37.41443236,126.9186546,20250725
연성어린이집,경기도,안양시,국공립,경기도 안양시 만안구 냉천로157번길 18 (안양동),13998,031-445-1133,031-445-1134,6,1,14,12,77,N,yonsung.com,37.39429784,126.9208447,20250725
은빛소리어린이집,경기도,안양시만안구,민간,경기도 안양시 만안구 안양로343번길 89 은빛소리어린이집 (안양동),14005,031-441-7600,031-445-2040,4,0,7,0,44,Y,,37.40177667,126.9134656,20250725
이솝 어린이집,경기도,안양시만안구,민간,경기도 안양시 만안구 양화로 97 (박달동),14009,031-444-8467,031-466-7788,7,1,6,0,59,Y,,37.40157337,126.9108584,20250725
키즈사랑어린이집,경기도,안양시만안구,민간,경기도 안양시 만안구 박달우회로138번길 18 (박달동),13986,031-466-3329,031-443-0020,7,1,9,0,76,Y,,37.40670988,126.9102271,20250725
현진어린이집,경기도,안양시만안구,가정,"경기도 안양시 만안구 연현로 75 101동 101호(석수동, 현진에버빌)",13903,031-472-3243,031-472-4243,4,0,5,0,20,N,,37.43055138,126.9023983,20250725
숙명어린이집,경기도,안양시만안구,민간,경기도 안양시 만안구 양화로135번길 96 (박달동),13981,031-448-8330,031-448-8331,7,1,11,9,85,Y,,37.40446937,126.9041309,20250725
뽀뽀뽀어린이집,경기도,안양시만안구,민간,경기도 안양시 만안구 안양로560번길 21 (석수동),13962,031-472-6751,031-472-6751,4,0,0,0,24,Y,,37.41975771,126.9072635,20250725
동아어린이집,경기도,안양시동안구,민간,경기도 안양시 동안구 일동로 152 (관양동),13938,031-423-1383,031-424-1610,5,0,7,0,80,Y,,37.40651617,126.9635395,20250725
포도원어린이집,경기도,안양시동안구,민간,경기도 안양시 동안구 포도원로 32 포도원어린이집 (호계동),14128,031-452-3832,031-935-0431,3,0,0,0,23,Y,,37.36232617,126.9634228,20250725
호계어린이집,경기도,안양시,국공립,경기도 안양시 동안구 흥안대로 147 (호계동),14111,031-455-3608,031-453-3608,7,0,33,14,95,N,,37.37214839,126.9588692,20250725
동부어린이집,경기도,안양시동안구,민간,경기도 안양시 동안구 일동로 212 (관양동),13939,031-422-1028,070-4015-4991,10,1,30,12,143,Y,,37.40532678,126.9693119,20250725
천재어린이집,경기도,안양시만안구,민간,경기도 안양시 만안구 양화로 120-1 (),13987,031-466-5673,031-466-5672,6,1,11,0,89,Y,,37.40349083,126.9101755,20250725
홍익어린이집,경기도,안양시만안구,가정,경기도 안양시 만안구 석수로26번길 11 1층 (석수동),13970,031-471-1020,031-472-2030,3,1,12,0,20,Y,,37.4093134,126.9079246,20250725
좋은이웃어린이집,경기도,안양시동안구,민간,경기도 안양시 동안구 관평로319번길 52 (관양동),13936,031-381-4167,031-385-9116,6,1,12,15,99,N,,37.40493612,126.9549871,20250725
엄마사랑어린이집,경기도,안양시,국공립,경기도 안양시 만안구 덕천로 94-9 안양7동복지회관 1층 (안양동),14086,031-468-2666,031-468-2667,4,0,6,11,31,N,,37.38968223,126.9350062,20250725
새동산어린이집,경기도,안양시만안구,민간,경기도 안양시 만안구 안양로372번길 40 새동산 어린이집 (안양동),13991,031-444-0033,031-444-0033,6,1,8,0,30,Y,http://cafe.naver.com/goodsds,37.40339613,126.9182109,20250725
우일어린이집,경기도,안양시,국공립,경기도 안양시 만안구 양화로127번길 9 (박달동),13984,031-445-0305,031-445-0306,5,1,6,13,65,N,,37.40363828,126.9091636,20250725
안양어린이집,경기도,안양시,국공립,경기도 안양시 만안구 냉천로193번길 41 (안양동),14002,031-449-2003,031-444-2514,4,2,15,11,57,N,http://cafe.daum.net/kidanyang2003,37.39610132,126.9176581,20250725
율목어린이집,경기도,안양시,국공립,경기도 안양시 만안구 병목안로130번길 166 율목종합사회복지관 (안양동),14019,031-466-9124,031-466-0124,4,1,5,10,50,N,,37.39312116,126.9084328,20250725
안양시청어린이집,경기도,안양시,직장,경기도 안양시 동안구 시민대로 235 (관양동),14053,031-8045-2760,031-8045-2761,8,1,16,21,99,N,http://cafe.daum.net/anyangcityangel,37.39434896,126.9568564,20250725
평촌트리지아 신기어린이집,경기도,안양시,국공립,경기도 안양시 동안구 귀인로80번길 193 평촌트리지아3단지아파트,14082,031-452-0525,031-429-0520,4,1,16,14,59,N, http://singi.kid.ph    ,37.37661356,126.9592755,20250725
매곡어린이집,경기도,안양시,국공립,경기도 안양시 동안구 매곡로 1 시립매곡어린이집 (비산동),13917,031-385-1385,031-385-1386,6,2,19,19,88,N,,37.40503108,126.9428638,20250725
예쁜동화나라어린이집,경기도,안양시만안구,민간,경기도 안양시 만안구 석천로 200-1 ,13965,031-471-5001,031-471-2557,11,1,16,27,196,Y,,37.41328846,126.9109102,20250725
수퍼키즈어린이집,경기도,안양시만안구,민간,경기도 안양시 만안구 안양로329번길 37 (안양동),14006,031-445-6659,031-445-6659,4,0,5,0,27,Y,,37.4007524,126.9172234,20250725
평촌서머힐어린이집,경기도,안양시동안구,민간,경기도 안양시 동안구 경수대로570번길 61-17 ,14109,031-452-0411,031-452-0411,5,1,6,0,63,N,http://www.sumhill.co.kr,37.37520598,126.9605483,20250725
안양성은어린이집,경기도,안양시만안구,민간,경기도 안양시 만안구 태평로 110 안양성은교회1층 (안양동),13995,031-443-4902,031-443-4907,4,0,9,10,49,Y,club.cyworld.com/sekids,37.3986959,126.9257857,20250725
꿈마니어린이집,경기도,안양시만안구,민간,경기 안양시 만안구 안양7동 151-5번지 2층 꿈마니 어린이집 ,,031-445-2961,031-445-2961,4,0,0,0,39, ,,,,20250725
옥스포드숲어린이집,경기도,안양시만안구,민간,경기도 안양시 만안구 와룡로3번길 35 옥스포드숲어린이집 (석수동),13975,031-472-3087,031-472-0312,14,2,18,20,171,Y,,37.40476866,126.8964922,20250725
안양삼성어린이집,경기도,안양시,사회복지법인,경기도 안양시 만안구 양화로6번길 33 (안양동),14003,031-447-9693,031-441-4420,5,2,23,20,103,N,,37.39557811,126.917177,20250725
비산동그라미어린이집,경기도,안양시동안구,민간,경기도 안양시 동안구 평촌대로396번길 17 ,13934,031-388-4697,031-388-2020,8,3,14,0,99,Y,,37.40615522,126.9511199,20250725
꼬마대통령어린이집,경기도,안양시동안구,가정,"경기도 안양시 동안구 경수대로797번길 12 205-102(호계동, 한마음임광2차아파트)",14040,031-427-7976,--,4,0,4,6,17,N,,37.39106212,126.9446933,20250725
평촌엘프라우드 꿈샘어린이집,경기도,안양시,국공립,경기도 안양시 동안구 운곡로 60 1층(비산동),13921,031-388-7774,--,5,0,13,12,48,N,,37.56647,126.977963,20250725
한숲어린이집,경기도,안양시만안구,가정,"경기도 안양시 만안구 박달로 344 103동 102호(박달동, 대림한숲타운)",14014,031-464-0588,0504-013-5442,3,0,4,0,20,Y,키즈노트,37.40411192,126.8926514,20250725
베이비스쿨어린이집,경기도,안양시만안구,가정,"경기도 안양시 만안구 박달로525번길 20-13 101동 104호(박달동, 세창짜임아파트)",13987,031-445-0579,031-445-0579,3,0,4,0,17,Y,,37.40392783,126.9112501,20250725
천사나라어린이집,경기도,안양시만안구,가정,"경기도 안양시 만안구 경수대로 1193 111동 104호(석수동, 석수대림)",13961,031-474-9790,--,3,0,4,5,20,N,,37.41487518,126.9140412,20250725
성원디즈니어린이집,경기도,안양시만안구,가정,"경기도 안양시 만안구 병목안로 81 103동 105호(안양동, 성원1차아파트)",14021,031-443-1728,--,3,0,4,6,15,N,*********************,37.3941703,126.9136957,20250725
해솔어린이집,경기도,안양시만안구,가정,"경기도 안양시 만안구 경수대로 1241 103동 103호(석수동, 경남아너스빌)",13961,031-473-4343,031-473-4343,4,0,4,0,20,N,,37.41749479,126.9115203,20250725
슬기샘어린이집,경기도,안양시동안구,가정,"경기도 안양시 동안구 안양천동로 162 105동 102호 (비산동, 힐스테이트아파트)",14039,031-466-6040,031-466-6040,4,0,4,7,20,N,,37.39379927,126.9408019,20250725
금호어울림어린이집,경기도,안양시동안구,가정,"경기도 안양시 동안구 호성로 20 101동 106호 (호계동, 금호어울림아파트)",14128,***-****-****,--,4,0,4,1,19,N,,37.36299012,126.9628163,20250725
친구야놀자어린이집,경기도,안양시,협동,경기도 안양시 동안구 일동로 152 (관양동),13938,070-4032-7959,031-385-7959,4,0,0,4,20,N,https://friendsplay.modoo.at/,37.40772688,126.9430474,20250725
사랑주는어린이집,경기도,안양시동안구,가정,"경기도 안양시 동안구 경수대로665번길 51 101동106호(호계동,세창짜임아파트)",14082,031-458-6730,031-458-6730,3,2,4,8,19,N,,37.38118996,126.9525853,20250725
솔로몬어린이집,경기도,안양시동안구,가정,"경기도 안양시 동안구 동안로 280 12동 109호(비산동, 뉴타운아파트)",13919,031-384-8369,--,3,0,4,0,15,N,,37.40665582,126.9509714,20250725
꿈동이어린이집,경기도,안양시동안구,가정,"경기도 안양시 동안구 관평로138번길 63 707동 107호(평촌동, 초원아파트)",14068,031-384-8583,--,3,3,4,6,16,N,,37.39286994,126.963768,20250725
미키베이비어린이집,경기도,안양시동안구,가정,"경기도 안양시 동안구 학의로 98 201동 105호(비산동, 샛별마을한양4차2단지아파트)",14043,031-384-9384,0504-187-0041,3,0,4,8,20,N,,37.39914,126.9508,20250725
꼬꼬마숲어린이집,경기도,안양시동안구,가정,"경기도 안양시 동안구 학의로 46 210동 101호(비산동, 관악부영4차아파트)",14044,031-385-3537,031-385-3537,3,0,4,6,20,N,,37.39657824,126.9444003,20250725
에디슨어린이집,경기도,안양시동안구,가정,경기 안양시 동안구 평안동 초원대원아파트 309동105호(살림겸용) ,14070,031-383-0305,031-383-0305,4,0,0,0,20, ,,,,20250725
예쁜마당어린이집,경기도,안양시동안구,가정,경기도 안양시 동안구 관악대로318번길 11 ,13945,031-348-0110,031-348-0110,4,0,4,0,14,N,,37.40267937,126.9586068,20250725
엘지몬테소리어린이집,경기도,안양시만안구,가정,"경기도 안양시 만안구 연현로79번길 105 106동 101호(석수동, 석수LG빌리지아파트)",13903,031-472-5657,--,3,0,4,0,20,N,,37.42705,126.903076,20250725
키즈원어린이집,경기도,안양시만안구,가정,"경기도 안양시 만안구 안양천서로 289 111동 105호(안양동, 주공뜨란채아파트)",13994,031-466-1030,0504-173-7686,3,0,4,7,19,N,,37.40029087,126.9257968,20250725
아가어린이집,경기도,안양시만안구,가정,"경기도 안양시 만안구 박달로 403 103동 103호(박달동, 한일유앤아이아파트)",13978,031-443-7581,--,4,0,4,1,17,N,,37.40238159,126.8980193,20250725
아이뜰 어린이집,경기도,안양시동안구,가정,경기도 안양시 동안구 귀인로 210 현대홈타운 105-102 (전용) (평촌동),14103,031-386-7807,031-386-7807,3,0,4,0,20,N,,37.38611775,126.9599222,20250725
하랑어린이집,경기도,안양시동안구,가정,"경기도 안양시 동안구 학의로 168 506동 103호(관양동, 공작럭키아파트)",14050,031-387-2730,031-387-2730,2,1,3,0,11,N,,37.40128334,126.9573263,20250725
아이미소어린이집,경기도,안양시동안구,가정,"경기도 안양시 동안구 관악대로388번길 24 A동105호(관양동,신태양아파트)",13947,031-8091-5252,031-8091-5252,2,0,3,0,13,N,gagg1019@hanmAIL,37.40338729,126.9658728,20250725
동편누리어린이집,경기도,안양시동안구,민간,경기도 안양시 동안구 동편로92번길 44 (관양동),13928,031-425-2666,031-426-2665,11,2,18,24,151,N,www.dongpyeonnuri.com,37.41329009,126.9724253,20250725
하트아이비어린이집,경기도,안양시동안구,가정,"경기도 안양시 동안구 동안로 35 112동 107호(호계동, 무궁화한양A)",14100,031-346-0901,--,3,0,0,0,13,N,,37.382537,126.9534482,20250725
두산위브더아티움늘해랑어린이집,경기도,안양시,국공립,경기도 안양시 만안구 예술공원로 51-7 1층,13957,031-472-7776,031-471-7774,5,1,10,14,36,N,,37.41228282,126.9164791,20250725
평촌센텀퍼스트 어린이집,경기도,안양시,국공립,경기도 안양시 동안구 갈산로 15 1층(호계동),14111,031-455-6633,031-453-6622,5,0,10,13,51,N,,37.3742287,126.9610719,20250725
아해뜰 어린이집,경기도,안양시동안구,가정,경기 안양시 동안구 평촌동 인덕원대림2차아파트 대림2차208동102호(살림겸용) ,14063,031-421-2552,--,3,0,0,0,20, ,,,,20250725
푸른초장어린이집,경기도,안양시동안구,민간,경기도 안양시 동안구 엘에스로116번길 56 ,14118,070-8819-8019,--,5,2,6,0,50,Y,,37.56647,126.977963,20250725
푸르지오어린이집,경기도,안양시동안구,민간,경기도 안양시 동안구 엘에스로116번길 56 ,14118,070-8819-8019,--,6,2,6,13,50,Y,,37.37412029,126.9511889,20250725
봄빛어린이집,경기도,안양시동안구,가정,"경기도 안양시 동안구 경수대로 581 122동 104호 (호계동, 평촌어바인퍼스트아파트)",14116,031-346-2303,--,4,1,4,12,20,N,,37.36972126,126.9545715,20250725
어바인키즈어린이집,경기도,안양시동안구,가정,"경기도 안양시 동안구 경수대로 581 115동 102호 (호계동, 어바인퍼스트아파트)",14116,031-455-7940,031-427-0050,4,1,4,7,20,N,,37.3742395,126.9567462,20250725
창의나라어린이집,경기도,안양시동안구,가정,"경기도 안양시 동안구 관악대로 133 143동 103호(비산동, 삼성래미안)",13922,031-442-1445,--,4,0,4,0,16,N,,37.399414,126.93866,20250725
꿈나래어린이집,경기도,안양시동안구,가정,"경기도 안양시 동안구 동안로 40 201동 105호(호계동, 무궁화마을금호2단지아파트)",14099,031-388-8947,031-388-8947,4,2,4,0,19,N,,37.38274329,126.9563442,20250725
위드어린이집,경기도,안양시동안구,가정,"경기도 안양시 동안구 달안로 110 502동101호(관양동, 한가람세경아파트)",14052,031-383-8539,031-383-8539,3,0,3,0,13,N,,37.39695944,126.9554492,20250725
하늘아이어린이집,경기도,안양시동안구,가정,"경기도 안양시 동안구 관악대로330번길 9-17 101호 (관양동, 태양빌라)",13945,031-422-2645,--,2,0,0,0,10,N,,37.40314231,126.9606679,20250725
키즈솔어린이집,경기도,안양시동안구,가정,"경기도 안양시 동안구 평촌대로211번길 21 306동102호(호계동, 목련아파트)",14075,031-347-6100,031-8068-6011,3,0,4,6,15,N,http://cafe.naver.com/kidspinetree2,37.38864146,126.9559556,20250725
한울어린이집,경기도,안양시동안구,가정,"경기도 안양시 동안구 동편로 110 306동101호(관양동, 휴먼시아아파트)",13928,031-348-2772,--,4,0,4,0,20,N,,37.41204712,126.9698035,20250725
금호어린이집,경기도,안양시동안구,가정,경기도 안양시 동안구 관평로 88 802-102,14102,031-342-9313,--,5,0,0,0,20,N,,37.38646053,126.9649904,20250725
해나어린이집,경기도,안양시동안구,가정,"경기도 안양시 동안구 평촌대로179번길 30 506동 103호(호계동, 목련아파트)",14075,070-8658-0457,--,3,0,3,6,15,N,,37.38770415,126.9552922,20250725
화인키즈어린이집,경기도,안양시동안구,가정,"경기도 안양시 동안구 안양천동로 162 104동 102호(비산동, 비산힐스테이트아파트)",14039,031-447-1700,--,4,0,4,0,20,N,,37.39414178,126.9410411,20250725
꿈마을어린이집,경기도,안양시동안구,가정,"경기도 안양시 동안구 귀인로 258 106동107호(평촌동, 꿈마을라이프아파트)",14102,031-387-8676,--,4,0,4,0,20,N,,37.38767559,126.9666158,20250725
정원어린이집,경기도,안양시동안구,가정,"경기도 안양시 동안구 학의로 98 205동101호(비산동, 샛별아파트)",14043,031-348-2239,--,2,0,0,0,9,N,,37.39876974,126.9493314,20250725
동편하은별어린이집,경기도,안양시동안구,민간,"경기도 안양시 동안구 동편로 135 (관양동, 휴먼시아아파트관리동)",13930,031-360-0181,070-8260-0181,7,1,9,13,57,Y,,37.40989141,126.9680016,20250725
큰나무어린이집,경기도,안양시동안구,가정,"경기도 안양시 동안구 달안로 112 504동105호(관양동, 한가람세경아파트)",14052,031-382-3546,031-382-3546,3,0,3,0,11,N,,37.39812333,126.9548928,20250725
미리내어린이집,경기도,안양시동안구,가정,"경기도 안양시 동안구 안양판교로 42 106동104호(관양동,인덕원마을삼성아파트)",13943,031-426-1231,--,4,0,4,0,17,N,,37.39804381,126.9786454,20250725
아이생각어린이집,경기도,안양시동안구,가정,"경기도 안양시 동안구 학의로 20 114동101호(비산동, 관악동성아파트)",14044,031-384-1131,--,4,0,4,6,20,N,,37.39481413,126.9450789,20250725
꿈현대어린이집,경기도,안양시동안구,가정,"경기도 안양시 동안구 부림로 13 601동101호(평촌동, 현대아파트)",14102,031-382-9609,--,5,0,0,0,20,N,,37.38474974,126.968889,20250725
파랑새어린이집,경기도,안양시동안구,가정,"경기도 안양시 동안구 달안로 110 511동105호(관양동, 한가람세경아파트)",14052,031-382-5420,--,3,0,3,0,13,N,,37.40097867,126.957317,20250725
알콩달콩어린이집,경기도,안양시동안구,가정,"경기도 안양시 동안구 달안로 110 503동106호 (관양동, 한가람세경)",14052,031-385-6952,--,3,0,3,0,11,N,,37.39695944,126.9554492,20250725
문화몬테소리어린이집,경기도,안양시동안구,가정,"경기도 안양시 동안구 달안로 124 404동 101호(관양동, 한가람신라4단지아파트)",14052,031-381-5398,0505-380-5398,3,0,4,0,14,N,,37.39696958,126.9567918,20250725
키움어린이집,경기도,안양시동안구,가정,"경기도 안양시 동안구 학의로 20 118동 101호(비산동, 관악)",14044,031-388-5615,--,4,0,4,7,20,N,,37.39481088,126.943222,20250725
아이세상어린이집,경기도,안양시동안구,가정,"경기도 안양시 동안구 경수대로 430 106동 104호(호계동, 호계대림E편한세상아파트)",14126,031-477-1157,031-459-1157,4,0,4,0,20,N,http://cafe.naver.com/anyangisesan,37.36741359,126.9588077,20250725
키즈스쿨어린이집,경기도,안양시동안구,가정,"경기도 안양시 동안구 달안로 125 104동 102호(관양동, 한가람두산1단지아파트)(살림겸용)",14049,031-382-4562,031-382-4562,4,0,4,0,20,N,,37.39838637,126.9560121,20250725
은하수아름어린이집,경기도,안양시동안구,가정,"경기도 안양시 동안구 시민대로159번길 58 207동 104호(비산동, 은하수마을벽산2단지아파트)",14045,031-386-7942,031-386-7942,4,0,4,0,17,N,****-***************,37.39238569,126.9473148,20250725
대원뽀뽀뽀어린이집,경기도,안양시동안구,가정,"경기도 안양시 동안구 부림로 55 304동 101호(평촌동, 초원마을대원3단지아파트)",14070,031-384-3977,031-384-3977,4,1,4,0,20,N,,37.38766383,126.9645263,20250725
주공아이조아어린이집,경기도,안양시만안구,가정,"경기도 안양시 만안구 안양천서로 289 108동 104호(안양동, 주공뜨란채아파트)",13994,031-347-7988,031-347-7988,3,0,0,0,20,N,,37.40029087,126.9257968,20250725
밝은햇살어린이집,경기도,안양시만안구,가정,"경기도 안양시 만안구 경수대로 1193 111동 101호(석수동, 석수대림)",13961,031-474-2028,031-474-2028,3,0,4,5,20,N,,37.41487518,126.9140412,20250725
사랑어린이집,경기도,안양시만안구,가정,경기도 안양시 만안구 병목안로130번길 64-3 ,14019,031-442-2082,--,4,0,4,0,10,N,,37.39237603,126.9057548,20250725
온새미로어린이집,경기도,안양시만안구,가정,"경기도 안양시 만안구 경수대로1394번길 11 102동 103호(석수동, 석수2차E편한세상)",13907,031-471-1807,031-472-0325,3,0,4,4,20,N,onse.co.kr,37.43150114,126.9046386,20250725
래미안아이사랑어린이집,경기도,안양시만안구,가정,"경기도 안양시 만안구 안양천서로 311 106동 103호(안양동, 삼성래미안아파트)",13994,031-464-0085,031-464-0085,3,0,4,0,17,N,,37.40221652,126.9241214,20250725
별나무어린이집,경기도,안양시만안구,가정,"경기도 안양시 만안구 병목안로 103 203동 102호(안양동, 프라자아파트)",14020,031-465-3256,031-465-3256,2,0,0,0,17,N,,37.39358648,126.9121383,20250725
초록아이어린이집,경기도,안양시만안구,가정,"경기도 안양시 만안구 능곡로 36 103동 107호(안양동, 우성1차아파트)",14022,031-466-0603,--,3,0,4,0,16,N,,37.39144113,126.9136159,20250725
효성어린이집,경기도,안양시동안구,가정,"경기도 안양시 동안구 시민대로110번길 43 101동 102호(호계동, 범계마을효성아파트)",14077,031-429-1128,070-7582-1128,3,0,4,8,20,N,*********************,37.38529203,126.9474592,20250725
짝꿍어린이집,경기도,안양시동안구,가정,"경기도 안양시 동안구 달안로 153 203동 108호(관양동, 공작성일아파트)",14050,031-384-7207,--,3,0,4,8,16,N,,37.39958249,126.9581054,20250725
EQ꼬마동이어린이집,경기도,안양시동안구,가정,"경기도 안양시 동안구 동안로 11 711동 102호(호계동, 무궁화마을코오롱7단지아파트)",14100,031-342-2250,031-342-2250,4,4,4,10,20,N,****************,37.38018889,126.9556423,20250725
신라영재어린이집,경기도,안양시동안구,가정,"경기도 안양시 동안구 달안로 124 408동 104호(관양동, 한가람신라4단지아파트)",14052,031-385-1006,--,2,0,0,0,9,N,개설 못함,37.39696958,126.9567918,20250725
해오름베이비어린이집,경기도,안양시동안구,가정,"경기도 안양시 동안구 시민대로159번길 58 205동 102호(비산동, 은하수마을벽산2단지아파트)",14045,031-388-3283,031-388-3283,4,0,4,10,20,N,,37.39244216,126.9474886,20250725
조은어린이집,경기도,안양시동안구,가정,"경기도 안양시 동안구 동안로 283 5동 103호(비산동, 뉴타운아파트)",,031-381-5805,--,3,0,4,0,16,N,,37.40117736,126.945061,20250725
예닮어린이집,경기도,안양시동안구,가정,"경기도 안양시 동안구 관악대로263번길 60-7 나동 103호(비산동,동문빌라)",13935,070-8632-7705,031-385-0770,4,0,3,0,20,Y,,37.40514862,126.9523454,20250725
해늘어린이집,경기도,안양시동안구,가정,"경기도 안양시 동안구 경수대로797번길 5 103동 104호(호계동,한마음아파트)",14040,031-346-6373,031-346-6373,4,0,4,7,20,N,,37.38991396,126.9456666,20250725
하늘꿈어린이집,경기도,안양시동안구,가정,"경기도 안양시 동안구 안양판교로 40 112동 103호(관양동, 인덕원마을삼성아파트)",13943,031-422-1604,031-422-1615,3,0,4,0,17,N,,37.39845598,126.979259,20250725
기린어린이집,경기도,안양시동안구,가정,"경기도 안양시 동안구 평촌대로401번길 14-15 102호 (비산동, 동서빌라)",13918,031-388-5044,031-388-5044,4,0,4,0,17,N,,37.40583028,126.9412487,20250725
코코가베어린이집,경기도,안양시동안구,가정,경기도 안양시 동안구 관악대로106번길 29 롯데낙천대아파트 102-101호 시설전용 (비산동),13954,031-388-7529,070-8866-7529,3,1,4,7,19,N,,37.39832099,126.9389498,20250725
꼬뜰어린이집,경기도,안양시동안구,가정,"경기도 안양시 동안구 경수대로 462 210동 104호(호계동, 호계2차현대홈타운)",14125,031-453-6001,--,4,2,5,8,20,N,https://blog.naver.com/raon10_01,37.36516789,126.9605208,20250725
일신어린이집,경기도,안양시동안구,가정,경기도 안양시 동안구 경수대로707번길 52 일신진흥아파트 101-103 시설전용 (호계동),14077,031-455-3874,031-455-3874,4,2,4,0,19,N,http://m. blog.naver.com/nnamch,37.38040588,126.9576661,20250725
아침해어린이집,경기도,안양시동안구,가정,"경기도 안양시 동안구 관평로 122 205동 103호(평촌동, 초원마을대림2단지아파트)",14070,031-346-4865,031-346-4865,3,0,4,0,19,N,http://cafe.naver.com/eunsun5177,37.38779925,126.9646332,20250725
나무아래어린이집,경기도,안양시만안구,가정,"경기도 안양시 만안구 안양천서로 177 202동103호 (안양동, 래미안안양메가트리아)",14038,031-346-0103,031-624-7103,4,0,4,7,20,N,,37.39409376,126.9348787,20250725
가나안어린이집,경기도,안양시만안구,가정,"경기도 안양시 만안구 소곡로 78 107동 106호(안양동,씨엘포레자이)",14090,031-444-4303,--,3,0,4,5,20,N,,37.38570704,126.9228885,20250725
씨엘어린이집,경기도,안양시만안구,민간,경기도 안양시 만안구 소곡로 78 101동 1층(씨엘포레자이아파트),14090,031-466-0225,--,6,1,21,13,60,N,,37.38761773,126.9236883,20250725
봄이랑어린이집,경기도,안양시만안구,가정,경기도 안양시 만안구 안양천서로 249 115동104호,13995,031-344-2500,--,3,0,4,6,18, ,,37.39707741,126.9292351,20250725
꼬마숲향기어린이집,경기도,안양시동안구,가정,"경기도 안양시 동안구 달안로 124 408동 102호(관양동, 한가람신라4단지아파트)",14052,031-385-1116,031-385-1116,4,0,0,0,13,N,http://www.littleforest.co.kr/home/Beomgye,37.39696958,126.9567918,20250725
코코맘어린이집,경기도,안양시동안구,가정,"경기도 안양시 동안구 동안로 11 705동 102호(호계동, 무궁화마을건영캐스빌7단지아파트)",14100,031-386-7920,02-895-8574,3,0,4,0,19,N,,37.38018889,126.9556423,20250725
해오름어린이집,경기도,안양시동안구,가정,"경기도 안양시 동안구 시민대로159번길 58 205동 103호(비산동, 은하수마을벽산2단지아파트)",14045,031-388-3288,031-388-3288,4,1,4,8,20,N,http://www.haeorumkids.com,37.39238569,126.9473148,20250725
꿈꾸는 샛별어린이집,경기도,안양시동안구,가정,"경기도 안양시 동안구 달안로 62 602동 102호(비산동, 샛별마을한양4차6단지아파트)",14046,031-383-8060,--,3,2,0,0,10,N,,37.39538,126.94954,20250725
사랑꿈어린이집,경기도,안양시동안구,가정,"경기도 안양시 동안구 경수대로610번길 31 608동 101호(호계동, 무궁화마을태영6단지아파트)",14108,031-429-0236,--,4,0,0,0,17,N,,37.37806644,126.9574297,20250725
방울토마토어린이집,경기도,안양시동안구,가정,"경기도 안양시 동안구 경수대로 462 223동 103호(호계동, 호계현대홈타운2차아파트)",14125,031-342-8599,--,4,0,4,0,19,N,http://cafe.naver.com/smalltomato,37.36614655,126.9612257,20250725
마이베이비어린이집,경기도,안양시동안구,가정,"경기도 안양시 동안구 평촌대로211번길 21 308동 102호(호계동, 목련아파트)",14075,031-388-2001,031-388-2001,3,0,3,0,15,N,,37.38892701,126.9556722,20250725
행복나무어린이집,경기도,안양시동안구,가정,"경기도 안양시 동안구 경수대로623번길 46 109동 102호(호계동, 럭키호계아파트)",14113,031-347-3579,031-347-3579,3,0,0,0,19,N,,37.37600438,126.951368,20250725
여디디아어린이집,경기도,안양시동안구,가정,경기도 안양시 동안구 매곡로28번길 16 1층,,031-384-5859,--,3,0,4,0,15,N,,37.4066082,126.944205,20250725
푸르미어린이집,경기도,안양시동안구,가정,"경기도 안양시 동안구 관평로 122 212동 102호(평촌동, 초원마을대림2단지아파트)",14070,031-466-1915,031-421-7602,4,0,4,0,19,N,,37.38766383,126.9645263,20250725
아이네오어린이집,경기도,안양시만안구,민간,경기도 안양시 만안구 수리산로18번길 28 (안양동),14092,031-447-0841,031-447-0842,11,3,20,28,136,Y,https://ineo0841.kidsnote.ac ,37.38641125,126.9291048,20250725
산마루어린이집,경기도,안양시만안구,가정,경기도 안양시 만안구 성결대학로45번길 24 대안탐스빌 산마루 아파트 101호 (안양동),14097,031-445-3221,031-445-3221,3,0,0,0,15,N,,37.38019614,126.9300445,20250725
작은갈대상자어린이집,경기도,안양시만안구,가정,"경기도 안양시 만안구 창박로 38 303동 105호(안양동, 현대홈타운)",14025,031-445-6655,--,3,0,4,0,13,Y,,37.39929095,126.9116357,20250725
선재마을어린이집,경기도,안양시동안구,가정,"경기도 안양시 동안구 부림로 80 607동 101호(평촌동, 초원마을한양6단지아파트)",14069,031-421-9214,--,4,0,4,7,20,N,,37.39113075,126.967783,20250725
한양어린이집,경기도,안양시동안구,가정,"경기도 안양시 동안구 학의로 120 306동 101호(관양동, 한가람한양3단지아파트)",14049,031-476-0251,--,3,0,4,0,19,N,,37.39916416,126.9530772,20250725
눈동자어린이집,경기도,안양시동안구,가정,"경기도 안양시 동안구 달안로 98 509동 107호(관양동, 한가람세경5단지아파트)",14052,031-388-4908,--,2,0,3,0,12,N,,37.39626578,126.9547438,20250725
늘사랑어린이집,경기도,안양시만안구,가정,경기도 안양시 만안구 삼성산길 10 석수역푸르지오아파트 관리동 1층,13907,031-471-2939,031-471-2939,4,0,4,6,20,N,,37.43311951,126.9046478,20250725
아이파크영재어린이집,경기도,안양시만안구,가정,경기도 안양시 만안구 충훈로71번길 6 석수아이파크 111동 104호(석수동),13973,031-474-7198,031-687-3689,4,0,4,8,20,N,,37.40730258,126.9008625,20250725
꼬마궁전어린이집,경기도,안양시만안구,가정,"경기도 안양시 만안구 박달로497번길 57 201동 104호(박달동, 한신휴플러스)",13981,031-469-8100,--,3,0,4,0,19,N,,37.40506596,126.905795,20250725
기쁨해어린이집,경기도,안양시만안구,가정,"경기도 안양시 만안구 박달로497번길 57 202동 101호(박달동, 한신휴플러스)",13981,031-344-1900,031-471-1909,3,0,4,0,20,N,blog.naver.com/7kmk1004,37.40504468,126.9065196,20250725
해나라어린이집,경기도,안양시만안구,가정,"경기도 안양시 만안구 병목안로 103 202동 107호(안양동, 프라자아파트)",14020,031-442-0080,031-442-0080,3,0,3,0,12,N,,37.39358648,126.9121383,20250725
리틀베베어린이집,경기도,안양시만안구,가정,"경기도 안양시 만안구 연현로79번길 20 111동101호(석수동,두산위브아파트)",13902,031-349-1070,--,3,0,4,0,20,N,,37.43162175,126.9018076,20250725
위즈맘어린이집,경기도,안양시만안구,민간,경기도 안양시 만안구 양화로97번길 10 (박달동),14009,031-442-8467,031-442-8467,5,2,8,11,54,Y,wizmom.com,37.40157376,126.9105093,20250725
서안양우체국꿈나무어린이집,경기도,안양시,직장,경기도 안양시 만안구 안양로 233 서안양우체국,14030,031-441-8745,031-441-8746,5,0,5,0,49,Y,http://www.nearkids.co.kr,37.39374197,126.9250015,20250725
덕천어린이집,경기도,안양시,국공립,경기도 안양시 만안구 덕천로 122-3 ,14085,031-443-8859,031-443-8860,5,1,15,11,69,N,,37.39158144,126.9345818,20250725
키즈웰어린이집,경기도,안양시동안구,민간,경기도 안양시 동안구 흥안대로456번길 62 평촌삼성래미안아파트 단지내,14062,031-425-2929,031-425-2929,3,0,3,10,26,N,,37.39298858,126.9789729,20250725
반딧불이어린이집,경기도,안양시만안구,민간,경기도 안양시 만안구 장내로89번길 35 (안양동),14002,031-442-0346,050-8905-7374,9,1,12,17,96,Y,,37.39665741,126.9171581,20250725
화동어린이집,경기도,안양시만안구,가정,경기도 안양시 만안구 경수대로1219번길 8 경남아너스빌 아파트 관리사무소 내,13961,031-474-3367,031-474-3367,4,0,4,7,20,N,,37.41749479,126.9115203,20250725
동화나라 어린이집,경기도,안양시만안구,민간,경기 안양시 만안구 안양2동 42-14호 ,13958,031-471-6393,031-471-6393,3,0,0,0,23, ,www.cyworld.nate/party6393,,,20250725
신애오르다어린이집,경기도,안양시만안구,민간,경기 안양시 만안구 석수동 289-7 성지빌딩 3층 ,13968,031-472-3478,--,0,0,0,0,47, ,,,,20250725
숲속나라어린이집,경기도,안양시만안구,민간,경기도 안양시 만안구 창박로 15-19 ,14025,031-442-7111,***-***-****,5,1,8,0,67,Y,,37.38450926,126.9049172,20250725
새중앙어린이집,경기도,안양시동안구,민간,경기도 안양시 동안구 귀인로 301 새중앙교회내 새중앙어린이집,14060,031-425-3034,031-425-3011,5,0,13,18,32,N,,37.38905362,126.9719161,20250725
부흥어린이집,경기도,안양시,국공립,경기도 안양시 동안구 달안로 39 부흥사회복지관 내 부흥어린이집,14044,031-385-7441,031-385-7478,4,1,4,11,42,N,http://cafe.daum.net/buheung,37.39528091,126.9475296,20250725
관악어린이집,경기도,안양시동안구,민간,경기도 안양시 동안구 동안로 209 관악성원A 관리동 1층 관악어린이집,14044,031-381-5723,031-381-5723,3,4,4,10,34,N,,37.39578907,126.9467161,20250725
안양동안경찰서어린이집,경기도,안양시,직장,경기도 안양시 동안구 동안로159번길 43 ,14048,031-386-0810,031-386-0812,7,1,31,23,100,N,https://www.puruni.com/aydapol,37.39160477,126.9487765,20250725
평촌어바인퍼스트호원어린이집,경기도,안양시,국공립,경기도 안양시 동안구 경수대로 583 평촌어바인퍼스트아파트 2단지,14114,031-429-8098,031-455-8098,5,1,12,15,77,N,,37.37452436,126.9562565,20250725
평촌래미안푸르지오 가온어린이집,경기도,안양시,국공립,경기도 안양시 동안구 경수대로884번길 12 평촌래미안푸르지오 아파트,13954,031-388-2340,031-388-2350,5,2,10,16,76,N,,37.39701338,126.9397013,20250725
꿈꾸는 나무 어린이집,경기도,안양시동안구,가정,"경기도 안양시 동안구 학의로 168 504동 106호(관양동, 공작마을럭키5단지아파트)",14050,031-340-9300,--,3,6,3,0,11,N,,37.40060897,126.9576111,20250725
꼬마쑥쑥어린이집,경기도,안양시동안구,가정,경기 안양시 동안구 관양2동 삼성아파트 110동102호 ,13943,031-422-1608,--,0,0,0,0,19, ,,,,20250725
샬롬어린이집,경기도,안양시동안구,가정,"경기도 안양시 동안구 학의로 390 111동 101호(평촌동, 인덕원푸른마을대우아파트)",14061,031-424-0367,--,3,0,4,7,20,N,*****************,37.39482883,126.9791106,20250725
부영어린이집,경기도,안양시동안구,가정,경기도 안양시 동안구 관평로212번길 21 공작부영아파트 306동103호 (전용) (관양동),14051,031-396-8669,031-396-8669,3,0,4,8,16,N,*****************,37.39749843,126.9592376,20250725
샛별꼬마숲어린이집,경기도,안양시동안구,가정,"경기도 안양시 동안구 달안로 78 606동 103호(비산동, 샛별마을한양4차6단지아파트)",14046,031-341-0191,031-341-0191,2,2,3,0,13,N,htt://www.littleforest.co.kr/home/hanyang,37.3983082,126.9504395,20250725
임광푸른어린이집,경기도,안양시동안구,가정,경기 안양시 동안구 호계2동 호계임광그대가3차아파트301동110호 ,14078,031-456-2446,--,0,0,0,0,16, ,*******************,,,20250725
별나라어린이집,경기도,안양시동안구,민간,경기도 안양시 동안구 관평로336번길 35 (관양동),13931,031-382-2763,--,4,1,4,0,45,Y,다음카페 별나라어린이세상,37.40508485,126.9591812,20250725
샘물어린이집,경기도,안양시동안구,민간,경기도 안양시 동안구 관악대로373번길 5 (관양동),13938,031-423-8883,031-423-4305,5,2,5,0,68,Y,,37.40489459,126.9641932,20250725
브엘세바어린이집,경기도,안양시,협동,"경기도 안양시 동안구 동안로 252 101동 101호(비산동,대주파크빌)",13919,031-381-9423,031-381-9423,3,0,0,0,19,N,,37.39969447,126.9453253,20250725
사랑채움어린이집,경기도,안양시동안구,가정,경기도 안양시 동안구 경수대로609번길 26 HHI브라운빌3차아파트 201동108호 (호계동),14114,031-429-0102,031-427-0878,4,0,4,0,17,N,,37.37628127,126.9536359,20250725
한가람굿맘어린이집,경기도,안양시동안구,가정,"경기도 안양시 동안구 달안로 124 403동 106호(관양동, 한가람신라4단지아파트)",14052,031-384-7326,031-382-0427,3,0,0,0,13,N,,37.39696958,126.9567918,20250725
세영어린이집,경기도,안양시동안구,민간,경기도 안양시 동안구 관악대로275번길 51 (비산동),13935,031-388-9720,--,6,1,7,7,61,N,,37.40494788,126.9530566,20250725
휴먼시아 어린이집,경기도,안양시동안구,민간,경기도 안양시 동안구 임곡로 16 임곡휴먼시아 아파트 관리소내,13924,031-466-5004,031-466-5070,4,0,4,11,26,N,anyanghumansia 다음,37.40146962,126.9302877,20250725
송원아이어린이집,경기도,안양시만안구,민간,경기도 안양시 만안구 박달로472번길 57 (박달동),14016,031-444-6016,031-448-6017,4,0,5,0,27,Y,http://songwon.kidswon.com/,37.40121847,126.9032679,20250725
또래끼리어린이집,경기도,안양시,가정,경기 성남시 수정구 단대동 53-7 ,13139,070-8264-3781,031-733-3781,3,0,0,0,12, ,,,,20250725
칭구칭구어린이집,경기도,안양시동안구,가정,"경기도 안양시 동안구 달안로 124 407동 105호(관양동, 한가람신라4단지아파트)",14052,031-381-4703,031-381-4703,3,0,4,0,13,N,,37.39696958,126.9567918,20250725
모아 어린이집,경기도,안양시동안구,가정,"경기도 안양시 동안구 관양로 157 가동 102호 (관양동, 원주아파트)",13946,031-422-2644,--,4,0,0,0,13,N,,37.40364929,126.9632638,20250725
키즈드림 어린이집,경기도,안양시동안구,가정,경기도 안양시 동안구 귀인로 193 203동 102호(향촌현대4차아파트),14071,031-386-1715,--,4,0,4,8,20,N,,37.38655409,126.9592137,20250725
도토리어린이집,경기도,안양시동안구,민간,경기도 안양시 동안구 임곡로 70 관리동,13916,070-4667-2334,031-624-3661,5,1,7,9,33,N,,37.40564022,126.9346428,20250725
꿈이랑어린이집,경기도,안양시동안구,민간,경기도 안양시 동안구 경수대로596번길 62-12 관리동,14109,070-8777-1226,0504-324-5460,4,1,4,7,25,N,ji75won,37.37647173,126.9595127,20250725
현대동화나라어린이집,경기도,안양시동안구,가정,"경기도 안양시 동안구 귀인로 209 102동 101호(평촌동, 향촌현대1단지아파트)",14071,031-384-2839,--,3,0,4,0,20,N,,37.38695307,126.9621827,20250725
세경예아랑어린이집,경기도,안양시동안구,가정,"경기도 안양시 동안구 달안로 110 501동 106호(관양동, 한가람세경5단지아파트)",14052,031-385-5559,070-4325-5559,3,0,3,4,14,N,,37.39626578,126.9547438,20250725
고운어린이집,경기도,안양시동안구,가정,"경기도 안양시 동안구 경수대로797번길 12 201동 104 (호계동, 한마음2차 임광아파트 )",14040,031-427-1000,031-427-1000,4,0,4,8,20,N,,37.39092485,126.9445536,20250725
에코어린이집,경기도,안양시동안구,가정,"경기도 안양시 동안구 평촌대로179번길 30 507동 105호(호계동, 목련마을우성5단지아파트)",14075,031-342-4351,--,2,0,0,0,9,N,,37.38924669,126.9553743,20250725
초록나무어린이집,경기도,안양시동안구,가정,"경기도 안양시 동안구 귀인로79번길 52 102동 103호(호계동, 효성아파트)",14077,031-429-8881,031-429-8881,4,0,4,0,19,N,,37.38474031,126.9481376,20250725
하늘별어린이집,경기도,안양시만안구,민간,경기도 안양시 만안구 양화로148번길 36 경기도 안양시 만안구 양화로 148번길 36(박달동),13986,031-441-3227,031-441-3228,4,0,5,0,39,N,,37.40626533,126.9104855,20250725
나이팅게일어린이집,경기도,안양시만안구,가정,"경기도 안양시 만안구 박달로498번길 28 109동 106호 (박달동, 우성)",14008,031-443-7999,031-443-7999,3,0,4,10,19,Y,,37.40055662,126.9079862,20250725
좋은친구어린이집,경기도,안양시만안구,가정,"경기도 안양시 만안구 경수대로 1193 108동 104호(석수동, 석수대림)",13961,031-473-3100,031-473-3100,3,0,4,5,20,N,,37.41487518,126.9140412,20250725
수선화어린이집,경기도,안양시만안구,가정,"경기도 안양시 만안구 안양천서로 311 116동 101호(안양동, 삼성래미안아파트)",13994,031-464-0099,070-4131-0099,3,0,4,6,18,N,http:// cafe.naver.com/petitchild,37.40221652,126.9241214,20250725
햇빛아이어린이집,경기도,안양시만안구,가정,"경기도 안양시 만안구 병목안로 81 101동 103호(안양동, 성원1차아파트)",14021,031-446-9770,--,3,0,4,0,19,N,,37.39450995,126.9142831,20250725
아이샘 어린이집,경기도,안양시만안구,가정,"경기도 안양시 만안구 삼봉로 61 102동 102호(박달동, 금호타운아파트)",14017,031-444-1906,031-444-1906,4,0,4,0,20,Y,,37.39918458,126.9014013,20250725
참나래어린이집,경기도,안양시만안구,가정,"경기도 안양시 만안구 박달로 344 102동 105호(박달동, 대림한숲타운)",14014,031-347-3261,031-341-3262,4,0,4,5,20,N,http://cafe.daum.net/ckaskfo,37.40411192,126.8926514,20250725
태영뜰어린이집,경기도,안양시동안구,가정,"경기도 안양시 동안구 경수대로610번길 37 603동 106호(호계동, 무궁화마을태영6단지아파트)",14108,031-347-8290,0--,3,0,4,7,20,N,,37.37806644,126.9574297,20250725
강낭콩어린이집,경기도,안양시동안구,가정,"경기도 안양시 동안구 동안로 98 206동 108호(호계동, 목련마을대우선경2단지아파트)",14075,031-346-6161,031-346-6161,3,0,3,0,13,N,******************,37.38779604,126.9514104,20250725
아이꿈 어린이집,경기도,안양시동안구,가정,"경기도 안양시 동안구 시민대로159번길 59 102동 101호(비산동, 은하수마을청구1단지아파트)",14045,031-386-1236,--,3,0,4,7,20,N,,37.39162517,126.9461984,20250725
한별어린이집,경기도,안양시동안구,가정,"경기도 안양시 동안구 달안로 73 303동 103호(비산동, 샛별마을한양4차3단지아파트)",14043,031-384-0819,031-384-0819,4,1,4,10,18,N,,37.39637,126.951035,20250725
대림베이비어린이집,경기도,안양시동안구,가정,"경기도 안양시 동안구 경수대로 430 112동 102호(호계동, 호계대림E편한세상아파트)",14126,031-427-2336,--,4,0,4,11,20,N,,37.36339894,126.9628272,20250725
바움어린이집,경기도,안양시동안구,가정,"경기도 안양시 동안구 달안로 40 302동 102호(비산동, 은하수마을신성3단지아파트)",14045,031-386-0683,--,4,0,4,6,20,N,,37.39426459,126.9477414,20250725
하누리 어린이집,경기도,안양시만안구,가정,"경기도 안양시 만안구 안양천서로 289 109동 101호(안양동, 주공뜨란채아파트)",13994,070-7523-5572,--,3,0,4,0,19,N,,37.40029087,126.9257968,20250725
홈타운어린이집,경기도,안양시만안구,가정,"경기도 안양시 만안구 경수대로1244번길 48 101동 101호(석수동, 관악산현대홈타운)",13913,031-472-9618,031-472-9616,3,0,4,0,19,N,,37.4207429,126.9120879,20250725
나무그리고어린이집,경기도,안양시동안구,가정,"경기도 안양시 동안구 달안로 75 301동 106호(비산동, 샛별마을한양4차3단지아파트)",14043,031-341-3365,031-341-3365,3,1,2,0,10,N,,37.396713,126.950874,20250725
이든아이어린이집,경기도,안양시동안구,가정,"경기도 안양시 동안구 평촌대로211번길 21 309동 102호(호계동, 목련마을우성3단지아파트)",14075,031-382-7981,--,2,0,4,10,15,N,http://cafe.daum.net/kkum7981,37.38924669,126.9553743,20250725
아이랜드어린이집,경기도,안양시동안구,가정,"경기도 안양시 동안구 경수대로623번길 60 102동 102호(호계동, 흥화브라운빌)",14113,031-429-7089,--,4,1,4,7,19,N,,37.37636638,126.9527664,20250725
야호어린이집,경기도,안양시동안구,가정,"경기도 안양시 동안구 임곡로80번길 33 116동 101호(비산동, 더포레스트힐)",13916,031-466-3433,--,3,0,3,2,12,N,,37.40601137,126.9329272,20250725
아이캐슬어린이집,경기도,안양시동안구,가정,"경기도 안양시 동안구 관악대로106번길 72 116동 102호(롯데캐슬, 비산2동)",13954,031-386-6008,--,3,0,4,8,20,N,,37.39809089,126.9392355,20250725
빛나라어린이집,경기도,안양시만안구,가정,경기도 안양시 만안구 병목안로 103 206동 109호,14020,031-442-0060,031-442-0060,4,0,4,0,19,N,,37.3936411,126.9128951,20250725
유란어린이집,경기도,안양시만안구,가정,"경기도 안양시 만안구 안양로170번길 50 101호(안양6동, 시대맨션)",14033,031-465-5914,--,4,1,4,0,15,Y,,37.39035976,126.9320057,20250725
유앤아이푸르미어린이집,경기도,안양시만안구,가정,"경기도 안양시 만안구 박달로 403 105동 101호(박달2동, 한일아파트)",13978,031-341-1522,--,4,0,4,0,17,N,,37.40263126,126.8972443,20250725
티니천재어린이집,경기도,안양시만안구,가정,"경기도 안양시 만안구 안양로455번길 39 104호(석수동, 동신벨로스)",13970,031-473-6475,031-473-6475,4,0,4,2,16,N,http://blog.naver.com/tiny104,37.40916855,126.9097232,20250725
예빛어린이집,경기도,안양시만안구,민간,경기 안양시 만안구 석수2동 274-57 ,13964,031-472-4822,031-472-4827,3,0,0,0,25,N,,37.41539628,126.9096388,20250725
다솜어린이집,경기도,안양시만안구,가정,경기도 안양시 만안구 박달로 344 대림한숲타운내 관리동 1층,14014,031-464-2240,031-464-2241,4,1,4,0,20,N,,37.40411192,126.8926514,20250725
평촌다하어린이집,경기도,안양시동안구,민간,경기도 안양시 동안구 흥안대로 450-14 ,14062,031-425-2088,070-8281-1380,4,1,5,0,54,N,******************,37.39381849,126.9760592,20250725
하늘샘어린이집,경기도,안양시만안구,가정,경기도 안양시 만안구 연현로79번길 105 LG빌리지 아파트 관리동2층,13903,031-472-4266,--,3,0,6,3,20,N,,37.42790477,126.9024917,20250725
영화삐아제어린이집,경기도,안양시만안구,민간,경기도 안양시 만안구 석천로 173 (석수동),13968,031-472-4500,--,4,0,0,0,29,Y,,37.41227041,126.9080929,20250725
꼬마사랑어린이집,경기도,안양시만안구,가정,"경기도 안양시 만안구 연현로79번길 56 407동 102호(석수동, 석수LG빌리지아파트)",13903,031-471-7202,--,3,0,4,0,18,N,,37.429848,126.901024,20250725
한사랑어린이집,경기도,안양시만안구,가정,"경기도 안양시 만안구 박달로507번길 57 301동 102호(박달동, 한신휴플러스타운3차아파트)",13980,031-443-5003,031-468-5406,3,0,4,5,19,Y,,37.40455341,126.9074674,20250725
낮은울타리어린이집,경기도,안양시동안구,민간,경기도 안양시 동안구 인덕원로23번길 5 (관양동),13950,031-424-5864,--,3,0,7,0,22,N,,37.40146391,126.9737641,20250725
상떼빌어린이집,경기도,안양시만안구,가정,경기도 안양시 만안구 삼덕로63번길 32 성원상떼빌아파트 607동102호 18/6 (안양동),14027,031-464-0003,031-464-0003,4,0,4,7,19,Y,,37.39279304,126.9178766,20250725
우성솔향어린이집,경기도,안양시만안구,가정,"경기도 안양시 만안구 박달로 498 106동 101호(박달동, 우성)",14008,031-445-0105,031-445-0105,3,0,0,0,19,Y,,37.40055662,126.9079862,20250725
푸른숲어린이집,경기도,안양시만안구,가정,"경기도 안양시 만안구 경수대로 1241 104동 105호(석수동, 경남아너스빌)",13961,031-473-4332,--,3,0,0,0,20,N,,37.41749479,126.9115203,20250725
수정어린이집,경기도,안양시만안구,가정,"경기도 안양시 만안구 안양로13번길 11 103동 103호(안양동, 삼호수정아파트)",14096,031-464-2229,031-464-2229,4,0,4,0,14,N,,37.37708323,126.939677,20250725
아이린 어린이집,경기도,안양시만안구,가정,"경기도 안양시 만안구 병목안로110번길 12 101동 103호(안양동, 율목주공아파트)",14012,031-468-7959,031-468-7959,3,0,4,0,19,N,cafe.daum.net/yang9291,37.39329047,126.9089086,20250725
벽산사랑숲어린이집,경기도,안양시만안구,가정,"경기도 안양시 만안구 장내로120번길 11 1동 107호(안양4동, 벽산아파트)",13997,031-443-0101,--,4,0,4,0,19,N,,37.39605544,126.9225412,20250725
꼬망쎄어린이집,경기도,안양시만안구,가정,경기도 안양시 만안구 와룡로 14 (1층),13974,031-473-3366,031-473-3366,3,0,5,6,17,N,,37.40558759,126.8983878,20250725
초롱어린이집,경기도,안양시만안구,가정,"경기도 안양시 만안구 장내로 76 502동 102호(안양4동, 수리산성원상떼빌1차아파트)",14027,031-466-7780,--,4,0,4,0,20,N,,37.39454891,126.9172712,20250725
아해랑어린이집,경기도,안양시만안구,가정,경기도 안양시 만안구 오리로34번길 70 ,13976,070-4159-3624,070-8111-3623,5,0,4,0,20,Y,,37.40964533,126.8832556,20250725
덕천래미안어린이집,경기도,안양시만안구,민간,경기도 안양시 만안구 안양천서로 177 래미안안양메가트리아 관리동,14038,031-441-6300,--,4,1,10,12,61,N,,37.3943814,126.9336306,20250725
푸른꿈어린이집,경기도,안양시만안구,가정,"경기도 안양시 만안구 안양천서로 177 110동 104호(안양동,래미안안양메가트리아)",14038,031-441-4321,031-465-3002,4,0,4,7,20,N,,37.39384026,126.9326938,20250725
성심어린이집,경기도,안양시만안구,가정,"경기도 안양시 만안구 안양천서로 177 214동 102호(안양동,래미안안양메가트리아)",14038,031-451-1400,031-456-8787,4,0,4,7,20,N,,37.39276765,126.9340005,20250725
큰나래어린이집,경기도,안양시동안구,민간,"경기도 안양시 동안구 관악대로 133 131동 1층(비산동, 삼성래미안)",13922,031-468-3285,--,6,2,7,16,62,N,,37.39939597,126.9386512,20250725
점프어린이집,경기도,안양시만안구,민간,경기도 안양시 만안구 덕천로128번길 8 2층 점프어린이집,14085,031-447-0659,--,5,0,5,6,32,N,,37.39157967,126.9348856,20250725
새롬친구어린이집,경기도,안양시동안구,가정,"경기도 안양시 동안구 안양판교로 42 102동 106호(관양동, 인덕원마을삼성아파트)",13943,031-421-3200,--,4,2,4,0,20,N,,37.39874836,126.9793686,20250725
라이프어린이집,경기도,안양시동안구,가정,"경기도 안양시 동안구 귀인로 258 101동 107호(평촌동, 꿈마을라이프1단지아파트)",14102,031-383-6870,031-383-6870,4,2,6,7,20,N,,37.38663103,126.9679068,20250725
아이랑어린이집,경기도,안양시동안구,가정,"경기도 안양시 동안구 달안로 61 104동 107호(비산동, 샛별마을한양4차1단지아파트)",14043,031-341-8797,031-341-8797,2,2,2,0,9,N,,37.396515,126.94896,20250725
호산어린이집,경기도,안양시동안구,가정,"경기도 안양시 동안구 경수대로721번길 44-28 101동 106호(호계동,호산아파트)",14077,031-442-1264,031-341-7200,3,0,4,0,19,N,cafe.daum.net.hosannursery,37.40093101,126.9384093,20250725
사과나무 어린이집,경기도,안양시동안구,가정,경기도 안양시 동안구 관악대로106번길 29 롯데낙천대아파트 110동102호 (비산동),13954,031-386-0908,031-386-0908,4,0,4,6,20,N,,37.39832099,126.9389498,20250725
별누리 어린이집,경기도,안양시만안구,가정,"경기도 안양시 만안구 소곡로 162 101동 105호(안양동, 수리산PARKONE)",14090,031-466-2006,031-466-2006,3,0,0,0,19,Y,********************,37.38875235,126.9234647,20250725
완두콩 어린이집,경기도,안양시만안구,가정,"경기도 안양시 만안구 경수대로1290번길 15 101동 102호(석수동, 관악이안)",13908,031-474-2251,031-474-2250,3,0,4,0,19,N,*******************,37.42294462,126.9082272,20250725
초록별어린이집,경기도,안양시만안구,가정,"경기도 안양시 만안구 연현로 29 103동 103호(석수동, 안양석수하우스토리아파트)",13903,031-472-7008,031-472-7008,4,0,4,0,20,N,,37.42556824,126.9023868,20250725
샤론자연어린이집,경기도,안양시만안구,민간,경기도 안양시 만안구 창박로 15-15 (안양동),14025,031-444-7144,031-444-7144,8,1,9,0,71,Y,,37.38463926,126.9051055,20250725
아이윌어린이집,경기도,안양시만안구,민간,경기도 안양시 만안구 석수로212번길 30 ,13971,031-442-1104,031-624-5115,6,0,11,4,40,Y,,37.40876358,126.8952434,20250725
리틀홍익어린이집,경기도,안양시만안구,가정,"경기도 안양시 만안구 경수대로 1193 116동102호(석수동,석수대림)",13961,031-347-4166,031-347-4166,3,0,4,0,19,N,,37.41550363,126.9133664,20250725
우성어린이집,경기도,안양시동안구,가정,"경기도 안양시 동안구 평촌대로179번길 30 502동 107호(호계동, 목련마을우성5단지아파트)",14075,031-388-4002,--,2,0,0,0,9,N,,37.38924669,126.9553743,20250725
베베랑어린이집,경기도,안양시동안구,가정,"경기도 안양시 동안구 흥안대로81번길 64 라동 102호 (호계동,금수연립)",,031-454-8487,031-454-8989,2,0,0,0,12,Y,,37.37221631,126.9541157,20250725
다니엘키즈어린이집,경기도,안양시동안구,가정,"경기도 안양시 동안구 학의로 44 203동 104호(비산동, 관악부영4차아파트)",14044,031-342-5044,031-388-5044,4,0,4,7,20,Y,http:/cafe.naver.com/1004 danier,37.39658212,126.9453147,20250725
꿈누리어린이집,경기도,안양시동안구,가정,경기도 안양시 동안구 경수대로707번길 42 마젤란21아파트 101-106(전용) (호계동),14077,031-477-3006,031-477-3004,3,0,4,8,19,N,,37.38439096,126.9492819,20250725
샘마을어린이집,경기도,안양시동안구,가정,"경기도 안양시 동안구 흥안대로223번길 16 201동 105호(호계동, 샘마을아파트)",14106,031-427-6936,--,4,1,5,8,20,N,,37.37574068,126.9671995,20250725
리나어린이집,경기도,안양시동안구,가정,"경기도 안양시 동안구 평촌대로253번길 18 617동 105호(비산동, 샛별마을한양4차6단지아파트)",14046,031-384-6134,031-384-6134,2,0,3,0,9,N,*********************,37.39459,126.952324,20250725
사랑이가득한어린이집,경기도,안양시동안구,가정,"경기도 안양시 동안구 귀인로172번길 22 305동 105호(호계동, 무궁화마을경남3단지아파트)",14099,031-382-5482,--,4,0,0,0,13,N,,37.38360764,126.957904,20250725
베이비예영어린이집,경기도,안양시동안구,가정,"경기도 안양시 동안구  관악대로 133 116동 101호(비산동, 삼성래미안)",13922,031-345-9696,031-345-9696,4,0,4,10,20,N,,37.39918332,126.9367943,20250725
반짝아이어린이집,경기도,안양시만안구,가정,"경기도 안양시 만안구 예술공원로 59 101동 106호(안양동, 삼성아파트)",13957,031-472-2357,031-472-2357,3,0,4,2,20,Y,,37.41307513,126.9156537,20250725
밝은세상어린이집,경기도,안양시만안구,가정,경기도 안양시 만안구 예술공원로 59 101동 101호,13957,031-471-9355,031-472-9355,4,0,4,0,19,N,,37.41350966,126.9170241,20250725
해피베이비어린이집,경기도,안양시만안구,가정,경기도 안양시 만안구 석수로26번길 20 101호,13970,031-472-6752,--,4,0,0,0,18,N,,37.40975544,126.9089996,20250725
아이꿈터어린이집,경기도,안양시동안구,가정,"경기도 안양시 동안구 흥안대로434번길 24 203동 104호(평촌동, 인덕원대림2차아파트)",14063,031-342-4422,--,3,0,0,0,19,N,,37.39148199,126.9769911,20250725
예솔아이어린이집,경기도,안양시동안구,가정,"경기도 안양시 동안구 관평로138번길 63 705동 105호(평촌동, 초원마을부영7단지아파트)",14068,031-347-9561,031-387-0190,3,0,4,0,13,N,,37.39186204,126.9648548,20250725
새솔어린이집,경기도,안양시동안구,가정,"경기도 안양시 동안구 달안로 124 405동 102호(관양동, 한가람신라4단지아파트)",14052,031-386-9887,031-386-9887,3,0,4,6,14,N,,37.39696958,126.9567918,20250725
샛별꾸러기어린이집,경기도,안양시동안구,가정,경기 안양시 동안구 달안동 샛별한양아파트 303동 101호 ,14043,031-385-1935,--,3,1,0,0,20, ,,,,20250725
반디어린이집,경기도,안양시동안구,가정,"경기도 안양시 동안구 경수대로 793 105동 102호(호계동, 한마음임광1차아파트)",14040,031-427-2215,--,3,0,0,0,13,N,*********************,37.39110867,126.9439549,20250725
돌고래어린이집,경기도,안양시,직장,경기도 안양시 동안구 관평로212번길 57 (관양동),14051,031-388-0525,031-388-0523,4,0,0,0,49,N,,37.39769375,126.961366,20250725
동안양어린이집,경기도,안양시,법인·단체등,경기 안양시 동안구 비산3동 1047-7 ,13935,031-388-3949,031-388-3949,4,0,0,0,43, ,,,,20250725
달안어린이집,경기도,안양시,국공립,경기도 안양시 동안구 동안로 178 달안어린이집,14046,031-425-2644,031-425-2645,3,0,8,11,45,N,,37.39460574,126.950089,20250725
IBK 참!좋은어린이집,경기도,안양시,직장,경기도 안양시 동안구 시민대로 290 기업은행 3층,14066,031-381-6634,031-381-6636,4,3,19,14,55,N,,37.39476714,126.9626193,20250725
하나래어린이집,경기도,안양시,국공립,경기도 안양시 동안구 동편로 80 ,13928,031-421-1047,031-422-1047,5,1,12,15,60,N,http://cafe.daum.net./hanarelove,37.41044409,126.9728268,20250725
호계꿈어린이집,경기도,안양시,국공립,경기도 안양시 동안구 경수대로 504 ,14123,031-427-3171,031-427-3172,5,1,10,15,80,N,,37.36768288,126.9587904,20250725
대궁어린이집,경기도,안양시,국공립,경기도 안양시 동안구 시민대로327번길 11-41 ,14055,031-425-1737,031-425-1731,7,1,10,16,88,N,,37.39848513,126.9638376,20250725
이오랑어린이집,경기도,안양시,직장,경기도 안양시 동안구 동편로 110 동편마을 319동101호,13928,031-337-9555,031-422-2442,3,0,8,5,20,N,,37.41341503,126.9720934,20250725
까꿍어린이집,경기도,안양시만안구,가정,"경기도 안양시 만안구 박달로498번길 28 102동 105호(박달동, 우성)",14008,031-468-4489,0504-219-3731,4,1,4,2,20,N,,37.40224242,126.9075633,20250725
산들애어린이집,경기도,안양시만안구,가정,"경기도 안양시 만안구 예술공원로103번길 68 101호(석수1동, 산들에빌)",13912,031-471-9993,--,4,0,4,0,17,Y,,37.42014144,126.9174956,20250725
아이큰햇빛어린이집,경기도,안양시만안구,민간,경기도 안양시 만안구 양화로28번길 33-10 (안양동),14007,031-447-0107,0504-024-2513,12,2,16,0,122,Y,,37.3978991,126.9150675,20250725